fault,run_id,occupancy_ratio,pair_entropy,mean_run_length,dominant_pair,dominant_pair_frequency,unique_pair_count
F01,1,0.5714285714285714,1.1537419427010902,1.75,XMEAS7-XMEAS11,0.5714285714285714,4
F01,2,0.42857142857142855,1.2770342594661392,1.4,XMEAS7-XMEAS11,0.42857142857142855,4
F01,3,0.2857142857142857,1.351783994289646,1.75,XMEAS7-XMEAS11,0.2857142857142857,4
F01,4,0.5714285714285714,1.1537419427010902,1.75,XMEAS7-XMEAS11,0.5714285714285714,4
F01,5,0.42857142857142855,1.475076311054695,1.4,XMEAS7-XMEAS11,0.42857142857142855,5
F01,6,0.42857142857142855,1.2770342594661392,1.1666666666666667,XMEAS10-XMEAS11,0.42857142857142855,4
F01,7,0.2857142857142857,1.549826045878202,1.4,XMEAS7-XMEAS11,0.2857142857142857,5
F01,8,0.5714285714285714,1.1537419427010902,1.75,XMEAS7-XMEAS11,0.5714285714285714,4
F01,9,0.42857142857142855,1.475076311054695,1.4,XMEAS7-XMEAS11,0.42857142857142855,5
F01,10,0.2857142857142857,1.351783994289646,1.4,XMEAS7-XMEAS11,0.2857142857142857,4
F01,11,0.2857142857142857,1.351783994289646,1.4,XMEAS7-XMEAS11,0.2857142857142857,4
F01,12,0.42857142857142855,1.0042424730540764,1.75,XMEAS7-XMEAS11,0.42857142857142855,3
F01,13,0.42857142857142855,1.2770342594661392,1.75,XMEAS7-XMEAS11,0.42857142857142855,4
F01,14,0.2857142857142857,1.351783994289646,1.1666666666666667,XMEAS7-XMEAS11,0.2857142857142857,4
F01,15,0.2857142857142857,1.5498260458782016,1.1666666666666667,XMEAS7-XMEAS11,0.2857142857142857,5
F01,16,0.42857142857142855,1.2770342594661392,1.4,XMEAS10-XMEAS11,0.42857142857142855,4
F01,17,0.42857142857142855,1.475076311054695,1.4,XMEAS7-XMEAS11,0.42857142857142855,5
F01,18,0.2857142857142857,1.5498260458782018,1.4,XMEAS7-XMEAS11,0.2857142857142857,5
F01,19,0.7142857142857143,0.5982695885852573,3.5,XMEAS7-XMEAS11,0.7142857142857143,2
F01,20,0.5714285714285714,0.9556998911125343,1.4,XMEAS7-XMEAS11,0.5714285714285714,3
F01,21,0.2857142857142857,1.7478680974667578,1.1666666666666667,XMEAS7-XMEAS11,0.2857142857142857,6
F01,22,0.2857142857142857,1.549826045878202,1.4,XMEAS7-XMEAS11,0.2857142857142857,5
F01,23,0.2857142857142857,1.549826045878202,1.1666666666666667,XMEAS7-XMEAS11,0.2857142857142857,5
F01,24,0.5714285714285714,1.1537419427010902,1.4,XMEAS7-XMEAS11,0.5714285714285714,4
F01,25,0.2857142857142857,1.5498260458782018,1.4,XMEAS7-XMEAS11,0.2857142857142857,5
F01,26,0.42857142857142855,1.277034259466139,1.4,XMEAS7-XMEAS11,0.42857142857142855,4
F01,27,0.42857142857142855,1.277034259466139,1.75,XMEAS8-XMEAS9,0.42857142857142855,4
F01,28,0.2857142857142857,1.5498260458782016,1.4,XMEAS7-XMEAS11,0.2857142857142857,5
F01,29,0.2857142857142857,1.351783994289646,1.75,XMEAS7-XMEAS11,0.2857142857142857,4
F01,30,0.42857142857142855,1.475076311054695,1.1666666666666667,XMEAS7-XMEAS11,0.42857142857142855,5
F01,31,0.2857142857142857,1.549826045878202,1.1666666666666667,XMEAS7-XMEAS11,0.2857142857142857,5
F01,32,0.2857142857142857,1.7478680974667578,1.1666666666666667,XMEAS7-XMEAS11,0.2857142857142857,6
F01,33,0.42857142857142855,1.2770342594661392,1.1666666666666667,XMEAS7-XMEAS11,0.42857142857142855,4
F01,34,0.42857142857142855,1.2770342594661392,1.4,XMEAS7-XMEAS11,0.42857142857142855,4
F01,35,0.5714285714285714,1.1537419427010902,1.75,XMEAS7-XMEAS11,0.5714285714285714,4
F01,36,0.42857142857142855,1.2770342594661392,1.4,XMEAS8-XMEAS9,0.42857142857142855,4
F01,37,0.2857142857142857,1.549826045878202,1.1666666666666667,XMEAS7-XMEAS11,0.2857142857142857,5
F01,38,0.5714285714285714,1.1537419427010902,1.75,XMEAS7-XMEAS11,0.5714285714285714,4
F01,39,0.2857142857142857,1.549826045878202,1.1666666666666667,XMEAS7-XMEAS11,0.2857142857142857,5
F01,40,0.2857142857142857,1.549826045878202,1.4,XMEAS7-XMEAS11,0.2857142857142857,5
F01,41,0.2857142857142857,1.7478680974667578,1.1666666666666667,XMEAS7-XMEAS11,0.2857142857142857,6
F01,42,0.42857142857142855,1.0789922078775833,1.4,XMEAS10-XMEAS11,0.42857142857142855,3
F01,43,0.5714285714285714,0.9556998911125343,2.3333333333333335,XMEAS7-XMEAS11,0.5714285714285714,3
F01,44,0.2857142857142857,1.549826045878202,1.4,XMEAS7-XMEAS11,0.2857142857142857,5
F01,45,0.2857142857142857,1.351783994289646,1.1666666666666667,XMEAS7-XMEAS11,0.2857142857142857,4
F01,46,0.42857142857142855,1.2770342594661392,1.75,XMEAS7-XMEAS11,0.42857142857142855,4
F01,47,0.42857142857142855,1.475076311054695,1.4,XMEAS7-XMEAS11,0.42857142857142855,5
F01,48,0.42857142857142855,1.2770342594661392,1.75,XMEAS7-XMEAS11,0.42857142857142855,4
F01,49,0.2857142857142857,1.7478680974667578,1.1666666666666667,XMEAS7-XMEAS11,0.2857142857142857,6
F01,50,0.42857142857142855,1.2770342594661392,1.4,XMEAS7-XMEAS11,0.42857142857142855,4
F01,51,0.42857142857142855,1.475076311054695,1.4,XMEAS7-XMEAS11,0.42857142857142855,5
F01,52,0.2857142857142857,1.5498260458782016,1.4,XMEAS7-XMEAS11,0.2857142857142857,5
F01,53,0.42857142857142855,1.277034259466139,1.1666666666666667,XMEAS7-XMEAS11,0.42857142857142855,4
F01,54,0.5714285714285714,0.9556998911125343,1.75,XMEAS7-XMEAS11,0.5714285714285714,3
F01,55,0.2857142857142857,1.351783994289646,1.4,XMEAS7-XMEAS11,0.2857142857142857,4
F01,56,0.2857142857142857,1.549826045878202,1.0,XMEAS8-XMEAS10,0.2857142857142857,5
F01,57,0.5714285714285714,0.9556998911125343,1.75,XMEAS8-XMEAS9,0.5714285714285714,3
F01,58,0.5714285714285714,1.1537419427010902,1.75,XMEAS7-XMEAS11,0.5714285714285714,4
F01,59,0.2857142857142857,1.351783994289646,1.1666666666666667,XMEAS7-XMEAS11,0.2857142857142857,4
F01,60,0.2857142857142857,1.5498260458782016,1.1666666666666667,XMEAS7-XMEAS11,0.2857142857142857,5
F01,61,0.2857142857142857,1.351783994289646,1.75,XMEAS7-XMEAS11,0.2857142857142857,4
F01,62,0.2857142857142857,1.7478680974667578,1.1666666666666667,XMEAS7-XMEAS11,0.2857142857142857,6
F01,63,0.2857142857142857,1.7478680974667578,1.1666666666666667,XMEAS7-XMEAS11,0.2857142857142857,6
F01,64,0.2857142857142857,1.549826045878202,1.1666666666666667,XMEAS7-XMEAS11,0.2857142857142857,5
F01,65,0.2857142857142857,1.549826045878202,1.4,XMEAS7-XMEAS11,0.2857142857142857,5
F01,66,0.5714285714285714,0.9556998911125343,2.3333333333333335,XMEAS7-XMEAS11,0.5714285714285714,3
F01,67,0.42857142857142855,1.2770342594661392,1.75,XMEAS7-XMEAS11,0.42857142857142855,4
F01,68,0.42857142857142855,1.475076311054695,1.1666666666666667,XMEAS7-XMEAS11,0.42857142857142855,5
F01,69,0.2857142857142857,1.5498260458782018,1.0,XMEAS10-XMEAS11,0.2857142857142857,5
F01,70,0.2857142857142857,1.5498260458782016,1.1666666666666667,XMEAS7-XMEAS11,0.2857142857142857,5
F01,71,0.42857142857142855,1.475076311054695,1.4,XMEAS7-XMEAS11,0.42857142857142855,5
F01,72,0.2857142857142857,1.7478680974667578,1.1666666666666667,XMEAS7-XMEAS11,0.2857142857142857,6
F01,73,0.42857142857142855,1.475076311054695,1.4,XMEAS7-XMEAS11,0.42857142857142855,5
F01,74,0.2857142857142857,1.351783994289646,1.1666666666666667,XMEAS7-XMEAS11,0.2857142857142857,4
F01,75,0.42857142857142855,1.475076311054695,1.1666666666666667,XMEAS7-XMEAS11,0.42857142857142855,5
F01,76,0.2857142857142857,1.549826045878202,1.1666666666666667,XMEAS7-XMEAS11,0.2857142857142857,5
F01,77,0.42857142857142855,1.2770342594661392,1.1666666666666667,XMEAS7-XMEAS11,0.42857142857142855,4
F01,78,0.42857142857142855,1.0789922078775833,1.4,XMEAS7-XMEAS11,0.42857142857142855,3
F01,79,0.5714285714285714,1.1537419427010902,1.4,XMEAS7-XMEAS11,0.5714285714285714,4
F01,80,0.5714285714285714,0.9556998911125343,2.3333333333333335,XMEAS7-XMEAS11,0.5714285714285714,3
F01,81,0.5714285714285714,0.9556998911125343,2.3333333333333335,XMEAS7-XMEAS11,0.5714285714285714,3
F01,82,0.42857142857142855,1.2770342594661392,1.75,XMEAS7-XMEAS11,0.42857142857142855,4
F01,83,0.42857142857142855,1.2770342594661392,1.4,XMEAS7-XMEAS11,0.42857142857142855,4
F01,84,0.2857142857142857,1.5498260458782018,1.4,XMEAS7-XMEAS11,0.2857142857142857,5
F01,85,0.2857142857142857,1.7478680974667578,1.1666666666666667,XMEAS7-XMEAS11,0.2857142857142857,6
F01,86,0.2857142857142857,1.549826045878202,1.1666666666666667,XMEAS7-XMEAS11,0.2857142857142857,5
F01,87,0.42857142857142855,1.2770342594661392,1.4,XMEAS7-XMEAS11,0.42857142857142855,4
F01,88,0.5714285714285714,0.9556998911125343,1.4,XMEAS7-XMEAS11,0.5714285714285714,3
F01,89,0.5714285714285714,1.1537419427010902,1.4,XMEAS7-XMEAS11,0.5714285714285714,4
F01,90,0.2857142857142857,1.549826045878202,1.1666666666666667,XMEAS7-XMEAS11,0.2857142857142857,5
F01,91,0.2857142857142857,1.351783994289646,1.75,XMEAS7-XMEAS11,0.2857142857142857,4
F01,92,0.2857142857142857,1.549826045878202,1.4,XMEAS7-XMEAS11,0.2857142857142857,5
F01,93,0.5714285714285714,1.1537419427010902,1.75,XMEAS7-XMEAS11,0.5714285714285714,4
F01,94,0.2857142857142857,1.549826045878202,1.4,XMEAS7-XMEAS11,0.2857142857142857,5
F01,95,0.42857142857142855,1.475076311054695,1.4,XMEAS7-XMEAS11,0.42857142857142855,5
F01,96,0.5714285714285714,1.1537419427010902,1.4,XMEAS7-XMEAS11,0.5714285714285714,4
F01,97,0.42857142857142855,1.277034259466139,1.75,XMEAS7-XMEAS11,0.42857142857142855,4
F01,98,0.42857142857142855,1.475076311054695,1.1666666666666667,XMEAS7-XMEAS11,0.42857142857142855,5
F01,99,0.42857142857142855,1.277034259466139,1.75,XMEAS7-XMEAS11,0.42857142857142855,4
F01,100,0.42857142857142855,1.2770342594661392,1.4,XMEAS7-XMEAS11,0.42857142857142855,4
F01,101,0.42857142857142855,1.2770342594661392,1.1666666666666667,XMEAS7-XMEAS11,0.42857142857142855,4
F01,102,0.42857142857142855,1.277034259466139,1.0,XMEAS8-XMEAS10,0.42857142857142855,4
F01,103,0.42857142857142855,1.277034259466139,1.75,XMEAS7-XMEAS11,0.42857142857142855,4
F01,104,0.42857142857142855,1.2770342594661392,1.4,XMEAS7-XMEAS11,0.42857142857142855,4
F01,105,0.42857142857142855,1.2770342594661392,1.4,XMEAS8-XMEAS9,0.42857142857142855,4
F01,106,0.42857142857142855,1.2770342594661392,1.75,XMEAS7-XMEAS11,0.42857142857142855,4
F01,107,0.5714285714285714,0.9556998911125343,1.75,XMEAS7-XMEAS11,0.5714285714285714,3
F01,108,0.42857142857142855,1.277034259466139,1.4,XMEAS7-XMEAS11,0.42857142857142855,4
F01,109,0.42857142857142855,1.2770342594661392,1.4,XMEAS7-XMEAS11,0.42857142857142855,4
F01,110,0.2857142857142857,1.549826045878202,1.1666666666666667,XMEAS7-XMEAS11,0.2857142857142857,5
F01,111,0.2857142857142857,1.7478680974667578,1.1666666666666667,XMEAS7-XMEAS11,0.2857142857142857,6
F01,112,0.42857142857142855,1.2770342594661392,1.4,XMEAS7-XMEAS11,0.42857142857142855,4
F01,113,0.2857142857142857,1.7478680974667578,1.1666666666666667,XMEAS7-XMEAS11,0.2857142857142857,6
F01,114,0.2857142857142857,1.5498260458782018,1.4,XMEAS7-XMEAS11,0.2857142857142857,5
F01,115,0.5714285714285714,1.1537419427010902,1.75,XMEAS7-XMEAS11,0.5714285714285714,4
F01,116,0.42857142857142855,1.2770342594661392,1.4,XMEAS7-XMEAS11,0.42857142857142855,4
F01,117,0.42857142857142855,1.2770342594661392,1.4,XMEAS7-XMEAS11,0.42857142857142855,4
F01,118,0.42857142857142855,1.475076311054695,1.4,XMEAS7-XMEAS11,0.42857142857142855,5
F01,119,0.42857142857142855,1.2770342594661392,1.4,XMEAS8-XMEAS10,0.42857142857142855,4
F01,120,0.42857142857142855,1.2770342594661392,1.4,XMEAS7-XMEAS11,0.42857142857142855,4
F01,121,0.2857142857142857,1.7478680974667578,1.0,XMEAS9-XMEAS10,0.2857142857142857,6
F01,122,0.2857142857142857,1.7478680974667578,1.1666666666666667,XMEAS7-XMEAS11,0.2857142857142857,6
F01,123,0.5714285714285714,1.1537419427010902,1.4,XMEAS7-XMEAS11,0.5714285714285714,4
F01,124,0.2857142857142857,1.351783994289646,1.4,XMEAS7-XMEAS11,0.2857142857142857,4
F01,125,0.5714285714285714,1.1537419427010902,1.75,XMEAS7-XMEAS11,0.5714285714285714,4
F01,126,0.5714285714285714,1.1537419427010902,1.75,XMEAS7-XMEAS11,0.5714285714285714,4
F01,127,0.2857142857142857,1.7478680974667578,1.1666666666666667,XMEAS7-XMEAS11,0.2857142857142857,6
F01,128,0.42857142857142855,1.0042424730540764,1.75,XMEAS7-XMEAS11,0.42857142857142855,3
F01,129,0.42857142857142855,1.475076311054695,1.1666666666666667,XMEAS10-XMEAS11,0.42857142857142855,5
F01,130,0.42857142857142855,1.475076311054695,1.4,XMEAS7-XMEAS11,0.42857142857142855,5
F01,131,0.2857142857142857,1.7478680974667578,1.1666666666666667,XMEAS7-XMEAS11,0.2857142857142857,6
F01,132,0.2857142857142857,1.5498260458782016,1.1666666666666667,XMEAS7-XMEAS11,0.2857142857142857,5
F01,133,0.2857142857142857,1.7478680974667578,1.1666666666666667,XMEAS7-XMEAS11,0.2857142857142857,6
F01,134,0.42857142857142855,1.2770342594661392,1.4,XMEAS7-XMEAS11,0.42857142857142855,4
F01,135,0.42857142857142855,1.2770342594661392,1.4,XMEAS7-XMEAS11,0.42857142857142855,4
F01,136,0.2857142857142857,1.549826045878202,1.1666666666666667,XMEAS7-XMEAS11,0.2857142857142857,5
F01,137,0.42857142857142855,1.2770342594661392,1.4,XMEAS7-XMEAS11,0.42857142857142855,4
F01,138,0.42857142857142855,1.475076311054695,1.4,XMEAS7-XMEAS11,0.42857142857142855,5
F01,139,0.2857142857142857,1.351783994289646,1.1666666666666667,XMEAS7-XMEAS11,0.2857142857142857,4
F01,140,0.2857142857142857,1.5498260458782018,1.4,XMEAS7-XMEAS11,0.2857142857142857,5
F01,141,0.2857142857142857,1.7478680974667578,1.1666666666666667,XMEAS7-XMEAS11,0.2857142857142857,6
F01,142,0.42857142857142855,1.475076311054695,1.4,XMEAS7-XMEAS11,0.42857142857142855,5
F01,143,0.2857142857142857,1.549826045878202,1.4,XMEAS7-XMEAS11,0.2857142857142857,5
F01,144,0.42857142857142855,1.2770342594661392,1.75,XMEAS7-XMEAS11,0.42857142857142855,4
F01,145,0.42857142857142855,1.475076311054695,1.1666666666666667,XMEAS7-XMEAS11,0.42857142857142855,5
F01,146,0.42857142857142855,1.2770342594661392,1.1666666666666667,XMEAS7-XMEAS11,0.42857142857142855,4
F01,147,0.42857142857142855,1.277034259466139,1.75,XMEAS9-XMEAS10,0.42857142857142855,4
F01,148,0.42857142857142855,1.2770342594661392,1.4,XMEAS8-XMEAS9,0.42857142857142855,4
F01,149,0.42857142857142855,1.2770342594661392,1.4,XMEAS10-XMEAS11,0.42857142857142855,4
F01,150,0.5714285714285714,0.9556998911125343,1.75,XMEAS7-XMEAS11,0.5714285714285714,3
F01,151,0.2857142857142857,1.549826045878202,1.4,XMEAS7-XMEAS11,0.2857142857142857,5
F01,152,0.42857142857142855,1.2770342594661392,1.1666666666666667,XMEAS7-XMEAS11,0.42857142857142855,4
F01,153,0.2857142857142857,1.549826045878202,1.1666666666666667,XMEAS7-XMEAS11,0.2857142857142857,5
F01,154,0.14285714285714285,1.945910149055314,1.0,XMEAS7-XMEAS11,0.14285714285714285,7
F01,155,0.2857142857142857,1.549826045878202,1.4,XMEAS7-XMEAS11,0.2857142857142857,5
F01,156,0.2857142857142857,1.549826045878202,1.1666666666666667,XMEAS7-XMEAS11,0.2857142857142857,5
F01,157,0.42857142857142855,1.2770342594661392,1.4,XMEAS7-XMEAS11,0.42857142857142855,4
F01,158,0.5714285714285714,1.1537419427010902,1.75,XMEAS7-XMEAS11,0.5714285714285714,4
F01,159,0.2857142857142857,1.5498260458782016,1.1666666666666667,XMEAS7-XMEAS11,0.2857142857142857,5
F01,160,0.42857142857142855,1.2770342594661392,1.75,XMEAS7-XMEAS11,0.42857142857142855,4
F01,161,0.42857142857142855,1.2770342594661392,1.1666666666666667,XMEAS7-XMEAS11,0.42857142857142855,4
F01,162,0.2857142857142857,1.7478680974667578,1.0,XMEAS7-XMEAS11,0.2857142857142857,6
F01,163,0.2857142857142857,1.5498260458782016,1.4,XMEAS7-XMEAS11,0.2857142857142857,5
F01,164,0.5714285714285714,1.1537419427010902,1.75,XMEAS7-XMEAS11,0.5714285714285714,4
F01,165,0.5714285714285714,0.9556998911125343,1.75,XMEAS7-XMEAS11,0.5714285714285714,3
F01,166,0.42857142857142855,1.2770342594661392,1.4,XMEAS7-XMEAS11,0.42857142857142855,4
F01,167,0.5714285714285714,1.1537419427010902,1.4,XMEAS7-XMEAS11,0.5714285714285714,4
F01,168,0.42857142857142855,1.277034259466139,1.4,XMEAS7-XMEAS11,0.42857142857142855,4
F01,169,0.2857142857142857,1.549826045878202,1.1666666666666667,XMEAS7-XMEAS11,0.2857142857142857,5
F01,170,0.2857142857142857,1.549826045878202,1.1666666666666667,XMEAS7-XMEAS11,0.2857142857142857,5
F01,171,0.42857142857142855,1.2770342594661392,1.75,XMEAS7-XMEAS8,0.42857142857142855,4
F01,172,0.42857142857142855,1.277034259466139,1.75,XMEAS7-XMEAS8,0.42857142857142855,4
F01,173,0.42857142857142855,1.277034259466139,1.4,XMEAS7-XMEAS11,0.42857142857142855,4
F01,174,0.42857142857142855,1.2770342594661392,1.4,XMEAS10-XMEAS11,0.42857142857142855,4
F01,175,0.42857142857142855,1.2770342594661392,1.75,XMEAS7-XMEAS11,0.42857142857142855,4
F01,176,0.42857142857142855,1.475076311054695,1.4,XMEAS7-XMEAS11,0.42857142857142855,5
F01,177,0.42857142857142855,1.475076311054695,1.1666666666666667,XMEAS9-XMEAS10,0.42857142857142855,5
F01,178,0.5714285714285714,1.1537419427010902,1.75,XMEAS7-XMEAS11,0.5714285714285714,4
F01,179,0.2857142857142857,1.5498260458782016,1.4,XMEAS7-XMEAS11,0.2857142857142857,5
F01,180,0.2857142857142857,1.351783994289646,1.75,XMEAS7-XMEAS11,0.2857142857142857,4
F01,181,0.2857142857142857,1.549826045878202,1.1666666666666667,XMEAS7-XMEAS11,0.2857142857142857,5
F01,182,0.42857142857142855,1.2770342594661392,1.75,XMEAS7-XMEAS11,0.42857142857142855,4
F01,183,0.2857142857142857,1.7478680974667578,1.1666666666666667,XMEAS8-XMEAS10,0.2857142857142857,6
F01,184,0.2857142857142857,1.549826045878202,1.1666666666666667,XMEAS7-XMEAS11,0.2857142857142857,5
F01,185,0.42857142857142855,1.475076311054695,1.4,XMEAS7-XMEAS11,0.42857142857142855,5
F01,186,0.42857142857142855,1.475076311054695,1.1666666666666667,XMEAS7-XMEAS11,0.42857142857142855,5
F01,187,0.42857142857142855,1.475076311054695,1.4,XMEAS7-XMEAS11,0.42857142857142855,5
F01,188,0.42857142857142855,1.475076311054695,1.4,XMEAS7-XMEAS11,0.42857142857142855,5
F01,189,0.42857142857142855,1.0789922078775833,1.4,XMEAS8-XMEAS10,0.42857142857142855,3
F01,190,0.2857142857142857,1.549826045878202,1.1666666666666667,XMEAS7-XMEAS11,0.2857142857142857,5
F01,191,0.2857142857142857,1.351783994289646,1.4,XMEAS7-XMEAS11,0.2857142857142857,4
F01,192,0.42857142857142855,1.2770342594661392,1.75,XMEAS7-XMEAS11,0.42857142857142855,4
F01,193,0.42857142857142855,1.2770342594661392,1.4,XMEAS7-XMEAS11,0.42857142857142855,4
F01,194,0.42857142857142855,1.0042424730540764,1.4,XMEAS7-XMEAS11,0.42857142857142855,3
F01,195,0.42857142857142855,1.475076311054695,1.1666666666666667,XMEAS7-XMEAS11,0.42857142857142855,5
F01,196,0.42857142857142855,1.0042424730540764,1.75,XMEAS7-XMEAS11,0.42857142857142855,3
F01,197,0.42857142857142855,1.475076311054695,1.1666666666666667,XMEAS7-XMEAS11,0.42857142857142855,5
F01,198,0.2857142857142857,1.549826045878202,1.1666666666666667,XMEAS7-XMEAS11,0.2857142857142857,5
F01,199,0.2857142857142857,1.7478680974667578,1.1666666666666667,XMEAS7-XMEAS11,0.2857142857142857,6
F01,200,0.42857142857142855,1.277034259466139,1.4,XMEAS7-XMEAS11,0.42857142857142855,4
F01,201,0.42857142857142855,1.2770342594661392,1.4,XMEAS7-XMEAS11,0.42857142857142855,4
F01,202,0.42857142857142855,1.475076311054695,1.4,XMEAS7-XMEAS11,0.42857142857142855,5
F01,203,0.2857142857142857,1.7478680974667578,1.1666666666666667,XMEAS7-XMEAS11,0.2857142857142857,6
F01,204,0.5714285714285714,0.9556998911125343,1.4,XMEAS7-XMEAS11,0.5714285714285714,3
F01,205,0.42857142857142855,1.2770342594661392,1.75,XMEAS7-XMEAS11,0.42857142857142855,4
F01,206,0.42857142857142855,1.2770342594661392,1.75,XMEAS7-XMEAS11,0.42857142857142855,4
F01,207,0.42857142857142855,1.0789922078775833,1.75,XMEAS7-XMEAS11,0.42857142857142855,3
F01,208,0.2857142857142857,1.549826045878202,1.1666666666666667,XMEAS7-XMEAS11,0.2857142857142857,5
F01,209,0.2857142857142857,1.5498260458782016,1.4,XMEAS7-XMEAS11,0.2857142857142857,5
F01,210,0.42857142857142855,1.2770342594661392,1.75,XMEAS7-XMEAS11,0.42857142857142855,4
F01,211,0.42857142857142855,1.475076311054695,1.4,XMEAS7-XMEAS11,0.42857142857142855,5
F01,212,0.42857142857142855,1.2770342594661392,1.75,XMEAS8-XMEAS10,0.42857142857142855,4
F01,213,0.42857142857142855,1.2770342594661392,1.75,XMEAS7-XMEAS11,0.42857142857142855,4
F01,214,0.2857142857142857,1.5498260458782016,1.1666666666666667,XMEAS7-XMEAS11,0.2857142857142857,5
F01,215,0.5714285714285714,1.1537419427010902,1.75,XMEAS7-XMEAS11,0.5714285714285714,4
F01,216,0.42857142857142855,1.2770342594661392,1.4,XMEAS7-XMEAS11,0.42857142857142855,4
F01,217,0.2857142857142857,1.549826045878202,1.1666666666666667,XMEAS7-XMEAS11,0.2857142857142857,5
F01,218,0.2857142857142857,1.7478680974667578,1.1666666666666667,XMEAS7-XMEAS11,0.2857142857142857,6
F01,219,0.2857142857142857,1.549826045878202,1.1666666666666667,XMEAS7-XMEAS11,0.2857142857142857,5
F01,220,0.2857142857142857,1.549826045878202,1.1666666666666667,XMEAS7-XMEAS11,0.2857142857142857,5
F01,221,0.2857142857142857,1.7478680974667578,1.1666666666666667,XMEAS7-XMEAS11,0.2857142857142857,6
F01,222,0.42857142857142855,1.2770342594661392,1.75,XMEAS8-XMEAS9,0.42857142857142855,4
F01,223,0.42857142857142855,1.475076311054695,1.4,XMEAS7-XMEAS11,0.42857142857142855,5
F01,224,0.5714285714285714,1.1537419427010902,1.4,XMEAS7-XMEAS11,0.5714285714285714,4
F01,225,0.42857142857142855,1.0789922078775833,1.75,XMEAS7-XMEAS11,0.42857142857142855,3
F01,226,0.2857142857142857,1.351783994289646,1.1666666666666667,XMEAS7-XMEAS11,0.2857142857142857,4
F01,227,0.42857142857142855,1.475076311054695,1.1666666666666667,XMEAS7-XMEAS11,0.42857142857142855,5
F01,228,0.42857142857142855,1.0789922078775833,1.4,XMEAS7-XMEAS11,0.42857142857142855,3
F01,229,0.42857142857142855,1.475076311054695,1.1666666666666667,XMEAS7-XMEAS11,0.42857142857142855,5
F01,230,0.42857142857142855,1.0789922078775833,1.75,XMEAS7-XMEAS11,0.42857142857142855,3
F01,231,0.2857142857142857,1.549826045878202,1.1666666666666667,XMEAS7-XMEAS11,0.2857142857142857,5
F01,232,0.2857142857142857,1.351783994289646,1.4,XMEAS7-XMEAS11,0.2857142857142857,4
F01,233,0.42857142857142855,1.2770342594661392,1.1666666666666667,XMEAS7-XMEAS11,0.42857142857142855,4
F01,234,0.42857142857142855,1.475076311054695,1.4,XMEAS7-XMEAS11,0.42857142857142855,5
F01,235,0.42857142857142855,1.475076311054695,1.4,XMEAS7-XMEAS11,0.42857142857142855,5
F01,236,0.2857142857142857,1.5498260458782016,1.1666666666666667,XMEAS7-XMEAS11,0.2857142857142857,5
F01,237,0.2857142857142857,1.549826045878202,1.1666666666666667,XMEAS7-XMEAS11,0.2857142857142857,5
F01,238,0.5714285714285714,1.1537419427010902,1.75,XMEAS7-XMEAS11,0.5714285714285714,4
F01,239,0.2857142857142857,1.7478680974667578,1.1666666666666667,XMEAS7-XMEAS11,0.2857142857142857,6
F01,240,0.5714285714285714,1.1537419427010902,1.75,XMEAS7-XMEAS11,0.5714285714285714,4
F01,241,0.42857142857142855,1.475076311054695,1.4,XMEAS7-XMEAS11,0.42857142857142855,5
F01,242,0.5714285714285714,1.1537419427010902,1.75,XMEAS7-XMEAS11,0.5714285714285714,4
F01,243,0.5714285714285714,1.1537419427010902,1.75,XMEAS7-XMEAS11,0.5714285714285714,4
F01,244,0.42857142857142855,1.475076311054695,1.4,XMEAS7-XMEAS11,0.42857142857142855,5
F01,245,0.5714285714285714,1.1537419427010902,1.4,XMEAS7-XMEAS11,0.5714285714285714,4
F01,246,0.42857142857142855,1.0789922078775833,1.4,XMEAS8-XMEAS11,0.42857142857142855,3
F01,247,0.42857142857142855,1.2770342594661392,1.1666666666666667,XMEAS7-XMEAS11,0.42857142857142855,4
F01,248,0.2857142857142857,1.549826045878202,1.4,XMEAS7-XMEAS11,0.2857142857142857,5
F01,249,0.5714285714285714,0.9556998911125343,2.3333333333333335,XMEAS7-XMEAS11,0.5714285714285714,3
F01,250,0.42857142857142855,1.475076311054695,1.4,XMEAS7-XMEAS11,0.42857142857142855,5
F01,251,0.42857142857142855,1.277034259466139,1.4,XMEAS8-XMEAS10,0.42857142857142855,4
F01,252,0.2857142857142857,1.351783994289646,1.1666666666666667,XMEAS7-XMEAS11,0.2857142857142857,4
F01,253,0.42857142857142855,1.475076311054695,1.4,XMEAS7-XMEAS11,0.42857142857142855,5
F01,254,0.42857142857142855,1.475076311054695,1.4,XMEAS7-XMEAS11,0.42857142857142855,5
F01,255,0.2857142857142857,1.7478680974667578,1.1666666666666667,XMEAS7-XMEAS11,0.2857142857142857,6
F01,256,0.42857142857142855,1.0789922078775833,2.3333333333333335,XMEAS8-XMEAS9,0.42857142857142855,3
F01,257,0.42857142857142855,1.475076311054695,1.4,XMEAS7-XMEAS11,0.42857142857142855,5
F01,258,0.42857142857142855,1.277034259466139,1.75,XMEAS7-XMEAS11,0.42857142857142855,4
F01,259,0.5714285714285714,0.9556998911125343,1.75,XMEAS7-XMEAS11,0.5714285714285714,3
F01,260,0.42857142857142855,1.2770342594661392,1.4,XMEAS8-XMEAS9,0.42857142857142855,4
F01,261,0.2857142857142857,1.5498260458782018,1.4,XMEAS7-XMEAS11,0.2857142857142857,5
F01,262,0.42857142857142855,1.277034259466139,1.4,XMEAS7-XMEAS11,0.42857142857142855,4
F01,263,0.2857142857142857,1.351783994289646,1.4,XMEAS7-XMEAS11,0.2857142857142857,4
F01,264,0.2857142857142857,1.351783994289646,1.75,XMEAS7-XMEAS11,0.2857142857142857,4
F01,265,0.42857142857142855,1.475076311054695,1.4,XMEAS7-XMEAS11,0.42857142857142855,5
F01,266,0.42857142857142855,1.277034259466139,1.4,XMEAS7-XMEAS11,0.42857142857142855,4
F01,267,0.5714285714285714,0.9556998911125343,1.75,XMEAS7-XMEAS11,0.5714285714285714,3
F01,268,0.8571428571428571,0.410116318288409,2.3333333333333335,XMEAS7-XMEAS11,0.8571428571428571,2
F01,269,0.42857142857142855,1.475076311054695,1.4,XMEAS7-XMEAS11,0.42857142857142855,5
F01,270,0.2857142857142857,1.7478680974667578,1.1666666666666667,XMEAS7-XMEAS11,0.2857142857142857,6
F01,271,0.42857142857142855,1.0042424730540764,1.1666666666666667,XMEAS7-XMEAS11,0.42857142857142855,3
F01,272,0.2857142857142857,1.549826045878202,1.4,XMEAS7-XMEAS11,0.2857142857142857,5
F01,273,0.2857142857142857,1.549826045878202,1.4,XMEAS7-XMEAS11,0.2857142857142857,5
F01,274,0.5714285714285714,1.1537419427010902,1.4,XMEAS7-XMEAS11,0.5714285714285714,4
F01,275,0.2857142857142857,1.351783994289646,1.1666666666666667,XMEAS7-XMEAS11,0.2857142857142857,4
F01,276,0.2857142857142857,1.5498260458782018,1.4,XMEAS7-XMEAS11,0.2857142857142857,5
F01,277,0.2857142857142857,1.5498260458782016,1.4,XMEAS7-XMEAS11,0.2857142857142857,5
F01,278,0.2857142857142857,1.5498260458782016,1.4,XMEAS7-XMEAS11,0.2857142857142857,5
F01,279,0.5714285714285714,0.9556998911125343,2.3333333333333335,XMEAS7-XMEAS11,0.5714285714285714,3
F01,280,0.2857142857142857,1.7478680974667578,1.1666666666666667,XMEAS7-XMEAS11,0.2857142857142857,6
F01,281,0.5714285714285714,1.1537419427010902,1.4,XMEAS7-XMEAS11,0.5714285714285714,4
F01,282,0.2857142857142857,1.5498260458782018,1.4,XMEAS7-XMEAS11,0.2857142857142857,5
F01,283,0.2857142857142857,1.351783994289646,1.1666666666666667,XMEAS7-XMEAS11,0.2857142857142857,4
F01,284,0.5714285714285714,1.1537419427010902,1.75,XMEAS7-XMEAS11,0.5714285714285714,4
F01,285,0.42857142857142855,1.475076311054695,1.1666666666666667,XMEAS7-XMEAS11,0.42857142857142855,5
F01,286,0.42857142857142855,1.277034259466139,1.4,XMEAS7-XMEAS11,0.42857142857142855,4
F01,287,0.42857142857142855,1.0042424730540764,1.75,XMEAS7-XMEAS11,0.42857142857142855,3
F01,288,0.2857142857142857,1.549826045878202,1.1666666666666667,XMEAS7-XMEAS11,0.2857142857142857,5
F01,289,0.2857142857142857,1.351783994289646,1.1666666666666667,XMEAS7-XMEAS11,0.2857142857142857,4
F01,290,0.2857142857142857,1.5498260458782016,1.4,XMEAS7-XMEAS11,0.2857142857142857,5
F01,291,0.42857142857142855,1.2770342594661392,1.75,XMEAS7-XMEAS11,0.42857142857142855,4
F01,292,0.42857142857142855,1.475076311054695,1.4,XMEAS7-XMEAS11,0.42857142857142855,5
F01,293,0.2857142857142857,1.5498260458782016,1.4,XMEAS7-XMEAS11,0.2857142857142857,5
F01,294,0.42857142857142855,1.475076311054695,1.4,XMEAS7-XMEAS11,0.42857142857142855,5
F01,295,0.42857142857142855,1.2770342594661392,1.4,XMEAS8-XMEAS11,0.42857142857142855,4
F01,296,0.42857142857142855,1.277034259466139,1.75,XMEAS7-XMEAS11,0.42857142857142855,4
F01,297,0.42857142857142855,1.277034259466139,1.4,XMEAS7-XMEAS11,0.42857142857142855,4
F01,298,0.42857142857142855,1.475076311054695,1.4,XMEAS7-XMEAS11,0.42857142857142855,5
F01,299,0.5714285714285714,0.6829081047004717,3.5,XMEAS7-XMEAS11,0.5714285714285714,2
F01,300,0.42857142857142855,1.2770342594661392,1.75,XMEAS7-XMEAS11,0.42857142857142855,4
F01,301,0.42857142857142855,1.2770342594661392,1.4,XMEAS7-XMEAS11,0.42857142857142855,4
F01,302,0.42857142857142855,1.2770342594661392,1.4,XMEAS7-XMEAS11,0.42857142857142855,4
F01,303,0.42857142857142855,1.2770342594661392,1.75,XMEAS7-XMEAS11,0.42857142857142855,4
F01,304,0.2857142857142857,1.549826045878202,1.1666666666666667,XMEAS7-XMEAS11,0.2857142857142857,5
F01,305,0.42857142857142855,1.475076311054695,1.1666666666666667,XMEAS7-XMEAS11,0.42857142857142855,5
F01,306,0.2857142857142857,1.549826045878202,1.0,XMEAS7-XMEAS11,0.2857142857142857,5
F01,307,0.42857142857142855,1.2770342594661392,1.4,XMEAS7-XMEAS11,0.42857142857142855,4
F01,308,0.42857142857142855,1.475076311054695,1.4,XMEAS7-XMEAS11,0.42857142857142855,5
F01,309,0.5714285714285714,1.1537419427010902,1.4,XMEAS7-XMEAS11,0.5714285714285714,4
F01,310,0.2857142857142857,1.351783994289646,1.1666666666666667,XMEAS7-XMEAS11,0.2857142857142857,4
F01,311,0.2857142857142857,1.351783994289646,1.75,XMEAS10-XMEAS11,0.2857142857142857,4
F01,312,0.2857142857142857,1.549826045878202,1.1666666666666667,XMEAS7-XMEAS11,0.2857142857142857,5
F01,313,0.2857142857142857,1.351783994289646,1.4,XMEAS7-XMEAS11,0.2857142857142857,4
F01,314,0.8571428571428571,0.410116318288409,2.3333333333333335,XMEAS7-XMEAS11,0.8571428571428571,2
F01,315,0.2857142857142857,1.549826045878202,1.1666666666666667,XMEAS7-XMEAS11,0.2857142857142857,5
F01,316,0.2857142857142857,1.549826045878202,1.1666666666666667,XMEAS7-XMEAS11,0.2857142857142857,5
F01,317,0.2857142857142857,1.549826045878202,1.1666666666666667,XMEAS7-XMEAS11,0.2857142857142857,5
F01,318,0.2857142857142857,1.7478680974667578,1.1666666666666667,XMEAS7-XMEAS11,0.2857142857142857,6
F01,319,0.2857142857142857,1.351783994289646,1.4,XMEAS7-XMEAS11,0.2857142857142857,4
F01,320,0.42857142857142855,1.277034259466139,1.4,XMEAS7-XMEAS11,0.42857142857142855,4
F01,321,0.42857142857142855,1.2770342594661392,1.75,XMEAS7-XMEAS11,0.42857142857142855,4
F01,322,0.42857142857142855,1.277034259466139,1.75,XMEAS7-XMEAS11,0.42857142857142855,4
F01,323,0.42857142857142855,1.0042424730540764,2.3333333333333335,XMEAS7-XMEAS11,0.42857142857142855,3
F01,324,0.2857142857142857,1.549826045878202,1.4,XMEAS7-XMEAS11,0.2857142857142857,5
F01,325,0.42857142857142855,1.2770342594661392,1.4,XMEAS8-XMEAS9,0.42857142857142855,4
F01,326,0.5714285714285714,1.1537419427010902,1.75,XMEAS7-XMEAS11,0.5714285714285714,4
F01,327,0.2857142857142857,1.549826045878202,1.1666666666666667,XMEAS7-XMEAS11,0.2857142857142857,5
F01,328,0.2857142857142857,1.351783994289646,1.75,XMEAS7-XMEAS11,0.2857142857142857,4
F01,329,0.2857142857142857,1.7478680974667578,1.1666666666666667,XMEAS7-XMEAS11,0.2857142857142857,6
F01,330,0.5714285714285714,0.9556998911125343,1.75,XMEAS8-XMEAS9,0.5714285714285714,3
F01,331,0.42857142857142855,1.2770342594661392,1.75,XMEAS7-XMEAS11,0.42857142857142855,4
F01,332,0.42857142857142855,1.0789922078775833,1.4,XMEAS9-XMEAS10,0.42857142857142855,3
F01,333,0.2857142857142857,1.549826045878202,1.1666666666666667,XMEAS7-XMEAS11,0.2857142857142857,5
F01,334,0.42857142857142855,1.2770342594661392,1.1666666666666667,XMEAS7-XMEAS11,0.42857142857142855,4
F01,335,0.42857142857142855,1.277034259466139,1.1666666666666667,XMEAS7-XMEAS11,0.42857142857142855,4
F01,336,0.5714285714285714,1.1537419427010902,1.4,XMEAS7-XMEAS11,0.5714285714285714,4
F01,337,0.2857142857142857,1.5498260458782016,1.1666666666666667,XMEAS7-XMEAS11,0.2857142857142857,5
F01,338,0.2857142857142857,1.7478680974667578,1.1666666666666667,XMEAS7-XMEAS11,0.2857142857142857,6
F01,339,0.42857142857142855,1.277034259466139,1.4,XMEAS8-XMEAS10,0.42857142857142855,4
F01,340,0.2857142857142857,1.7478680974667578,1.1666666666666667,XMEAS7-XMEAS11,0.2857142857142857,6
F01,341,0.42857142857142855,1.0042424730540764,1.4,XMEAS7-XMEAS11,0.42857142857142855,3
F01,342,0.2857142857142857,1.351783994289646,1.75,XMEAS7-XMEAS11,0.2857142857142857,4
F01,343,0.42857142857142855,1.2770342594661392,1.4,XMEAS7-XMEAS8,0.42857142857142855,4
F01,344,0.42857142857142855,1.2770342594661392,1.75,XMEAS7-XMEAS11,0.42857142857142855,4
F01,345,0.2857142857142857,1.7478680974667578,1.1666666666666667,XMEAS7-XMEAS11,0.2857142857142857,6
F01,346,0.5714285714285714,1.1537419427010902,1.75,XMEAS7-XMEAS11,0.5714285714285714,4
F01,347,0.42857142857142855,1.277034259466139,1.4,XMEAS7-XMEAS11,0.42857142857142855,4
F01,348,0.42857142857142855,1.475076311054695,1.4,XMEAS7-XMEAS11,0.42857142857142855,5
F01,349,0.2857142857142857,1.7478680974667578,1.1666666666666667,XMEAS7-XMEAS11,0.2857142857142857,6
F01,350,0.42857142857142855,1.0789922078775833,1.75,XMEAS8-XMEAS11,0.42857142857142855,3
F01,351,0.2857142857142857,1.351783994289646,1.4,XMEAS7-XMEAS11,0.2857142857142857,4
F01,352,0.5714285714285714,0.9556998911125343,1.75,XMEAS7-XMEAS11,0.5714285714285714,3
F01,353,0.42857142857142855,1.2770342594661392,1.4,XMEAS7-XMEAS11,0.42857142857142855,4
F01,354,0.42857142857142855,1.475076311054695,1.1666666666666667,XMEAS7-XMEAS11,0.42857142857142855,5
F01,355,0.5714285714285714,1.1537419427010902,1.4,XMEAS7-XMEAS11,0.5714285714285714,4
F01,356,0.42857142857142855,1.2770342594661392,1.4,XMEAS7-XMEAS11,0.42857142857142855,4
F01,357,0.42857142857142855,1.2770342594661392,1.4,XMEAS8-XMEAS9,0.42857142857142855,4
F01,358,0.2857142857142857,1.549826045878202,1.1666666666666667,XMEAS7-XMEAS11,0.2857142857142857,5
F01,359,0.2857142857142857,1.5498260458782016,1.1666666666666667,XMEAS7-XMEAS11,0.2857142857142857,5
F01,360,0.42857142857142855,1.475076311054695,1.4,XMEAS7-XMEAS11,0.42857142857142855,5
F01,361,0.2857142857142857,1.7478680974667578,1.1666666666666667,XMEAS7-XMEAS11,0.2857142857142857,6
F01,362,0.5714285714285714,0.9556998911125343,1.4,XMEAS7-XMEAS11,0.5714285714285714,3
F01,363,0.2857142857142857,1.549826045878202,1.1666666666666667,XMEAS7-XMEAS11,0.2857142857142857,5
F01,364,0.2857142857142857,1.549826045878202,1.1666666666666667,XMEAS7-XMEAS11,0.2857142857142857,5
F01,365,0.2857142857142857,1.549826045878202,1.1666666666666667,XMEAS7-XMEAS11,0.2857142857142857,5
F01,366,0.5714285714285714,1.1537419427010902,1.4,XMEAS7-XMEAS11,0.5714285714285714,4
F01,367,0.42857142857142855,1.0042424730540764,1.75,XMEAS7-XMEAS11,0.42857142857142855,3
F01,368,0.5714285714285714,0.9556998911125343,1.4,XMEAS7-XMEAS11,0.5714285714285714,3
F01,369,0.2857142857142857,1.351783994289646,1.4,XMEAS7-XMEAS11,0.2857142857142857,4
F01,370,0.42857142857142855,1.475076311054695,1.1666666666666667,XMEAS7-XMEAS11,0.42857142857142855,5
F01,371,0.42857142857142855,1.2770342594661392,1.1666666666666667,XMEAS7-XMEAS11,0.42857142857142855,4
F01,372,0.42857142857142855,1.0042424730540764,1.4,XMEAS7-XMEAS11,0.42857142857142855,3
F01,373,0.42857142857142855,1.2770342594661392,1.75,XMEAS7-XMEAS11,0.42857142857142855,4
F01,374,0.42857142857142855,1.0042424730540764,2.3333333333333335,XMEAS7-XMEAS11,0.42857142857142855,3
F01,375,0.2857142857142857,1.351783994289646,1.4,XMEAS7-XMEAS11,0.2857142857142857,4
F01,376,0.2857142857142857,1.7478680974667578,1.1666666666666667,XMEAS9-XMEAS10,0.2857142857142857,6
F01,377,0.2857142857142857,1.549826045878202,1.1666666666666667,XMEAS7-XMEAS11,0.2857142857142857,5
F01,378,0.42857142857142855,1.2770342594661392,1.4,XMEAS7-XMEAS11,0.42857142857142855,4
F01,379,0.42857142857142855,1.475076311054695,1.1666666666666667,XMEAS7-XMEAS11,0.42857142857142855,5
F01,380,0.42857142857142855,1.475076311054695,1.4,XMEAS7-XMEAS11,0.42857142857142855,5
F01,381,0.42857142857142855,1.2770342594661392,1.75,XMEAS7-XMEAS10,0.42857142857142855,4
F01,382,0.42857142857142855,1.2770342594661392,1.1666666666666667,XMEAS7-XMEAS9,0.42857142857142855,4
F01,383,0.2857142857142857,1.351783994289646,1.1666666666666667,XMEAS7-XMEAS11,0.2857142857142857,4
F01,384,0.42857142857142855,1.2770342594661392,1.4,XMEAS7-XMEAS11,0.42857142857142855,4
F01,385,0.42857142857142855,1.2770342594661392,1.4,XMEAS7-XMEAS11,0.42857142857142855,4
F01,386,0.42857142857142855,1.2770342594661392,1.4,XMEAS8-XMEAS9,0.42857142857142855,4
F01,387,0.5714285714285714,1.1537419427010902,1.75,XMEAS7-XMEAS11,0.5714285714285714,4
F01,388,0.2857142857142857,1.7478680974667573,1.1666666666666667,XMEAS10-XMEAS11,0.2857142857142857,6
F01,389,0.2857142857142857,1.5498260458782016,1.1666666666666667,XMEAS7-XMEAS11,0.2857142857142857,5
F01,390,0.42857142857142855,1.277034259466139,1.4,XMEAS7-XMEAS11,0.42857142857142855,4
F01,391,0.42857142857142855,1.2770342594661392,1.75,XMEAS7-XMEAS11,0.42857142857142855,4
F01,392,0.42857142857142855,1.475076311054695,1.4,XMEAS7-XMEAS11,0.42857142857142855,5
F01,393,0.42857142857142855,1.2770342594661392,1.75,XMEAS7-XMEAS11,0.42857142857142855,4
F01,394,0.5714285714285714,0.9556998911125343,2.3333333333333335,XMEAS7-XMEAS11,0.5714285714285714,3
F01,395,0.5714285714285714,1.1537419427010902,1.75,XMEAS7-XMEAS11,0.5714285714285714,4
F01,396,0.42857142857142855,1.2770342594661392,1.1666666666666667,XMEAS7-XMEAS11,0.42857142857142855,4
F01,397,0.2857142857142857,1.549826045878202,1.4,XMEAS7-XMEAS11,0.2857142857142857,5
F01,398,0.42857142857142855,1.2770342594661392,1.4,XMEAS8-XMEAS9,0.42857142857142855,4
F01,399,0.5714285714285714,1.1537419427010902,1.75,XMEAS7-XMEAS11,0.5714285714285714,4
F01,400,0.42857142857142855,1.277034259466139,1.75,XMEAS8-XMEAS10,0.42857142857142855,4
F01,401,0.42857142857142855,1.0042424730540764,1.75,XMEAS7-XMEAS11,0.42857142857142855,3
F01,402,0.42857142857142855,1.475076311054695,1.1666666666666667,XMEAS7-XMEAS11,0.42857142857142855,5
F01,403,0.2857142857142857,1.549826045878202,1.4,XMEAS7-XMEAS11,0.2857142857142857,5
F01,404,0.2857142857142857,1.7478680974667578,1.1666666666666667,XMEAS7-XMEAS11,0.2857142857142857,6
F01,405,0.42857142857142855,1.2770342594661392,1.1666666666666667,XMEAS10-XMEAS11,0.42857142857142855,4
F01,406,0.5714285714285714,1.1537419427010902,1.4,XMEAS7-XMEAS11,0.5714285714285714,4
F01,407,0.42857142857142855,1.0789922078775833,2.3333333333333335,XMEAS7-XMEAS11,0.42857142857142855,3
F01,408,0.42857142857142855,1.2770342594661392,1.75,XMEAS7-XMEAS11,0.42857142857142855,4
F01,409,0.5714285714285714,1.1537419427010902,1.4,XMEAS7-XMEAS11,0.5714285714285714,4
F01,410,0.2857142857142857,1.7478680974667578,1.1666666666666667,XMEAS7-XMEAS11,0.2857142857142857,6
F01,411,0.42857142857142855,1.2770342594661392,1.1666666666666667,XMEAS8-XMEAS9,0.42857142857142855,4
F01,412,0.2857142857142857,1.7478680974667578,1.1666666666666667,XMEAS7-XMEAS11,0.2857142857142857,6
F01,413,0.42857142857142855,1.277034259466139,1.4,XMEAS7-XMEAS11,0.42857142857142855,4
F01,414,0.2857142857142857,1.7478680974667578,1.1666666666666667,XMEAS7-XMEAS11,0.2857142857142857,6
F01,415,0.42857142857142855,1.0042424730540764,1.75,XMEAS7-XMEAS11,0.42857142857142855,3
F01,416,0.2857142857142857,1.549826045878202,1.1666666666666667,XMEAS7-XMEAS11,0.2857142857142857,5
F01,417,0.2857142857142857,1.549826045878202,1.4,XMEAS7-XMEAS11,0.2857142857142857,5
F01,418,0.42857142857142855,1.0789922078775833,1.75,XMEAS7-XMEAS11,0.42857142857142855,3
F01,419,0.5714285714285714,1.1537419427010902,1.4,XMEAS7-XMEAS11,0.5714285714285714,4
F01,420,0.7142857142857143,0.7963116401738131,2.3333333333333335,XMEAS7-XMEAS11,0.7142857142857143,3
F01,421,0.2857142857142857,1.7478680974667578,1.1666666666666667,XMEAS7-XMEAS11,0.2857142857142857,6
F01,422,0.42857142857142855,1.2770342594661392,1.75,XMEAS7-XMEAS11,0.42857142857142855,4
F01,423,0.2857142857142857,1.7478680974667578,1.1666666666666667,XMEAS7-XMEAS11,0.2857142857142857,6
F01,424,0.2857142857142857,1.549826045878202,1.4,XMEAS7-XMEAS11,0.2857142857142857,5
F01,425,0.42857142857142855,1.2770342594661392,1.75,XMEAS7-XMEAS11,0.42857142857142855,4
F01,426,0.2857142857142857,1.351783994289646,1.1666666666666667,XMEAS7-XMEAS11,0.2857142857142857,4
F01,427,0.2857142857142857,1.549826045878202,1.1666666666666667,XMEAS7-XMEAS11,0.2857142857142857,5
F01,428,0.2857142857142857,1.351783994289646,1.1666666666666667,XMEAS7-XMEAS11,0.2857142857142857,4
F01,429,0.2857142857142857,1.5498260458782018,1.4,XMEAS7-XMEAS11,0.2857142857142857,5
F01,430,0.42857142857142855,1.475076311054695,1.4,XMEAS7-XMEAS11,0.42857142857142855,5
F01,431,0.2857142857142857,1.351783994289646,1.1666666666666667,XMEAS7-XMEAS11,0.2857142857142857,4
F01,432,0.42857142857142855,1.475076311054695,1.4,XMEAS7-XMEAS11,0.42857142857142855,5
F01,433,0.42857142857142855,1.475076311054695,1.4,XMEAS7-XMEAS11,0.42857142857142855,5
F01,434,0.2857142857142857,1.7478680974667578,1.1666666666666667,XMEAS8-XMEAS11,0.2857142857142857,6
F01,435,0.42857142857142855,1.475076311054695,1.4,XMEAS7-XMEAS11,0.42857142857142855,5
F01,436,0.2857142857142857,1.351783994289646,1.75,XMEAS7-XMEAS11,0.2857142857142857,4
F01,437,0.2857142857142857,1.7478680974667578,1.1666666666666667,XMEAS7-XMEAS11,0.2857142857142857,6
F01,438,0.42857142857142855,1.2770342594661392,1.4,XMEAS8-XMEAS10,0.42857142857142855,4
F01,439,0.42857142857142855,1.475076311054695,1.4,XMEAS7-XMEAS11,0.42857142857142855,5
F01,440,0.2857142857142857,1.351783994289646,1.1666666666666667,XMEAS7-XMEAS11,0.2857142857142857,4
F01,441,0.42857142857142855,1.2770342594661392,1.75,XMEAS7-XMEAS11,0.42857142857142855,4
F01,442,0.2857142857142857,1.7478680974667578,1.1666666666666667,XMEAS7-XMEAS11,0.2857142857142857,6
F01,443,0.2857142857142857,1.549826045878202,1.4,XMEAS7-XMEAS11,0.2857142857142857,5
F01,444,0.2857142857142857,1.549826045878202,1.1666666666666667,XMEAS7-XMEAS11,0.2857142857142857,5
F01,445,0.42857142857142855,1.277034259466139,1.4,XMEAS7-XMEAS11,0.42857142857142855,4
F01,446,0.42857142857142855,1.277034259466139,1.4,XMEAS8-XMEAS9,0.42857142857142855,4
F01,447,0.2857142857142857,1.7478680974667578,1.1666666666666667,XMEAS7-XMEAS11,0.2857142857142857,6
F01,448,0.2857142857142857,1.7478680974667578,1.1666666666666667,XMEAS7-XMEAS11,0.2857142857142857,6
F01,449,0.5714285714285714,1.1537419427010902,1.75,XMEAS7-XMEAS11,0.5714285714285714,4
F01,450,0.2857142857142857,1.549826045878202,1.1666666666666667,XMEAS7-XMEAS11,0.2857142857142857,5
F01,451,0.42857142857142855,1.475076311054695,1.1666666666666667,XMEAS7-XMEAS11,0.42857142857142855,5
F01,452,0.42857142857142855,1.2770342594661392,1.1666666666666667,XMEAS7-XMEAS11,0.42857142857142855,4
F01,453,0.2857142857142857,1.549826045878202,1.1666666666666667,XMEAS7-XMEAS11,0.2857142857142857,5
F01,454,0.2857142857142857,1.549826045878202,1.1666666666666667,XMEAS7-XMEAS11,0.2857142857142857,5
F01,455,0.42857142857142855,1.475076311054695,1.4,XMEAS7-XMEAS11,0.42857142857142855,5
F01,456,0.2857142857142857,1.549826045878202,1.1666666666666667,XMEAS7-XMEAS11,0.2857142857142857,5
F01,457,0.42857142857142855,1.2770342594661392,1.4,XMEAS8-XMEAS9,0.42857142857142855,4
F01,458,0.42857142857142855,1.2770342594661392,1.4,XMEAS7-XMEAS11,0.42857142857142855,4
F01,459,0.2857142857142857,1.7478680974667578,1.1666666666666667,XMEAS7-XMEAS11,0.2857142857142857,6
F01,460,0.2857142857142857,1.549826045878202,1.0,XMEAS7-XMEAS11,0.2857142857142857,5
F01,461,0.42857142857142855,1.2770342594661392,1.4,XMEAS7-XMEAS11,0.42857142857142855,4
F01,462,0.2857142857142857,1.351783994289646,1.4,XMEAS7-XMEAS11,0.2857142857142857,4
F01,463,0.2857142857142857,1.5498260458782018,1.4,XMEAS7-XMEAS11,0.2857142857142857,5
F01,464,0.2857142857142857,1.351783994289646,1.4,XMEAS7-XMEAS11,0.2857142857142857,4
F01,465,0.42857142857142855,1.475076311054695,1.4,XMEAS7-XMEAS11,0.42857142857142855,5
F01,466,0.2857142857142857,1.549826045878202,1.4,XMEAS7-XMEAS11,0.2857142857142857,5
F01,467,0.2857142857142857,1.351783994289646,1.1666666666666667,XMEAS7-XMEAS11,0.2857142857142857,4
F01,468,0.8571428571428571,0.410116318288409,3.5,XMEAS7-XMEAS11,0.8571428571428571,2
F01,469,0.2857142857142857,1.549826045878202,1.1666666666666667,XMEAS7-XMEAS11,0.2857142857142857,5
F01,470,0.2857142857142857,1.549826045878202,1.1666666666666667,XMEAS7-XMEAS11,0.2857142857142857,5
F01,471,0.5714285714285714,1.1537419427010902,1.4,XMEAS7-XMEAS11,0.5714285714285714,4
F01,472,0.5714285714285714,1.1537419427010902,1.75,XMEAS7-XMEAS11,0.5714285714285714,4
F01,473,0.42857142857142855,1.475076311054695,1.4,XMEAS7-XMEAS11,0.42857142857142855,5
F01,474,0.42857142857142855,1.277034259466139,1.75,XMEAS8-XMEAS9,0.42857142857142855,4
F01,475,0.42857142857142855,1.277034259466139,1.4,XMEAS7-XMEAS11,0.42857142857142855,4
F01,476,0.42857142857142855,1.277034259466139,1.75,XMEAS7-XMEAS11,0.42857142857142855,4
F01,477,0.2857142857142857,1.7478680974667578,1.1666666666666667,XMEAS7-XMEAS11,0.2857142857142857,6
F01,478,0.2857142857142857,1.7478680974667578,1.1666666666666667,XMEAS7-XMEAS11,0.2857142857142857,6
F01,479,0.42857142857142855,1.475076311054695,1.4,XMEAS7-XMEAS11,0.42857142857142855,5
F01,480,0.42857142857142855,1.0042424730540764,1.1666666666666667,XMEAS7-XMEAS11,0.42857142857142855,3
F01,481,0.2857142857142857,1.549826045878202,1.1666666666666667,XMEAS7-XMEAS11,0.2857142857142857,5
F01,482,0.2857142857142857,1.5498260458782016,1.1666666666666667,XMEAS7-XMEAS11,0.2857142857142857,5
F01,483,0.42857142857142855,1.0789922078775833,1.4,XMEAS7-XMEAS11,0.42857142857142855,3
F01,484,0.2857142857142857,1.7478680974667578,1.1666666666666667,XMEAS7-XMEAS11,0.2857142857142857,6
F01,485,0.42857142857142855,1.475076311054695,1.1666666666666667,XMEAS8-XMEAS9,0.42857142857142855,5
F01,486,0.2857142857142857,1.5498260458782018,1.4,XMEAS7-XMEAS11,0.2857142857142857,5
F01,487,0.5714285714285714,1.1537419427010902,1.75,XMEAS7-XMEAS11,0.5714285714285714,4
F01,488,0.2857142857142857,1.7478680974667578,1.1666666666666667,XMEAS7-XMEAS11,0.2857142857142857,6
F01,489,0.42857142857142855,1.475076311054695,1.4,XMEAS7-XMEAS11,0.42857142857142855,5
F01,490,0.42857142857142855,1.475076311054695,1.4,XMEAS7-XMEAS11,0.42857142857142855,5
F01,491,0.2857142857142857,1.549826045878202,1.4,XMEAS7-XMEAS11,0.2857142857142857,5
F01,492,0.42857142857142855,1.0042424730540764,1.4,XMEAS7-XMEAS11,0.42857142857142855,3
F01,493,0.5714285714285714,1.1537419427010902,1.75,XMEAS7-XMEAS11,0.5714285714285714,4
F01,494,0.5714285714285714,1.1537419427010902,1.75,XMEAS7-XMEAS11,0.5714285714285714,4
F01,495,0.2857142857142857,1.7478680974667578,1.0,XMEAS8-XMEAS10,0.2857142857142857,6
F01,496,0.5714285714285714,0.9556998911125343,1.75,XMEAS8-XMEAS9,0.5714285714285714,3
F01,497,0.5714285714285714,1.1537419427010902,1.4,XMEAS7-XMEAS11,0.5714285714285714,4
F01,498,0.2857142857142857,1.351783994289646,1.1666666666666667,XMEAS7-XMEAS11,0.2857142857142857,4
F01,499,0.2857142857142857,1.7478680974667578,1.1666666666666667,XMEAS7-XMEAS11,0.2857142857142857,6
F01,500,0.2857142857142857,1.351783994289646,1.1666666666666667,XMEAS7-XMEAS11,0.2857142857142857,4
F02,1,0.42857142857142855,1.2770342594661392,1.1666666666666667,XMEAS9-XMEAS11,0.42857142857142855,4
F02,2,0.2857142857142857,1.7478680974667578,1.0,XMEAS7-XMEAS9,0.2857142857142857,6
F02,3,0.2857142857142857,1.7478680974667578,1.1666666666666667,XMEAS10-XMEAS11,0.2857142857142857,6
F02,4,0.2857142857142857,1.7478680974667578,1.0,XMEAS8-XMEAS11,0.2857142857142857,6
F02,5,0.2857142857142857,1.549826045878202,1.0,XMEAS8-XMEAS11,0.2857142857142857,5
F02,6,0.42857142857142855,1.2770342594661392,1.1666666666666667,XMEAS10-XMEAS11,0.42857142857142855,4
F02,7,0.2857142857142857,1.549826045878202,1.1666666666666667,XMEAS10-XMEAS11,0.2857142857142857,5
F02,8,0.42857142857142855,1.475076311054695,1.0,XMEAS8-XMEAS10,0.42857142857142855,5
F02,9,0.2857142857142857,1.549826045878202,1.0,XMEAS10-XMEAS11,0.2857142857142857,5
F02,10,0.42857142857142855,1.2770342594661392,1.4,XMEAS9-XMEAS11,0.42857142857142855,4
F02,11,0.42857142857142855,1.277034259466139,1.1666666666666667,XMEAS8-XMEAS11,0.42857142857142855,4
F02,12,0.42857142857142855,1.4750763110546947,1.1666666666666667,XMEAS10-XMEAS11,0.42857142857142855,5
F02,13,0.2857142857142857,1.7478680974667578,1.1666666666666667,XMEAS7-XMEAS9,0.2857142857142857,6
F02,14,0.2857142857142857,1.351783994289646,1.0,XMEAS7-XMEAS10,0.2857142857142857,4
F02,15,0.2857142857142857,1.351783994289646,1.0,XMEAS7-XMEAS10,0.2857142857142857,4
F02,16,0.42857142857142855,1.277034259466139,1.1666666666666667,XMEAS10-XMEAS11,0.42857142857142855,4
F02,17,0.14285714285714285,1.945910149055314,1.0,XMEAS7-XMEAS10,0.14285714285714285,7
F02,18,0.2857142857142857,1.351783994289646,1.4,XMEAS7-XMEAS10,0.2857142857142857,4
F02,19,0.42857142857142855,1.475076311054695,1.0,XMEAS9-XMEAS10,0.42857142857142855,5
F02,20,0.2857142857142857,1.549826045878202,1.1666666666666667,XMEAS8-XMEAS9,0.2857142857142857,5
F02,21,0.5714285714285714,1.1537419427010902,1.1666666666666667,XMEAS9-XMEAS10,0.5714285714285714,4
F02,22,0.42857142857142855,1.277034259466139,1.4,XMEAS8-XMEAS10,0.42857142857142855,4
F02,23,0.42857142857142855,1.2770342594661392,1.1666666666666667,XMEAS9-XMEAS10,0.42857142857142855,4
F02,24,0.2857142857142857,1.549826045878202,1.1666666666666667,XMEAS8-XMEAS9,0.2857142857142857,5
F02,25,0.2857142857142857,1.5498260458782018,1.1666666666666667,XMEAS7-XMEAS10,0.2857142857142857,5
F02,26,0.2857142857142857,1.549826045878202,1.1666666666666667,XMEAS9-XMEAS11,0.2857142857142857,5
F02,27,0.2857142857142857,1.5498260458782018,1.0,XMEAS8-XMEAS11,0.2857142857142857,5
F02,28,0.2857142857142857,1.351783994289646,1.1666666666666667,XMEAS8-XMEAS9,0.2857142857142857,4
F02,29,0.2857142857142857,1.5498260458782016,1.4,XMEAS8-XMEAS9,0.2857142857142857,5
F02,30,0.2857142857142857,1.7478680974667578,1.1666666666666667,XMEAS8-XMEAS9,0.2857142857142857,6
F02,31,0.42857142857142855,1.475076311054695,1.1666666666666667,XMEAS8-XMEAS9,0.42857142857142855,5
F02,32,0.2857142857142857,1.7478680974667578,1.1666666666666667,XMEAS8-XMEAS9,0.2857142857142857,6
F02,33,0.2857142857142857,1.549826045878202,1.1666666666666667,XMEAS9-XMEAS10,0.2857142857142857,5
F02,34,0.2857142857142857,1.549826045878202,1.1666666666666667,XMEAS7-XMEAS10,0.2857142857142857,5
F02,35,0.2857142857142857,1.7478680974667578,1.0,XMEAS7-XMEAS10,0.2857142857142857,6
F02,36,0.42857142857142855,1.277034259466139,1.1666666666666667,XMEAS8-XMEAS9,0.42857142857142855,4
F02,37,0.2857142857142857,1.549826045878202,1.0,XMEAS9-XMEAS10,0.2857142857142857,5
F02,38,0.2857142857142857,1.549826045878202,1.0,XMEAS8-XMEAS10,0.2857142857142857,5
F02,39,0.2857142857142857,1.549826045878202,1.0,XMEAS8-XMEAS10,0.2857142857142857,5
F02,40,0.2857142857142857,1.7478680974667578,1.0,XMEAS10-XMEAS11,0.2857142857142857,6
F02,41,0.42857142857142855,1.475076311054695,1.1666666666666667,XMEAS8-XMEAS10,0.42857142857142855,5
F02,42,0.5714285714285714,0.9556998911125343,1.1666666666666667,XMEAS10-XMEAS11,0.5714285714285714,3
F02,43,0.42857142857142855,1.2770342594661392,1.4,XMEAS10-XMEAS11,0.42857142857142855,4
F02,44,0.2857142857142857,1.549826045878202,1.0,XMEAS8-XMEAS11,0.2857142857142857,5
F02,45,0.42857142857142855,1.0789922078775833,1.1666666666666667,XMEAS8-XMEAS9,0.42857142857142855,3
F02,46,0.2857142857142857,1.7478680974667578,1.1666666666666667,XMEAS8-XMEAS10,0.2857142857142857,6
F02,47,0.2857142857142857,1.549826045878202,1.0,XMEAS7-XMEAS10,0.2857142857142857,5
F02,48,0.42857142857142855,1.475076311054695,1.1666666666666667,XMEAS7-XMEAS10,0.42857142857142855,5
F02,49,0.2857142857142857,1.549826045878202,1.4,XMEAS7-XMEAS10,0.2857142857142857,5
F02,50,0.2857142857142857,1.5498260458782016,1.1666666666666667,XMEAS10-XMEAS11,0.2857142857142857,5
F02,51,0.2857142857142857,1.549826045878202,1.0,XMEAS10-XMEAS11,0.2857142857142857,5
F02,52,0.2857142857142857,1.5498260458782018,1.1666666666666667,XMEAS8-XMEAS9,0.2857142857142857,5
F02,53,0.42857142857142855,1.2770342594661392,1.0,XMEAS7-XMEAS8,0.42857142857142855,4
F02,54,0.42857142857142855,1.277034259466139,1.4,XMEAS8-XMEAS9,0.42857142857142855,4
F02,55,0.2857142857142857,1.5498260458782016,1.1666666666666667,XMEAS10-XMEAS11,0.2857142857142857,5
F02,56,0.2857142857142857,1.549826045878202,1.0,XMEAS8-XMEAS10,0.2857142857142857,5
F02,57,0.42857142857142855,1.277034259466139,1.1666666666666667,XMEAS8-XMEAS9,0.42857142857142855,4
F02,58,0.42857142857142855,1.475076311054695,1.0,XMEAS8-XMEAS9,0.42857142857142855,5
F02,59,0.2857142857142857,1.351783994289646,1.1666666666666667,XMEAS7-XMEAS8,0.2857142857142857,4
F02,60,0.42857142857142855,1.2770342594661392,1.1666666666666667,XMEAS7-XMEAS9,0.42857142857142855,4
F02,61,0.42857142857142855,1.277034259466139,1.4,XMEAS7-XMEAS10,0.42857142857142855,4
F02,62,0.2857142857142857,1.7478680974667578,1.1666666666666667,XMEAS8-XMEAS10,0.2857142857142857,6
F02,63,0.42857142857142855,1.475076311054695,1.1666666666666667,XMEAS8-XMEAS9,0.42857142857142855,5
F02,64,0.2857142857142857,1.351783994289646,1.0,XMEAS9-XMEAS10,0.2857142857142857,4
F02,65,0.2857142857142857,1.5498260458782016,1.1666666666666667,XMEAS7-XMEAS10,0.2857142857142857,5
F02,66,0.42857142857142855,1.277034259466139,1.1666666666666667,XMEAS8-XMEAS9,0.42857142857142855,4
F02,67,0.42857142857142855,1.277034259466139,1.1666666666666667,XMEAS8-XMEAS9,0.42857142857142855,4
F02,68,0.42857142857142855,1.475076311054695,1.4,XMEAS8-XMEAS9,0.42857142857142855,5
F02,69,0.2857142857142857,1.5498260458782016,1.1666666666666667,XMEAS8-XMEAS9,0.2857142857142857,5
F02,70,0.5714285714285714,0.9556998911125343,1.1666666666666667,XMEAS8-XMEAS9,0.5714285714285714,3
F02,71,0.5714285714285714,1.1537419427010902,1.4,XMEAS8-XMEAS11,0.5714285714285714,4
F02,72,0.2857142857142857,1.351783994289646,1.0,XMEAS8-XMEAS11,0.2857142857142857,4
F02,73,0.2857142857142857,1.7478680974667578,1.0,XMEAS8-XMEAS10,0.2857142857142857,6
F02,74,0.2857142857142857,1.5498260458782016,1.0,XMEAS8-XMEAS10,0.2857142857142857,5
F02,75,0.2857142857142857,1.549826045878202,1.0,XMEAS8-XMEAS9,0.2857142857142857,5
F02,76,0.2857142857142857,1.7478680974667578,1.0,XMEAS8-XMEAS9,0.2857142857142857,6
F02,77,0.2857142857142857,1.7478680974667578,1.0,XMEAS10-XMEAS11,0.2857142857142857,6
F02,78,0.2857142857142857,1.549826045878202,1.0,XMEAS10-XMEAS11,0.2857142857142857,5
F02,79,0.42857142857142855,1.475076311054695,1.1666666666666667,XMEAS8-XMEAS10,0.42857142857142855,5
F02,80,0.42857142857142855,1.4750763110546947,1.1666666666666667,XMEAS8-XMEAS10,0.42857142857142855,5
F02,81,0.2857142857142857,1.549826045878202,1.4,XMEAS8-XMEAS10,0.2857142857142857,5
F02,82,0.2857142857142857,1.7478680974667578,1.1666666666666667,XMEAS8-XMEAS11,0.2857142857142857,6
F02,83,0.42857142857142855,1.475076311054695,1.0,XMEAS8-XMEAS9,0.42857142857142855,5
F02,84,0.2857142857142857,1.7478680974667578,1.0,XMEAS7-XMEAS10,0.2857142857142857,6
F02,85,0.42857142857142855,1.475076311054695,1.1666666666666667,XMEAS8-XMEAS9,0.42857142857142855,5
F02,86,0.2857142857142857,1.351783994289646,1.0,XMEAS8-XMEAS9,0.2857142857142857,4
F02,87,0.2857142857142857,1.7478680974667578,1.1666666666666667,XMEAS8-XMEAS9,0.2857142857142857,6
F02,88,0.42857142857142855,1.277034259466139,1.0,XMEAS8-XMEAS9,0.42857142857142855,4
F02,89,0.42857142857142855,1.475076311054695,1.4,XMEAS7-XMEAS9,0.42857142857142855,5
F02,90,0.2857142857142857,1.549826045878202,1.0,XMEAS7-XMEAS8,0.2857142857142857,5
F02,91,0.42857142857142855,1.0789922078775833,1.75,XMEAS10-XMEAS11,0.42857142857142855,3
F02,92,0.2857142857142857,1.549826045878202,1.1666666666666667,XMEAS8-XMEAS11,0.2857142857142857,5
F02,93,0.5714285714285714,1.1537419427010902,1.1666666666666667,XMEAS9-XMEAS10,0.5714285714285714,4
F02,94,0.42857142857142855,1.475076311054695,1.4,XMEAS8-XMEAS9,0.42857142857142855,5
F02,95,0.42857142857142855,1.475076311054695,1.1666666666666667,XMEAS8-XMEAS9,0.42857142857142855,5
F02,96,0.2857142857142857,1.7478680974667578,1.1666666666666667,XMEAS7-XMEAS9,0.2857142857142857,6
F02,97,0.42857142857142855,1.2770342594661392,1.4,XMEAS10-XMEAS11,0.42857142857142855,4
F02,98,0.2857142857142857,1.549826045878202,1.0,XMEAS8-XMEAS10,0.2857142857142857,5
F02,99,0.42857142857142855,1.2770342594661392,1.1666666666666667,XMEAS7-XMEAS10,0.42857142857142855,4
F02,100,0.42857142857142855,1.0789922078775833,1.0,XMEAS8-XMEAS9,0.42857142857142855,3
F02,101,0.2857142857142857,1.549826045878202,1.0,XMEAS9-XMEAS11,0.2857142857142857,5
F02,102,0.42857142857142855,1.277034259466139,1.0,XMEAS8-XMEAS10,0.42857142857142855,4
F02,103,0.2857142857142857,1.5498260458782016,1.4,XMEAS8-XMEAS9,0.2857142857142857,5
F02,104,0.2857142857142857,1.549826045878202,1.1666666666666667,XMEAS8-XMEAS10,0.2857142857142857,5
F02,105,0.42857142857142855,1.0042424730540764,1.4,XMEAS10-XMEAS11,0.42857142857142855,3
F02,106,0.42857142857142855,1.0789922078775833,2.3333333333333335,XMEAS8-XMEAS10,0.42857142857142855,3
F02,107,0.42857142857142855,1.277034259466139,1.4,XMEAS9-XMEAS10,0.42857142857142855,4
F02,108,0.2857142857142857,1.5498260458782018,1.0,XMEAS9-XMEAS10,0.2857142857142857,5
F02,109,0.42857142857142855,1.475076311054695,1.1666666666666667,XMEAS8-XMEAS10,0.42857142857142855,5
F02,110,0.5714285714285714,1.1537419427010902,1.4,XMEAS8-XMEAS10,0.5714285714285714,4
F02,111,0.2857142857142857,1.7478680974667578,1.0,XMEAS7-XMEAS10,0.2857142857142857,6
F02,112,0.42857142857142855,1.277034259466139,1.1666666666666667,XMEAS9-XMEAS10,0.42857142857142855,4
F02,113,0.14285714285714285,1.945910149055314,1.0,XMEAS9-XMEAS11,0.14285714285714285,7
F02,114,0.2857142857142857,1.549826045878202,1.0,XMEAS9-XMEAS10,0.2857142857142857,5
F02,115,0.42857142857142855,1.475076311054695,1.0,XMEAS10-XMEAS11,0.42857142857142855,5
F02,116,0.42857142857142855,1.475076311054695,1.0,XMEAS8-XMEAS10,0.42857142857142855,5
F02,117,0.2857142857142857,1.549826045878202,1.4,XMEAS10-XMEAS11,0.2857142857142857,5
F02,118,0.2857142857142857,1.549826045878202,1.1666666666666667,XMEAS8-XMEAS9,0.2857142857142857,5
F02,119,0.42857142857142855,1.475076311054695,1.1666666666666667,XMEAS8-XMEAS10,0.42857142857142855,5
F02,120,0.42857142857142855,1.277034259466139,1.1666666666666667,XMEAS9-XMEAS10,0.42857142857142855,4
F02,121,0.2857142857142857,1.351783994289646,1.1666666666666667,XMEAS8-XMEAS11,0.2857142857142857,4
F02,122,0.2857142857142857,1.7478680974667578,1.1666666666666667,XMEAS9-XMEAS11,0.2857142857142857,6
F02,123,0.2857142857142857,1.549826045878202,1.0,XMEAS7-XMEAS8,0.2857142857142857,5
F02,124,0.42857142857142855,1.277034259466139,1.4,XMEAS8-XMEAS10,0.42857142857142855,4
F02,125,0.2857142857142857,1.549826045878202,1.1666666666666667,XMEAS7-XMEAS9,0.2857142857142857,5
F02,126,0.42857142857142855,1.2770342594661392,1.0,XMEAS8-XMEAS9,0.42857142857142855,4
F02,127,0.2857142857142857,1.549826045878202,1.0,XMEAS8-XMEAS10,0.2857142857142857,5
F02,128,0.2857142857142857,1.5498260458782016,1.0,XMEAS10-XMEAS11,0.2857142857142857,5
F02,129,0.42857142857142855,1.277034259466139,1.1666666666666667,XMEAS10-XMEAS11,0.42857142857142855,4
F02,130,0.2857142857142857,1.549826045878202,1.0,XMEAS10-XMEAS11,0.2857142857142857,5
F02,131,0.42857142857142855,1.2770342594661392,1.1666666666666667,XMEAS8-XMEAS9,0.42857142857142855,4
F02,132,0.2857142857142857,1.5498260458782016,1.1666666666666667,XMEAS8-XMEAS9,0.2857142857142857,5
F02,133,0.2857142857142857,1.7478680974667578,1.0,XMEAS8-XMEAS11,0.2857142857142857,6
F02,134,0.2857142857142857,1.5498260458782018,1.4,XMEAS8-XMEAS10,0.2857142857142857,5
F02,135,0.42857142857142855,1.4750763110546947,1.4,XMEAS7-XMEAS9,0.42857142857142855,5
F02,136,0.2857142857142857,1.549826045878202,1.0,XMEAS7-XMEAS9,0.2857142857142857,5
F02,137,0.42857142857142855,1.277034259466139,1.1666666666666667,XMEAS8-XMEAS11,0.42857142857142855,4
F02,138,0.42857142857142855,1.475076311054695,1.1666666666666667,XMEAS7-XMEAS10,0.42857142857142855,5
F02,139,0.5714285714285714,1.1537419427010902,1.1666666666666667,XMEAS8-XMEAS9,0.5714285714285714,4
F02,140,0.2857142857142857,1.7478680974667578,1.0,XMEAS7-XMEAS9,0.2857142857142857,6
F02,141,0.2857142857142857,1.351783994289646,1.0,XMEAS8-XMEAS9,0.2857142857142857,4
F02,142,0.42857142857142855,1.2770342594661392,1.4,XMEAS7-XMEAS10,0.42857142857142855,4
F02,143,0.2857142857142857,1.7478680974667573,1.0,XMEAS8-XMEAS10,0.2857142857142857,6
F02,144,0.2857142857142857,1.351783994289646,1.1666666666666667,XMEAS8-XMEAS9,0.2857142857142857,4
F02,145,0.2857142857142857,1.351783994289646,1.1666666666666667,XMEAS7-XMEAS10,0.2857142857142857,4
F02,146,0.2857142857142857,1.7478680974667578,1.0,XMEAS7-XMEAS10,0.2857142857142857,6
F02,147,0.2857142857142857,1.351783994289646,1.1666666666666667,XMEAS8-XMEAS11,0.2857142857142857,4
F02,148,0.42857142857142855,1.475076311054695,1.1666666666666667,XMEAS8-XMEAS9,0.42857142857142855,5
F02,149,0.42857142857142855,1.277034259466139,1.1666666666666667,XMEAS10-XMEAS11,0.42857142857142855,4
F02,150,0.42857142857142855,1.2770342594661392,1.0,XMEAS8-XMEAS9,0.42857142857142855,4
F02,151,0.2857142857142857,1.5498260458782016,1.1666666666666667,XMEAS8-XMEAS10,0.2857142857142857,5
F02,152,0.2857142857142857,1.549826045878202,1.0,XMEAS7-XMEAS9,0.2857142857142857,5
F02,153,0.2857142857142857,1.549826045878202,1.0,XMEAS8-XMEAS9,0.2857142857142857,5
F02,154,0.14285714285714285,1.945910149055314,1.0,XMEAS8-XMEAS10,0.14285714285714285,7
F02,155,0.2857142857142857,1.549826045878202,1.1666666666666667,XMEAS8-XMEAS9,0.2857142857142857,5
F02,156,0.2857142857142857,1.549826045878202,1.1666666666666667,XMEAS8-XMEAS9,0.2857142857142857,5
F02,157,0.2857142857142857,1.549826045878202,1.1666666666666667,XMEAS8-XMEAS9,0.2857142857142857,5
F02,158,0.2857142857142857,1.7478680974667578,1.1666666666666667,XMEAS8-XMEAS11,0.2857142857142857,6
F02,159,0.2857142857142857,1.7478680974667578,1.0,XMEAS8-XMEAS9,0.2857142857142857,6
F02,160,0.2857142857142857,1.7478680974667578,1.0,XMEAS10-XMEAS11,0.2857142857142857,6
F02,161,0.2857142857142857,1.7478680974667578,1.1666666666666667,XMEAS8-XMEAS10,0.2857142857142857,6
F02,162,0.2857142857142857,1.7478680974667578,1.0,XMEAS10-XMEAS11,0.2857142857142857,6
F02,163,0.2857142857142857,1.7478680974667573,1.1666666666666667,XMEAS10-XMEAS11,0.2857142857142857,6
F02,164,0.2857142857142857,1.7478680974667578,1.0,XMEAS8-XMEAS9,0.2857142857142857,6
F02,165,0.2857142857142857,1.5498260458782016,1.1666666666666667,XMEAS7-XMEAS10,0.2857142857142857,5
F02,166,0.5714285714285714,1.1537419427010902,1.1666666666666667,XMEAS8-XMEAS9,0.5714285714285714,4
F02,167,0.42857142857142855,1.475076311054695,1.0,XMEAS8-XMEAS9,0.42857142857142855,5
F02,168,0.2857142857142857,1.351783994289646,1.4,XMEAS10-XMEAS11,0.2857142857142857,4
F02,169,0.2857142857142857,1.549826045878202,1.0,XMEAS8-XMEAS11,0.2857142857142857,5
F02,170,0.2857142857142857,1.7478680974667578,1.0,XMEAS8-XMEAS10,0.2857142857142857,6
F02,171,0.42857142857142855,1.475076311054695,1.4,XMEAS7-XMEAS8,0.42857142857142855,5
F02,172,0.42857142857142855,1.277034259466139,1.4,XMEAS7-XMEAS8,0.42857142857142855,4
F02,173,0.5714285714285714,0.9556998911125343,1.1666666666666667,XMEAS8-XMEAS9,0.5714285714285714,3
F02,174,0.2857142857142857,1.7478680974667578,1.1666666666666667,XMEAS8-XMEAS9,0.2857142857142857,6
F02,175,0.2857142857142857,1.5498260458782016,1.1666666666666667,XMEAS8-XMEAS10,0.2857142857142857,5
F02,176,0.2857142857142857,1.7478680974667578,1.0,XMEAS8-XMEAS11,0.2857142857142857,6
F02,177,0.42857142857142855,1.2770342594661392,1.1666666666666667,XMEAS9-XMEAS10,0.42857142857142855,4
F02,178,0.42857142857142855,1.475076311054695,1.1666666666666667,XMEAS8-XMEAS10,0.42857142857142855,5
F02,179,0.2857142857142857,1.7478680974667573,1.1666666666666667,XMEAS9-XMEAS10,0.2857142857142857,6
F02,180,0.42857142857142855,1.277034259466139,1.4,XMEAS8-XMEAS9,0.42857142857142855,4
F02,181,0.42857142857142855,1.2770342594661392,1.0,XMEAS8-XMEAS10,0.42857142857142855,4
F02,182,0.42857142857142855,1.4750763110546947,1.1666666666666667,XMEAS8-XMEAS9,0.42857142857142855,5
F02,183,0.2857142857142857,1.549826045878202,1.1666666666666667,XMEAS9-XMEAS10,0.2857142857142857,5
F02,184,0.2857142857142857,1.7478680974667578,1.0,XMEAS10-XMEAS11,0.2857142857142857,6
F02,185,0.2857142857142857,1.549826045878202,1.0,XMEAS8-XMEAS9,0.2857142857142857,5
F02,186,0.2857142857142857,1.351783994289646,1.0,XMEAS7-XMEAS10,0.2857142857142857,4
F02,187,0.2857142857142857,1.549826045878202,1.1666666666666667,XMEAS8-XMEAS9,0.2857142857142857,5
F02,188,0.2857142857142857,1.7478680974667578,1.0,XMEAS7-XMEAS10,0.2857142857142857,6
F02,189,0.42857142857142855,1.277034259466139,1.1666666666666667,XMEAS8-XMEAS10,0.42857142857142855,4
F02,190,0.42857142857142855,1.2770342594661392,1.4,XMEAS8-XMEAS10,0.42857142857142855,4
F02,191,0.42857142857142855,1.277034259466139,1.0,XMEAS8-XMEAS9,0.42857142857142855,4
F02,192,0.2857142857142857,1.549826045878202,1.1666666666666667,XMEAS7-XMEAS8,0.2857142857142857,5
F02,193,0.2857142857142857,1.7478680974667578,1.0,XMEAS10-XMEAS11,0.2857142857142857,6
F02,194,0.2857142857142857,1.5498260458782016,1.1666666666666667,XMEAS8-XMEAS10,0.2857142857142857,5
F02,195,0.2857142857142857,1.549826045878202,1.1666666666666667,XMEAS8-XMEAS9,0.2857142857142857,5
F02,196,0.42857142857142855,1.277034259466139,1.4,XMEAS10-XMEAS11,0.42857142857142855,4
F02,197,0.2857142857142857,1.7478680974667578,1.1666666666666667,XMEAS8-XMEAS9,0.2857142857142857,6
F02,198,0.42857142857142855,1.2770342594661392,1.0,XMEAS7-XMEAS9,0.42857142857142855,4
F02,199,0.2857142857142857,1.7478680974667573,1.0,XMEAS8-XMEAS9,0.2857142857142857,6
F02,200,0.2857142857142857,1.5498260458782016,1.1666666666666667,XMEAS8-XMEAS9,0.2857142857142857,5
F02,201,0.2857142857142857,1.5498260458782018,1.0,XMEAS8-XMEAS9,0.2857142857142857,5
F02,202,0.5714285714285714,1.1537419427010902,1.75,XMEAS9-XMEAS10,0.5714285714285714,4
F02,203,0.2857142857142857,1.7478680974667578,1.0,XMEAS8-XMEAS10,0.2857142857142857,6
F02,204,0.7142857142857143,0.5982695885852573,1.75,XMEAS8-XMEAS9,0.7142857142857143,2
F02,205,0.2857142857142857,1.5498260458782018,1.1666666666666667,XMEAS8-XMEAS9,0.2857142857142857,5
F02,206,0.2857142857142857,1.351783994289646,1.1666666666666667,XMEAS8-XMEAS11,0.2857142857142857,4
F02,207,0.2857142857142857,1.5498260458782016,1.4,XMEAS8-XMEAS9,0.2857142857142857,5
F02,208,0.2857142857142857,1.5498260458782016,1.0,XMEAS8-XMEAS9,0.2857142857142857,5
F02,209,0.2857142857142857,1.7478680974667573,1.1666666666666667,XMEAS7-XMEAS10,0.2857142857142857,6
F02,210,0.2857142857142857,1.7478680974667578,1.1666666666666667,XMEAS8-XMEAS9,0.2857142857142857,6
F02,211,0.2857142857142857,1.549826045878202,1.0,XMEAS8-XMEAS9,0.2857142857142857,5
F02,212,0.5714285714285714,1.1537419427010902,1.4,XMEAS8-XMEAS10,0.5714285714285714,4
F02,213,0.2857142857142857,1.5498260458782016,1.1666666666666667,XMEAS7-XMEAS10,0.2857142857142857,5
F02,214,0.2857142857142857,1.5498260458782016,1.0,XMEAS8-XMEAS11,0.2857142857142857,5
F02,215,0.42857142857142855,1.2770342594661392,1.1666666666666667,XMEAS8-XMEAS9,0.42857142857142855,4
F02,216,0.2857142857142857,1.549826045878202,1.1666666666666667,XMEAS7-XMEAS8,0.2857142857142857,5
F02,217,0.42857142857142855,1.277034259466139,1.1666666666666667,XMEAS8-XMEAS10,0.42857142857142855,4
F02,218,0.5714285714285714,1.1537419427010902,1.75,XMEAS8-XMEAS9,0.5714285714285714,4
F02,219,0.2857142857142857,1.5498260458782016,1.0,XMEAS8-XMEAS10,0.2857142857142857,5
F02,220,0.42857142857142855,1.2770342594661392,1.1666666666666667,XMEAS8-XMEAS9,0.42857142857142855,4
F02,221,0.2857142857142857,1.7478680974667578,1.0,XMEAS10-XMEAS11,0.2857142857142857,6
F02,222,0.42857142857142855,1.277034259466139,1.4,XMEAS8-XMEAS9,0.42857142857142855,4
F02,223,0.2857142857142857,1.549826045878202,1.0,XMEAS8-XMEAS10,0.2857142857142857,5
F02,224,0.42857142857142855,1.475076311054695,1.4,XMEAS8-XMEAS9,0.42857142857142855,5
F02,225,0.2857142857142857,1.351783994289646,1.4,XMEAS8-XMEAS11,0.2857142857142857,4
F02,226,0.42857142857142855,1.2770342594661392,1.0,XMEAS7-XMEAS10,0.42857142857142855,4
F02,227,0.2857142857142857,1.7478680974667578,1.0,XMEAS8-XMEAS9,0.2857142857142857,6
F02,228,0.2857142857142857,1.7478680974667573,1.0,XMEAS10-XMEAS11,0.2857142857142857,6
F02,229,0.2857142857142857,1.351783994289646,1.0,XMEAS8-XMEAS11,0.2857142857142857,4
F02,230,0.2857142857142857,1.5498260458782018,1.1666666666666667,XMEAS7-XMEAS8,0.2857142857142857,5
F02,231,0.5714285714285714,1.1537419427010902,1.4,XMEAS8-XMEAS10,0.5714285714285714,4
F02,232,0.42857142857142855,1.2770342594661392,1.1666666666666667,XMEAS10-XMEAS11,0.42857142857142855,4
F02,233,0.5714285714285714,0.9556998911125343,1.75,XMEAS8-XMEAS9,0.5714285714285714,3
F02,234,0.2857142857142857,1.549826045878202,1.0,XMEAS8-XMEAS10,0.2857142857142857,5
F02,235,0.42857142857142855,1.475076311054695,1.1666666666666667,XMEAS8-XMEAS9,0.42857142857142855,5
F02,236,0.42857142857142855,1.2770342594661392,1.0,XMEAS8-XMEAS10,0.42857142857142855,4
F02,237,0.2857142857142857,1.549826045878202,1.0,XMEAS7-XMEAS8,0.2857142857142857,5
F02,238,0.2857142857142857,1.7478680974667578,1.0,XMEAS7-XMEAS10,0.2857142857142857,6
F02,239,0.2857142857142857,1.549826045878202,1.1666666666666667,XMEAS8-XMEAS10,0.2857142857142857,5
F02,240,0.2857142857142857,1.549826045878202,1.1666666666666667,XMEAS8-XMEAS10,0.2857142857142857,5
F02,241,0.2857142857142857,1.7478680974667578,1.0,XMEAS8-XMEAS10,0.2857142857142857,6
F02,242,0.14285714285714285,1.945910149055314,1.0,XMEAS10-XMEAS11,0.14285714285714285,7
F02,243,0.42857142857142855,1.0789922078775833,1.1666666666666667,XMEAS7-XMEAS8,0.42857142857142855,3
F02,244,0.14285714285714285,1.945910149055314,1.0,XMEAS8-XMEAS11,0.14285714285714285,7
F02,245,0.14285714285714285,1.945910149055314,1.0,XMEAS8-XMEAS11,0.14285714285714285,7
F02,246,0.5714285714285714,0.6829081047004717,1.75,XMEAS8-XMEAS9,0.5714285714285714,2
F02,247,0.2857142857142857,1.7478680974667578,1.0,XMEAS10-XMEAS11,0.2857142857142857,6
F02,248,0.2857142857142857,1.7478680974667578,1.1666666666666667,XMEAS8-XMEAS9,0.2857142857142857,6
F02,249,0.5714285714285714,1.1537419427010902,1.4,XMEAS8-XMEAS9,0.5714285714285714,4
F02,250,0.42857142857142855,1.475076311054695,1.1666666666666667,XMEAS10-XMEAS11,0.42857142857142855,5
F02,251,0.42857142857142855,1.277034259466139,1.1666666666666667,XMEAS9-XMEAS10,0.42857142857142855,4
F02,252,0.42857142857142855,1.0789922078775833,1.0,XMEAS8-XMEAS9,0.42857142857142855,3
F02,253,0.2857142857142857,1.5498260458782018,1.0,XMEAS8-XMEAS9,0.2857142857142857,5
F02,254,0.2857142857142857,1.549826045878202,1.1666666666666667,XMEAS8-XMEAS10,0.2857142857142857,5
F02,255,0.2857142857142857,1.7478680974667578,1.0,XMEAS8-XMEAS9,0.2857142857142857,6
F02,256,0.2857142857142857,1.5498260458782016,1.0,XMEAS9-XMEAS10,0.2857142857142857,5
F02,257,0.42857142857142855,1.475076311054695,1.0,XMEAS7-XMEAS8,0.42857142857142855,5
F02,258,0.42857142857142855,1.475076311054695,1.1666666666666667,XMEAS8-XMEAS9,0.42857142857142855,5
F02,259,0.42857142857142855,1.2770342594661392,1.4,XMEAS10-XMEAS11,0.42857142857142855,4
F02,260,0.2857142857142857,1.351783994289646,1.0,XMEAS8-XMEAS11,0.2857142857142857,4
F02,261,0.42857142857142855,1.0042424730540764,1.1666666666666667,XMEAS10-XMEAS11,0.42857142857142855,3
F02,262,0.2857142857142857,1.7478680974667573,1.0,XMEAS10-XMEAS11,0.2857142857142857,6
F02,263,0.2857142857142857,1.7478680974667573,1.1666666666666667,XMEAS8-XMEAS9,0.2857142857142857,6
F02,264,0.42857142857142855,1.2770342594661392,1.75,XMEAS10-XMEAS11,0.42857142857142855,4
F02,265,0.2857142857142857,1.7478680974667578,1.1666666666666667,XMEAS7-XMEAS10,0.2857142857142857,6
F02,266,0.42857142857142855,1.475076311054695,1.0,XMEAS8-XMEAS9,0.42857142857142855,5
F02,267,0.2857142857142857,1.5498260458782016,1.4,XMEAS8-XMEAS10,0.2857142857142857,5
F02,268,0.42857142857142855,1.475076311054695,1.4,XMEAS8-XMEAS9,0.42857142857142855,5
F02,269,0.5714285714285714,0.9556998911125343,1.1666666666666667,XMEAS8-XMEAS9,0.5714285714285714,3
F02,270,0.2857142857142857,1.5498260458782016,1.1666666666666667,XMEAS7-XMEAS9,0.2857142857142857,5
F02,271,0.42857142857142855,1.475076311054695,1.0,XMEAS9-XMEAS11,0.42857142857142855,5
F02,272,0.42857142857142855,1.475076311054695,1.1666666666666667,XMEAS8-XMEAS9,0.42857142857142855,5
F02,273,0.42857142857142855,1.2770342594661392,1.4,XMEAS8-XMEAS9,0.42857142857142855,4
F02,274,0.42857142857142855,1.2770342594661392,1.1666666666666667,XMEAS8-XMEAS9,0.42857142857142855,4
F02,275,0.2857142857142857,1.5498260458782018,1.0,XMEAS8-XMEAS9,0.2857142857142857,5
F02,276,0.2857142857142857,1.5498260458782016,1.1666666666666667,XMEAS8-XMEAS10,0.2857142857142857,5
F02,277,0.2857142857142857,1.7478680974667573,1.1666666666666667,XMEAS8-XMEAS11,0.2857142857142857,6
F02,278,0.2857142857142857,1.7478680974667578,1.1666666666666667,XMEAS8-XMEAS9,0.2857142857142857,6
F02,279,0.2857142857142857,1.5498260458782018,1.1666666666666667,XMEAS7-XMEAS9,0.2857142857142857,5
F02,280,0.2857142857142857,1.549826045878202,1.0,XMEAS8-XMEAS10,0.2857142857142857,5
F02,281,0.2857142857142857,1.7478680974667578,1.0,XMEAS8-XMEAS9,0.2857142857142857,6
F02,282,0.2857142857142857,1.5498260458782018,1.4,XMEAS10-XMEAS11,0.2857142857142857,5
F02,283,0.2857142857142857,1.351783994289646,1.1666666666666667,XMEAS8-XMEAS9,0.2857142857142857,4
F02,284,0.2857142857142857,1.549826045878202,1.0,XMEAS8-XMEAS9,0.2857142857142857,5
F02,285,0.2857142857142857,1.549826045878202,1.0,XMEAS8-XMEAS9,0.2857142857142857,5
F02,286,0.2857142857142857,1.7478680974667573,1.1666666666666667,XMEAS7-XMEAS8,0.2857142857142857,6
F02,287,0.42857142857142855,1.475076311054695,1.0,XMEAS9-XMEAS10,0.42857142857142855,5
F02,288,0.2857142857142857,1.7478680974667578,1.0,XMEAS10-XMEAS11,0.2857142857142857,6
F02,289,0.42857142857142855,1.277034259466139,1.0,XMEAS9-XMEAS10,0.42857142857142855,4
F02,290,0.2857142857142857,1.5498260458782018,1.1666666666666667,XMEAS7-XMEAS10,0.2857142857142857,5
F02,291,0.2857142857142857,1.7478680974667578,1.1666666666666667,XMEAS7-XMEAS8,0.2857142857142857,6
F02,292,0.2857142857142857,1.7478680974667578,1.0,XMEAS8-XMEAS10,0.2857142857142857,6
F02,293,0.5714285714285714,1.1537419427010902,1.4,XMEAS8-XMEAS9,0.5714285714285714,4
F02,294,0.14285714285714285,1.945910149055314,1.0,XMEAS8-XMEAS10,0.14285714285714285,7
F02,295,0.42857142857142855,1.475076311054695,1.1666666666666667,XMEAS8-XMEAS11,0.42857142857142855,5
F02,296,0.42857142857142855,1.475076311054695,1.1666666666666667,XMEAS8-XMEAS9,0.42857142857142855,5
F02,297,0.5714285714285714,0.9556998911125343,1.1666666666666667,XMEAS8-XMEAS9,0.5714285714285714,3
F02,298,0.42857142857142855,1.475076311054695,1.1666666666666667,XMEAS8-XMEAS9,0.42857142857142855,5
F02,299,0.42857142857142855,1.2770342594661392,1.1666666666666667,XMEAS8-XMEAS9,0.42857142857142855,4
F02,300,0.2857142857142857,1.5498260458782016,1.1666666666666667,XMEAS8-XMEAS11,0.2857142857142857,5
F02,301,0.42857142857142855,1.2770342594661392,1.1666666666666667,XMEAS8-XMEAS10,0.42857142857142855,4
F02,302,0.2857142857142857,1.549826045878202,1.0,XMEAS10-XMEAS11,0.2857142857142857,5
F02,303,0.42857142857142855,1.475076311054695,1.1666666666666667,XMEAS8-XMEAS10,0.42857142857142855,5
F02,304,0.2857142857142857,1.549826045878202,1.0,XMEAS7-XMEAS8,0.2857142857142857,5
F02,305,0.2857142857142857,1.7478680974667578,1.0,XMEAS9-XMEAS10,0.2857142857142857,6
F02,306,0.2857142857142857,1.5498260458782018,1.1666666666666667,XMEAS8-XMEAS10,0.2857142857142857,5
F02,307,0.2857142857142857,1.5498260458782016,1.0,XMEAS8-XMEAS9,0.2857142857142857,5
F02,308,0.42857142857142855,1.475076311054695,1.1666666666666667,XMEAS8-XMEAS10,0.42857142857142855,5
F02,309,0.2857142857142857,1.5498260458782016,1.0,XMEAS10-XMEAS11,0.2857142857142857,5
F02,310,0.42857142857142855,1.475076311054695,1.1666666666666667,XMEAS8-XMEAS9,0.42857142857142855,5
F02,311,0.42857142857142855,1.277034259466139,1.4,XMEAS8-XMEAS9,0.42857142857142855,4
F02,312,0.2857142857142857,1.549826045878202,1.0,XMEAS8-XMEAS9,0.2857142857142857,5
F02,313,0.2857142857142857,1.5498260458782016,1.1666666666666667,XMEAS8-XMEAS11,0.2857142857142857,5
F02,314,0.5714285714285714,0.9556998911125343,1.75,XMEAS8-XMEAS9,0.5714285714285714,3
F02,315,0.42857142857142855,1.2770342594661392,1.1666666666666667,XMEAS8-XMEAS9,0.42857142857142855,4
F02,316,0.2857142857142857,1.351783994289646,1.1666666666666667,XMEAS7-XMEAS8,0.2857142857142857,4
F02,317,0.5714285714285714,1.1537419427010902,1.4,XMEAS8-XMEAS9,0.5714285714285714,4
F02,318,0.2857142857142857,1.7478680974667578,1.0,XMEAS9-XMEAS10,0.2857142857142857,6
F02,319,0.42857142857142855,1.277034259466139,1.4,XMEAS8-XMEAS9,0.42857142857142855,4
F02,320,0.42857142857142855,1.277034259466139,1.1666666666666667,XMEAS8-XMEAS9,0.42857142857142855,4
F02,321,0.5714285714285714,1.1537419427010902,1.1666666666666667,XMEAS8-XMEAS9,0.5714285714285714,4
F02,322,0.42857142857142855,1.2770342594661392,1.1666666666666667,XMEAS8-XMEAS9,0.42857142857142855,4
F02,323,0.2857142857142857,1.549826045878202,1.1666666666666667,XMEAS7-XMEAS10,0.2857142857142857,5
F02,324,0.2857142857142857,1.5498260458782016,1.1666666666666667,XMEAS8-XMEAS10,0.2857142857142857,5
F02,325,0.42857142857142855,1.2770342594661392,1.1666666666666667,XMEAS8-XMEAS9,0.42857142857142855,4
F02,326,0.42857142857142855,1.2770342594661392,1.0,XMEAS8-XMEAS11,0.42857142857142855,4
F02,327,0.42857142857142855,1.277034259466139,1.0,XMEAS8-XMEAS9,0.42857142857142855,4
F02,328,0.42857142857142855,1.2770342594661392,1.4,XMEAS8-XMEAS9,0.42857142857142855,4
F02,329,0.2857142857142857,1.7478680974667578,1.0,XMEAS9-XMEAS10,0.2857142857142857,6
F02,330,0.5714285714285714,1.15374194270109,1.4,XMEAS8-XMEAS9,0.5714285714285714,4
F02,331,0.42857142857142855,1.475076311054695,1.1666666666666667,XMEAS7-XMEAS9,0.42857142857142855,5
F02,332,0.42857142857142855,1.4750763110546947,1.1666666666666667,XMEAS9-XMEAS10,0.42857142857142855,5
F02,333,0.2857142857142857,1.549826045878202,1.0,XMEAS7-XMEAS8,0.2857142857142857,5
F02,334,0.5714285714285714,0.9556998911125343,1.4,XMEAS8-XMEAS9,0.5714285714285714,3
F02,335,0.42857142857142855,1.277034259466139,1.4,XMEAS8-XMEAS11,0.42857142857142855,4
F02,336,0.2857142857142857,1.549826045878202,1.0,XMEAS9-XMEAS10,0.2857142857142857,5
F02,337,0.2857142857142857,1.5498260458782016,1.0,XMEAS8-XMEAS9,0.2857142857142857,5
F02,338,0.2857142857142857,1.7478680974667578,1.0,XMEAS10-XMEAS11,0.2857142857142857,6
F02,339,0.5714285714285714,0.9556998911125343,1.4,XMEAS8-XMEAS10,0.5714285714285714,3
F02,340,0.2857142857142857,1.7478680974667578,1.0,XMEAS8-XMEAS9,0.2857142857142857,6
F02,341,0.2857142857142857,1.5498260458782018,1.1666666666666667,XMEAS7-XMEAS9,0.2857142857142857,5
F02,342,0.42857142857142855,1.277034259466139,1.4,XMEAS10-XMEAS11,0.42857142857142855,4
F02,343,0.42857142857142855,1.277034259466139,1.1666666666666667,XMEAS7-XMEAS8,0.42857142857142855,4
F02,344,0.42857142857142855,1.2770342594661392,1.75,XMEAS8-XMEAS9,0.42857142857142855,4
F02,345,0.14285714285714285,1.945910149055314,1.0,XMEAS8-XMEAS10,0.14285714285714285,7
F02,346,0.2857142857142857,1.7478680974667578,1.0,XMEAS10-XMEAS11,0.2857142857142857,6
F02,347,0.5714285714285714,1.1537419427010902,1.4,XMEAS8-XMEAS9,0.5714285714285714,4
F02,348,0.14285714285714285,1.945910149055314,1.0,XMEAS7-XMEAS11,0.14285714285714285,7
F02,349,0.2857142857142857,1.7478680974667578,1.0,XMEAS8-XMEAS9,0.2857142857142857,6
F02,350,0.42857142857142855,1.475076311054695,1.1666666666666667,XMEAS8-XMEAS11,0.42857142857142855,5
F02,351,0.42857142857142855,1.4750763110546947,1.4,XMEAS8-XMEAS9,0.42857142857142855,5
F02,352,0.2857142857142857,1.7478680974667578,1.1666666666666667,XMEAS9-XMEAS10,0.2857142857142857,6
F02,353,0.2857142857142857,1.5498260458782016,1.0,XMEAS9-XMEAS10,0.2857142857142857,5
F02,354,0.2857142857142857,1.351783994289646,1.1666666666666667,XMEAS8-XMEAS10,0.2857142857142857,4
F02,355,0.2857142857142857,1.549826045878202,1.0,XMEAS8-XMEAS11,0.2857142857142857,5
F02,356,0.42857142857142855,1.0789922078775833,1.1666666666666667,XMEAS10-XMEAS11,0.42857142857142855,3
F02,357,0.42857142857142855,1.0042424730540764,1.4,XMEAS8-XMEAS11,0.42857142857142855,3
F02,358,0.2857142857142857,1.7478680974667578,1.0,XMEAS8-XMEAS11,0.2857142857142857,6
F02,359,0.2857142857142857,1.5498260458782016,1.1666666666666667,XMEAS8-XMEAS11,0.2857142857142857,5
F02,360,0.2857142857142857,1.7478680974667578,1.0,XMEAS7-XMEAS10,0.2857142857142857,6
F02,361,0.2857142857142857,1.549826045878202,1.1666666666666667,XMEAS9-XMEAS11,0.2857142857142857,5
F02,362,0.2857142857142857,1.5498260458782018,1.0,XMEAS7-XMEAS11,0.2857142857142857,5
F02,363,0.42857142857142855,1.475076311054695,1.0,XMEAS8-XMEAS10,0.42857142857142855,5
F02,364,0.2857142857142857,1.7478680974667578,1.0,XMEAS8-XMEAS11,0.2857142857142857,6
F02,365,0.2857142857142857,1.549826045878202,1.0,XMEAS8-XMEAS10,0.2857142857142857,5
F02,366,0.2857142857142857,1.351783994289646,1.1666666666666667,XMEAS8-XMEAS11,0.2857142857142857,4
F02,367,0.5714285714285714,1.1537419427010902,1.1666666666666667,XMEAS8-XMEAS9,0.5714285714285714,4
F02,368,0.42857142857142855,1.475076311054695,1.0,XMEAS7-XMEAS9,0.42857142857142855,5
F02,369,0.2857142857142857,1.7478680974667578,1.1666666666666667,XMEAS10-XMEAS11,0.2857142857142857,6
F02,370,0.2857142857142857,1.7478680974667578,1.1666666666666667,XMEAS8-XMEAS9,0.2857142857142857,6
F02,371,0.2857142857142857,1.7478680974667578,1.0,XMEAS8-XMEAS10,0.2857142857142857,6
F02,372,0.42857142857142855,1.277034259466139,1.1666666666666667,XMEAS8-XMEAS9,0.42857142857142855,4
F02,373,0.2857142857142857,1.7478680974667578,1.1666666666666667,XMEAS8-XMEAS10,0.2857142857142857,6
F02,374,0.42857142857142855,1.4750763110546947,1.4,XMEAS8-XMEAS9,0.42857142857142855,5
F02,375,0.42857142857142855,1.2770342594661392,1.1666666666666667,XMEAS8-XMEAS9,0.42857142857142855,4
F02,376,0.2857142857142857,1.7478680974667578,1.1666666666666667,XMEAS9-XMEAS10,0.2857142857142857,6
F02,377,0.2857142857142857,1.549826045878202,1.0,XMEAS8-XMEAS11,0.2857142857142857,5
F02,378,0.2857142857142857,1.5498260458782016,1.0,XMEAS8-XMEAS10,0.2857142857142857,5
F02,379,0.42857142857142855,1.475076311054695,1.1666666666666667,XMEAS8-XMEAS9,0.42857142857142855,5
F02,380,0.42857142857142855,1.2770342594661392,1.0,XMEAS8-XMEAS10,0.42857142857142855,4
F02,381,0.42857142857142855,1.277034259466139,1.4,XMEAS7-XMEAS10,0.42857142857142855,4
F02,382,0.42857142857142855,1.2770342594661392,1.1666666666666667,XMEAS8-XMEAS10,0.42857142857142855,4
F02,383,0.2857142857142857,1.351783994289646,1.0,XMEAS9-XMEAS11,0.2857142857142857,4
F02,384,0.2857142857142857,1.7478680974667578,1.1666666666666667,XMEAS8-XMEAS9,0.2857142857142857,6
F02,385,0.42857142857142855,1.277034259466139,1.1666666666666667,XMEAS9-XMEAS11,0.42857142857142855,4
F02,386,0.42857142857142855,1.277034259466139,1.1666666666666667,XMEAS8-XMEAS9,0.42857142857142855,4
F02,387,0.2857142857142857,1.549826045878202,1.0,XMEAS8-XMEAS9,0.2857142857142857,5
F02,388,0.2857142857142857,1.5498260458782016,1.4,XMEAS7-XMEAS10,0.2857142857142857,5
F02,389,0.2857142857142857,1.549826045878202,1.0,XMEAS8-XMEAS10,0.2857142857142857,5
F02,390,0.42857142857142855,1.2770342594661392,1.0,XMEAS8-XMEAS9,0.42857142857142855,4
F02,391,0.2857142857142857,1.5498260458782016,1.1666666666666667,XMEAS10-XMEAS11,0.2857142857142857,5
F02,392,0.5714285714285714,1.1537419427010902,1.75,XMEAS8-XMEAS9,0.5714285714285714,4
F02,393,0.2857142857142857,1.7478680974667578,1.1666666666666667,XMEAS9-XMEAS10,0.2857142857142857,6
F02,394,0.42857142857142855,1.277034259466139,1.1666666666666667,XMEAS8-XMEAS9,0.42857142857142855,4
F02,395,0.2857142857142857,1.7478680974667578,1.0,XMEAS8-XMEAS9,0.2857142857142857,6
F02,396,0.42857142857142855,1.277034259466139,1.0,XMEAS8-XMEAS9,0.42857142857142855,4
F02,397,0.2857142857142857,1.7478680974667578,1.1666666666666667,XMEAS7-XMEAS8,0.2857142857142857,6
F02,398,0.2857142857142857,1.5498260458782016,1.0,XMEAS10-XMEAS11,0.2857142857142857,5
F02,399,0.2857142857142857,1.549826045878202,1.1666666666666667,XMEAS7-XMEAS8,0.2857142857142857,5
F02,400,0.42857142857142855,1.2770342594661392,1.1666666666666667,XMEAS8-XMEAS9,0.42857142857142855,4
F02,401,0.42857142857142855,1.4750763110546947,1.1666666666666667,XMEAS8-XMEAS9,0.42857142857142855,5
F02,402,0.2857142857142857,1.7478680974667573,1.1666666666666667,XMEAS8-XMEAS9,0.2857142857142857,6
F02,403,0.42857142857142855,1.475076311054695,1.1666666666666667,XMEAS8-XMEAS9,0.42857142857142855,5
F02,404,0.2857142857142857,1.549826045878202,1.0,XMEAS10-XMEAS11,0.2857142857142857,5
F02,405,0.42857142857142855,1.277034259466139,1.0,XMEAS10-XMEAS11,0.42857142857142855,4
F02,406,0.2857142857142857,1.7478680974667578,1.0,XMEAS7-XMEAS8,0.2857142857142857,6
F02,407,0.42857142857142855,1.2770342594661392,1.4,XMEAS8-XMEAS10,0.42857142857142855,4
F02,408,0.2857142857142857,1.5498260458782018,1.4,XMEAS10-XMEAS11,0.2857142857142857,5
F02,409,0.2857142857142857,1.351783994289646,1.0,XMEAS8-XMEAS11,0.2857142857142857,4
F02,410,0.42857142857142855,1.475076311054695,1.1666666666666667,XMEAS8-XMEAS10,0.42857142857142855,5
F02,411,0.42857142857142855,1.277034259466139,1.0,XMEAS8-XMEAS9,0.42857142857142855,4
F02,412,0.2857142857142857,1.549826045878202,1.0,XMEAS8-XMEAS9,0.2857142857142857,5
F02,413,0.42857142857142855,1.475076311054695,1.0,XMEAS8-XMEAS9,0.42857142857142855,5
F02,414,0.2857142857142857,1.7478680974667578,1.0,XMEAS10-XMEAS11,0.2857142857142857,6
F02,415,0.5714285714285714,0.9556998911125343,1.1666666666666667,XMEAS8-XMEAS9,0.5714285714285714,3
F02,416,0.2857142857142857,1.549826045878202,1.0,XMEAS8-XMEAS10,0.2857142857142857,5
F02,417,0.42857142857142855,1.277034259466139,1.4,XMEAS10-XMEAS11,0.42857142857142855,4
F02,418,0.42857142857142855,1.2770342594661392,1.1666666666666667,XMEAS8-XMEAS10,0.42857142857142855,4
F02,419,0.2857142857142857,1.549826045878202,1.4,XMEAS7-XMEAS10,0.2857142857142857,5
F02,420,0.42857142857142855,1.2770342594661392,1.4,XMEAS9-XMEAS10,0.42857142857142855,4
F02,421,0.2857142857142857,1.7478680974667578,1.0,XMEAS9-XMEAS10,0.2857142857142857,6
F02,422,0.5714285714285714,1.1537419427010902,1.75,XMEAS8-XMEAS9,0.5714285714285714,4
F02,423,0.2857142857142857,1.549826045878202,1.0,XMEAS8-XMEAS9,0.2857142857142857,5
F02,424,0.42857142857142855,1.277034259466139,1.4,XMEAS7-XMEAS9,0.42857142857142855,4
F02,425,0.42857142857142855,1.2770342594661392,1.1666666666666667,XMEAS8-XMEAS9,0.42857142857142855,4
F02,426,0.2857142857142857,1.351783994289646,1.1666666666666667,XMEAS8-XMEAS10,0.2857142857142857,4
F02,427,0.2857142857142857,1.5498260458782016,1.0,XMEAS8-XMEAS9,0.2857142857142857,5
F02,428,0.2857142857142857,1.351783994289646,1.0,XMEAS10-XMEAS11,0.2857142857142857,4
F02,429,0.2857142857142857,1.5498260458782018,1.1666666666666667,XMEAS10-XMEAS11,0.2857142857142857,5
F02,430,0.42857142857142855,1.2770342594661392,1.1666666666666667,XMEAS8-XMEAS10,0.42857142857142855,4
F02,431,0.2857142857142857,1.351783994289646,1.1666666666666667,XMEAS8-XMEAS11,0.2857142857142857,4
F02,432,0.2857142857142857,1.7478680974667578,1.0,XMEAS7-XMEAS9,0.2857142857142857,6
F02,433,0.42857142857142855,1.475076311054695,1.4,XMEAS8-XMEAS10,0.42857142857142855,5
F02,434,0.14285714285714285,1.945910149055314,1.0,XMEAS7-XMEAS11,0.14285714285714285,7
F02,435,0.2857142857142857,1.7478680974667578,1.0,XMEAS8-XMEAS10,0.2857142857142857,6
F02,436,0.2857142857142857,1.549826045878202,1.1666666666666667,XMEAS8-XMEAS9,0.2857142857142857,5
F02,437,0.2857142857142857,1.549826045878202,1.1666666666666667,XMEAS10-XMEAS11,0.2857142857142857,5
F02,438,0.42857142857142855,1.475076311054695,1.1666666666666667,XMEAS8-XMEAS10,0.42857142857142855,5
F02,439,0.2857142857142857,1.7478680974667578,1.0,XMEAS10-XMEAS11,0.2857142857142857,6
F02,440,0.42857142857142855,1.277034259466139,1.0,XMEAS8-XMEAS9,0.42857142857142855,4
F02,441,0.2857142857142857,1.7478680974667578,1.0,XMEAS8-XMEAS9,0.2857142857142857,6
F02,442,0.2857142857142857,1.549826045878202,1.0,XMEAS10-XMEAS11,0.2857142857142857,5
F02,443,0.2857142857142857,1.549826045878202,1.1666666666666667,XMEAS10-XMEAS11,0.2857142857142857,5
F02,444,0.42857142857142855,1.277034259466139,1.4,XMEAS8-XMEAS10,0.42857142857142855,4
F02,445,0.2857142857142857,1.7478680974667573,1.0,XMEAS9-XMEAS10,0.2857142857142857,6
F02,446,0.42857142857142855,1.4750763110546947,1.1666666666666667,XMEAS8-XMEAS9,0.42857142857142855,5
F02,447,0.2857142857142857,1.7478680974667578,1.0,XMEAS8-XMEAS9,0.2857142857142857,6
F02,448,0.42857142857142855,1.475076311054695,1.1666666666666667,XMEAS8-XMEAS11,0.42857142857142855,5
F02,449,0.42857142857142855,1.475076311054695,1.1666666666666667,XMEAS8-XMEAS9,0.42857142857142855,5
F02,450,0.42857142857142855,1.277034259466139,1.1666666666666667,XMEAS8-XMEAS9,0.42857142857142855,4
F02,451,0.2857142857142857,1.351783994289646,1.1666666666666667,XMEAS8-XMEAS9,0.2857142857142857,4
F02,452,0.2857142857142857,1.549826045878202,1.0,XMEAS9-XMEAS10,0.2857142857142857,5
F02,453,0.2857142857142857,1.549826045878202,1.0,XMEAS8-XMEAS9,0.2857142857142857,5
F02,454,0.2857142857142857,1.7478680974667578,1.0,XMEAS8-XMEAS9,0.2857142857142857,6
F02,455,0.2857142857142857,1.549826045878202,1.0,XMEAS8-XMEAS10,0.2857142857142857,5
F02,456,0.42857142857142855,1.277034259466139,1.4,XMEAS10-XMEAS11,0.42857142857142855,4
F02,457,0.5714285714285714,1.1537419427010902,1.1666666666666667,XMEAS8-XMEAS9,0.5714285714285714,4
F02,458,0.2857142857142857,1.549826045878202,1.1666666666666667,XMEAS10-XMEAS11,0.2857142857142857,5
F02,459,0.2857142857142857,1.7478680974667578,1.0,XMEAS9-XMEAS10,0.2857142857142857,6
F02,460,0.5714285714285714,0.9556998911125343,1.4,XMEAS8-XMEAS9,0.5714285714285714,3
F02,461,0.2857142857142857,1.549826045878202,1.1666666666666667,XMEAS9-XMEAS10,0.2857142857142857,5
F02,462,0.2857142857142857,1.549826045878202,1.0,XMEAS10-XMEAS11,0.2857142857142857,5
F02,463,0.42857142857142855,1.2770342594661392,1.1666666666666667,XMEAS8-XMEAS10,0.42857142857142855,4
F02,464,0.2857142857142857,1.5498260458782018,1.1666666666666667,XMEAS7-XMEAS10,0.2857142857142857,5
F02,465,0.42857142857142855,1.2770342594661392,1.1666666666666667,XMEAS10-XMEAS11,0.42857142857142855,4
F02,466,0.14285714285714285,1.945910149055314,1.0,XMEAS9-XMEAS10,0.14285714285714285,7
F02,467,0.42857142857142855,1.277034259466139,1.1666666666666667,XMEAS8-XMEAS9,0.42857142857142855,4
F02,468,0.2857142857142857,1.5498260458782016,1.1666666666666667,XMEAS8-XMEAS11,0.2857142857142857,5
F02,469,0.42857142857142855,1.0789922078775833,1.1666666666666667,XMEAS7-XMEAS10,0.42857142857142855,3
F02,470,0.2857142857142857,1.549826045878202,1.0,XMEAS8-XMEAS10,0.2857142857142857,5
F02,471,0.2857142857142857,1.5498260458782016,1.1666666666666667,XMEAS7-XMEAS8,0.2857142857142857,5
F02,472,0.42857142857142855,1.2770342594661392,1.1666666666666667,XMEAS8-XMEAS9,0.42857142857142855,4
F02,473,0.2857142857142857,1.549826045878202,1.0,XMEAS8-XMEAS9,0.2857142857142857,5
F02,474,0.42857142857142855,1.277034259466139,1.75,XMEAS8-XMEAS9,0.42857142857142855,4
F02,475,0.42857142857142855,1.4750763110546947,1.4,XMEAS10-XMEAS11,0.42857142857142855,5
F02,476,0.42857142857142855,1.277034259466139,1.1666666666666667,XMEAS8-XMEAS11,0.42857142857142855,4
F02,477,0.2857142857142857,1.549826045878202,1.0,XMEAS8-XMEAS10,0.2857142857142857,5
F02,478,0.2857142857142857,1.5498260458782016,1.0,XMEAS8-XMEAS9,0.2857142857142857,5
F02,479,0.2857142857142857,1.549826045878202,1.0,XMEAS8-XMEAS10,0.2857142857142857,5
F02,480,0.2857142857142857,1.5498260458782018,1.0,XMEAS9-XMEAS10,0.2857142857142857,5
F02,481,0.2857142857142857,1.549826045878202,1.0,XMEAS7-XMEAS10,0.2857142857142857,5
F02,482,0.2857142857142857,1.351783994289646,1.1666666666666667,XMEAS8-XMEAS9,0.2857142857142857,4
F02,483,0.42857142857142855,1.277034259466139,1.0,XMEAS9-XMEAS10,0.42857142857142855,4
F02,484,0.2857142857142857,1.7478680974667578,1.0,XMEAS8-XMEAS9,0.2857142857142857,6
F02,485,0.42857142857142855,1.475076311054695,1.1666666666666667,XMEAS8-XMEAS9,0.42857142857142855,5
F02,486,0.42857142857142855,1.475076311054695,1.1666666666666667,XMEAS8-XMEAS9,0.42857142857142855,5
F02,487,0.42857142857142855,1.475076311054695,1.0,XMEAS8-XMEAS9,0.42857142857142855,5
F02,488,0.2857142857142857,1.7478680974667578,1.0,XMEAS9-XMEAS10,0.2857142857142857,6
F02,489,0.2857142857142857,1.549826045878202,1.4,XMEAS8-XMEAS10,0.2857142857142857,5
F02,490,0.2857142857142857,1.549826045878202,1.0,XMEAS9-XMEAS10,0.2857142857142857,5
F02,491,0.2857142857142857,1.351783994289646,1.0,XMEAS8-XMEAS9,0.2857142857142857,4
F02,492,0.42857142857142855,1.277034259466139,1.1666666666666667,XMEAS8-XMEAS9,0.42857142857142855,4
F02,493,0.2857142857142857,1.549826045878202,1.0,XMEAS7-XMEAS10,0.2857142857142857,5
F02,494,0.2857142857142857,1.549826045878202,1.0,XMEAS8-XMEAS11,0.2857142857142857,5
F02,495,0.2857142857142857,1.5498260458782016,1.0,XMEAS8-XMEAS10,0.2857142857142857,5
F02,496,0.5714285714285714,1.15374194270109,1.4,XMEAS8-XMEAS9,0.5714285714285714,4
F02,497,0.2857142857142857,1.7478680974667578,1.0,XMEAS9-XMEAS11,0.2857142857142857,6
F02,498,0.2857142857142857,1.5498260458782016,1.0,XMEAS8-XMEAS9,0.2857142857142857,5
F02,499,0.2857142857142857,1.7478680974667578,1.0,XMEAS7-XMEAS10,0.2857142857142857,6
F02,500,0.42857142857142855,1.0789922078775833,1.0,XMEAS10-XMEAS11,0.42857142857142855,3
F03,1,0.2857142857142857,1.549826045878202,1.1666666666666667,XMEAS9-XMEAS11,0.2857142857142857,5
F03,2,0.2857142857142857,1.5498260458782016,1.0,XMEAS7-XMEAS9,0.2857142857142857,5
F03,3,0.2857142857142857,1.5498260458782018,1.4,XMEAS10-XMEAS11,0.2857142857142857,5
F03,4,0.2857142857142857,1.7478680974667578,1.0,XMEAS8-XMEAS11,0.2857142857142857,6
F03,5,0.2857142857142857,1.351783994289646,1.0,XMEAS10-XMEAS11,0.2857142857142857,4
F03,6,0.42857142857142855,1.475076311054695,1.0,XMEAS10-XMEAS11,0.42857142857142855,5
F03,7,0.2857142857142857,1.549826045878202,1.1666666666666667,XMEAS10-XMEAS11,0.2857142857142857,5
F03,8,0.42857142857142855,1.475076311054695,1.0,XMEAS8-XMEAS10,0.42857142857142855,5
F03,9,0.2857142857142857,1.549826045878202,1.0,XMEAS10-XMEAS11,0.2857142857142857,5
F03,10,0.42857142857142855,1.2770342594661392,1.4,XMEAS9-XMEAS11,0.42857142857142855,4
F03,11,0.2857142857142857,1.5498260458782016,1.1666666666666667,XMEAS8-XMEAS10,0.2857142857142857,5
F03,12,0.42857142857142855,1.277034259466139,1.1666666666666667,XMEAS10-XMEAS11,0.42857142857142855,4
F03,13,0.2857142857142857,1.7478680974667578,1.1666666666666667,XMEAS7-XMEAS9,0.2857142857142857,6
F03,14,0.2857142857142857,1.5498260458782016,1.0,XMEAS8-XMEAS9,0.2857142857142857,5
F03,15,0.2857142857142857,1.351783994289646,1.0,XMEAS7-XMEAS10,0.2857142857142857,4
F03,16,0.42857142857142855,1.0042424730540764,1.4,XMEAS8-XMEAS9,0.42857142857142855,3
F03,17,0.14285714285714285,1.945910149055314,1.0,XMEAS7-XMEAS10,0.14285714285714285,7
F03,18,0.2857142857142857,1.5498260458782018,1.4,XMEAS7-XMEAS10,0.2857142857142857,5
F03,19,0.2857142857142857,1.5498260458782018,1.1666666666666667,XMEAS9-XMEAS10,0.2857142857142857,5
F03,20,0.2857142857142857,1.7478680974667578,1.1666666666666667,XMEAS8-XMEAS9,0.2857142857142857,6
F03,21,0.2857142857142857,1.7478680974667578,1.0,XMEAS9-XMEAS10,0.2857142857142857,6
F03,22,0.42857142857142855,1.475076311054695,1.1666666666666667,XMEAS8-XMEAS10,0.42857142857142855,5
F03,23,0.42857142857142855,1.2770342594661392,1.1666666666666667,XMEAS9-XMEAS10,0.42857142857142855,4
F03,24,0.2857142857142857,1.549826045878202,1.1666666666666667,XMEAS8-XMEAS9,0.2857142857142857,5
F03,25,0.2857142857142857,1.5498260458782018,1.1666666666666667,XMEAS7-XMEAS10,0.2857142857142857,5
F03,26,0.42857142857142855,1.277034259466139,1.1666666666666667,XMEAS9-XMEAS11,0.42857142857142855,4
F03,27,0.2857142857142857,1.5498260458782018,1.0,XMEAS8-XMEAS11,0.2857142857142857,5
F03,28,0.2857142857142857,1.351783994289646,1.1666666666666667,XMEAS8-XMEAS9,0.2857142857142857,4
F03,29,0.2857142857142857,1.5498260458782016,1.4,XMEAS8-XMEAS9,0.2857142857142857,5
F03,30,0.2857142857142857,1.549826045878202,1.1666666666666667,XMEAS8-XMEAS11,0.2857142857142857,5
F03,31,0.5714285714285714,1.1537419427010902,1.4,XMEAS8-XMEAS9,0.5714285714285714,4
F03,32,0.2857142857142857,1.7478680974667578,1.1666666666666667,XMEAS8-XMEAS9,0.2857142857142857,6
F03,33,0.42857142857142855,1.475076311054695,1.0,XMEAS8-XMEAS9,0.42857142857142855,5
F03,34,0.2857142857142857,1.549826045878202,1.1666666666666667,XMEAS7-XMEAS10,0.2857142857142857,5
F03,35,0.42857142857142855,1.475076311054695,1.1666666666666667,XMEAS7-XMEAS10,0.42857142857142855,5
F03,36,0.42857142857142855,1.475076311054695,1.1666666666666667,XMEAS8-XMEAS9,0.42857142857142855,5
F03,37,0.2857142857142857,1.549826045878202,1.0,XMEAS8-XMEAS9,0.2857142857142857,5
F03,38,0.2857142857142857,1.7478680974667578,1.0,XMEAS10-XMEAS11,0.2857142857142857,6
F03,39,0.2857142857142857,1.549826045878202,1.0,XMEAS8-XMEAS10,0.2857142857142857,5
F03,40,0.2857142857142857,1.7478680974667578,1.0,XMEAS10-XMEAS11,0.2857142857142857,6
F03,41,0.42857142857142855,1.475076311054695,1.1666666666666667,XMEAS8-XMEAS10,0.42857142857142855,5
F03,42,0.42857142857142855,1.0789922078775833,1.1666666666666667,XMEAS10-XMEAS11,0.42857142857142855,3
F03,43,0.42857142857142855,1.2770342594661392,1.4,XMEAS10-XMEAS11,0.42857142857142855,4
F03,44,0.2857142857142857,1.549826045878202,1.0,XMEAS8-XMEAS11,0.2857142857142857,5
F03,45,0.42857142857142855,1.0789922078775833,1.1666666666666667,XMEAS8-XMEAS9,0.42857142857142855,3
F03,46,0.2857142857142857,1.7478680974667578,1.1666666666666667,XMEAS8-XMEAS10,0.2857142857142857,6
F03,47,0.2857142857142857,1.549826045878202,1.0,XMEAS7-XMEAS10,0.2857142857142857,5
F03,48,0.2857142857142857,1.7478680974667578,1.1666666666666667,XMEAS7-XMEAS10,0.2857142857142857,6
F03,49,0.2857142857142857,1.7478680974667578,1.1666666666666667,XMEAS7-XMEAS10,0.2857142857142857,6
F03,50,0.2857142857142857,1.7478680974667578,1.0,XMEAS8-XMEAS9,0.2857142857142857,6
F03,51,0.42857142857142855,1.475076311054695,1.1666666666666667,XMEAS10-XMEAS11,0.42857142857142855,5
F03,52,0.2857142857142857,1.351783994289646,1.1666666666666667,XMEAS8-XMEAS11,0.2857142857142857,4
F03,53,0.42857142857142855,1.2770342594661392,1.0,XMEAS7-XMEAS8,0.42857142857142855,4
F03,54,0.42857142857142855,1.277034259466139,1.4,XMEAS8-XMEAS9,0.42857142857142855,4
F03,55,0.2857142857142857,1.5498260458782016,1.1666666666666667,XMEAS10-XMEAS11,0.2857142857142857,5
F03,56,0.2857142857142857,1.549826045878202,1.0,XMEAS8-XMEAS10,0.2857142857142857,5
F03,57,0.5714285714285714,1.15374194270109,1.4,XMEAS8-XMEAS9,0.5714285714285714,4
F03,58,0.2857142857142857,1.7478680974667578,1.0,XMEAS8-XMEAS9,0.2857142857142857,6
F03,59,0.2857142857142857,1.351783994289646,1.1666666666666667,XMEAS7-XMEAS8,0.2857142857142857,4
F03,60,0.42857142857142855,1.2770342594661392,1.1666666666666667,XMEAS7-XMEAS9,0.42857142857142855,4
F03,61,0.42857142857142855,1.277034259466139,1.4,XMEAS7-XMEAS10,0.42857142857142855,4
F03,62,0.2857142857142857,1.7478680974667578,1.1666666666666667,XMEAS8-XMEAS10,0.2857142857142857,6
F03,63,0.42857142857142855,1.475076311054695,1.1666666666666667,XMEAS8-XMEAS9,0.42857142857142855,5
F03,64,0.42857142857142855,1.277034259466139,1.1666666666666667,XMEAS8-XMEAS11,0.42857142857142855,4
F03,65,0.2857142857142857,1.5498260458782016,1.1666666666666667,XMEAS10-XMEAS11,0.2857142857142857,5
F03,66,0.42857142857142855,1.277034259466139,1.1666666666666667,XMEAS8-XMEAS9,0.42857142857142855,4
F03,67,0.42857142857142855,1.277034259466139,1.1666666666666667,XMEAS8-XMEAS9,0.42857142857142855,4
F03,68,0.42857142857142855,1.475076311054695,1.4,XMEAS8-XMEAS9,0.42857142857142855,5
F03,69,0.2857142857142857,1.5498260458782016,1.1666666666666667,XMEAS8-XMEAS9,0.2857142857142857,5
F03,70,0.5714285714285714,0.9556998911125343,1.1666666666666667,XMEAS8-XMEAS9,0.5714285714285714,3
F03,71,0.2857142857142857,1.549826045878202,1.0,XMEAS8-XMEAS9,0.2857142857142857,5
F03,72,0.2857142857142857,1.7478680974667578,1.0,XMEAS8-XMEAS11,0.2857142857142857,6
F03,73,0.42857142857142855,1.475076311054695,1.1666666666666667,XMEAS8-XMEAS10,0.42857142857142855,5
F03,74,0.2857142857142857,1.5498260458782016,1.0,XMEAS8-XMEAS10,0.2857142857142857,5
F03,75,0.42857142857142855,1.2770342594661392,1.1666666666666667,XMEAS8-XMEAS9,0.42857142857142855,4
F03,76,0.2857142857142857,1.7478680974667578,1.0,XMEAS8-XMEAS9,0.2857142857142857,6
F03,77,0.14285714285714285,1.945910149055314,1.0,XMEAS8-XMEAS9,0.14285714285714285,7
F03,78,0.2857142857142857,1.5498260458782016,1.1666666666666667,XMEAS8-XMEAS10,0.2857142857142857,5
F03,79,0.5714285714285714,1.1537419427010902,1.75,XMEAS8-XMEAS10,0.5714285714285714,4
F03,80,0.42857142857142855,1.277034259466139,1.1666666666666667,XMEAS8-XMEAS10,0.42857142857142855,4
F03,81,0.2857142857142857,1.549826045878202,1.4,XMEAS8-XMEAS10,0.2857142857142857,5
F03,82,0.2857142857142857,1.5498260458782016,1.1666666666666667,XMEAS7-XMEAS9,0.2857142857142857,5
F03,83,0.2857142857142857,1.5498260458782016,1.0,XMEAS7-XMEAS10,0.2857142857142857,5
F03,84,0.2857142857142857,1.5498260458782018,1.1666666666666667,XMEAS7-XMEAS10,0.2857142857142857,5
F03,85,0.42857142857142855,1.475076311054695,1.1666666666666667,XMEAS8-XMEAS9,0.42857142857142855,5
F03,86,0.42857142857142855,1.2770342594661392,1.0,XMEAS8-XMEAS10,0.42857142857142855,4
F03,87,0.2857142857142857,1.7478680974667578,1.1666666666666667,XMEAS8-XMEAS9,0.2857142857142857,6
F03,88,0.2857142857142857,1.549826045878202,1.0,XMEAS8-XMEAS9,0.2857142857142857,5
F03,89,0.2857142857142857,1.7478680974667578,1.0,XMEAS7-XMEAS9,0.2857142857142857,6
F03,90,0.2857142857142857,1.7478680974667578,1.0,XMEAS7-XMEAS8,0.2857142857142857,6
F03,91,0.5714285714285714,0.9556998911125343,2.3333333333333335,XMEAS10-XMEAS11,0.5714285714285714,3
F03,92,0.2857142857142857,1.549826045878202,1.1666666666666667,XMEAS8-XMEAS11,0.2857142857142857,5
F03,93,0.42857142857142855,1.475076311054695,1.0,XMEAS9-XMEAS10,0.42857142857142855,5
F03,94,0.42857142857142855,1.2770342594661392,1.4,XMEAS8-XMEAS9,0.42857142857142855,4
F03,95,0.42857142857142855,1.475076311054695,1.1666666666666667,XMEAS8-XMEAS9,0.42857142857142855,5
F03,96,0.2857142857142857,1.549826045878202,1.1666666666666667,XMEAS7-XMEAS11,0.2857142857142857,5
F03,97,0.42857142857142855,1.2770342594661392,1.4,XMEAS10-XMEAS11,0.42857142857142855,4
F03,98,0.2857142857142857,1.7478680974667578,1.0,XMEAS8-XMEAS10,0.2857142857142857,6
F03,99,0.2857142857142857,1.5498260458782018,1.1666666666666667,XMEAS7-XMEAS10,0.2857142857142857,5
F03,100,0.2857142857142857,1.351783994289646,1.0,XMEAS8-XMEAS9,0.2857142857142857,4
F03,101,0.2857142857142857,1.549826045878202,1.0,XMEAS9-XMEAS11,0.2857142857142857,5
F03,102,0.42857142857142855,1.277034259466139,1.0,XMEAS8-XMEAS10,0.42857142857142855,4
F03,103,0.2857142857142857,1.5498260458782016,1.4,XMEAS8-XMEAS9,0.2857142857142857,5
F03,104,0.42857142857142855,1.277034259466139,1.4,XMEAS8-XMEAS11,0.42857142857142855,4
F03,105,0.42857142857142855,1.0042424730540764,1.4,XMEAS10-XMEAS11,0.42857142857142855,3
F03,106,0.42857142857142855,1.2770342594661392,1.4,XMEAS8-XMEAS9,0.42857142857142855,4
F03,107,0.42857142857142855,1.277034259466139,1.4,XMEAS9-XMEAS10,0.42857142857142855,4
F03,108,0.42857142857142855,1.475076311054695,1.0,XMEAS8-XMEAS9,0.42857142857142855,5
F03,109,0.2857142857142857,1.7478680974667578,1.0,XMEAS8-XMEAS10,0.2857142857142857,6
F03,110,0.42857142857142855,1.2770342594661392,1.1666666666666667,XMEAS8-XMEAS10,0.42857142857142855,4
F03,111,0.2857142857142857,1.549826045878202,1.0,XMEAS10-XMEAS11,0.2857142857142857,5
F03,112,0.42857142857142855,1.277034259466139,1.1666666666666667,XMEAS9-XMEAS10,0.42857142857142855,4
F03,113,0.14285714285714285,1.945910149055314,1.0,XMEAS7-XMEAS9,0.14285714285714285,7
F03,114,0.42857142857142855,1.2770342594661392,1.1666666666666667,XMEAS9-XMEAS10,0.42857142857142855,4
F03,115,0.42857142857142855,1.475076311054695,1.0,XMEAS10-XMEAS11,0.42857142857142855,5
F03,116,0.42857142857142855,1.277034259466139,1.0,XMEAS8-XMEAS10,0.42857142857142855,4
F03,117,0.2857142857142857,1.549826045878202,1.4,XMEAS10-XMEAS11,0.2857142857142857,5
F03,118,0.2857142857142857,1.549826045878202,1.1666666666666667,XMEAS8-XMEAS9,0.2857142857142857,5
F03,119,0.42857142857142855,1.475076311054695,1.1666666666666667,XMEAS8-XMEAS10,0.42857142857142855,5
F03,120,0.42857142857142855,1.277034259466139,1.1666666666666667,XMEAS9-XMEAS10,0.42857142857142855,4
F03,121,0.42857142857142855,1.277034259466139,1.4,XMEAS9-XMEAS10,0.42857142857142855,4
F03,122,0.2857142857142857,1.7478680974667578,1.1666666666666667,XMEAS9-XMEAS11,0.2857142857142857,6
F03,123,0.2857142857142857,1.7478680974667578,1.0,XMEAS7-XMEAS8,0.2857142857142857,6
F03,124,0.42857142857142855,1.277034259466139,1.4,XMEAS8-XMEAS10,0.42857142857142855,4
F03,125,0.2857142857142857,1.5498260458782016,1.0,XMEAS10-XMEAS11,0.2857142857142857,5
F03,126,0.42857142857142855,1.2770342594661392,1.0,XMEAS8-XMEAS9,0.42857142857142855,4
F03,127,0.2857142857142857,1.549826045878202,1.0,XMEAS8-XMEAS10,0.2857142857142857,5
F03,128,0.2857142857142857,1.5498260458782016,1.0,XMEAS10-XMEAS11,0.2857142857142857,5
F03,129,0.5714285714285714,1.15374194270109,1.4,XMEAS10-XMEAS11,0.5714285714285714,4
F03,130,0.2857142857142857,1.549826045878202,1.0,XMEAS10-XMEAS11,0.2857142857142857,5
F03,131,0.42857142857142855,1.2770342594661392,1.1666666666666667,XMEAS8-XMEAS9,0.42857142857142855,4
F03,132,0.2857142857142857,1.5498260458782016,1.1666666666666667,XMEAS9-XMEAS10,0.2857142857142857,5
F03,133,0.2857142857142857,1.7478680974667578,1.0,XMEAS8-XMEAS11,0.2857142857142857,6
F03,134,0.2857142857142857,1.7478680974667578,1.1666666666666667,XMEAS8-XMEAS9,0.2857142857142857,6
F03,135,0.2857142857142857,1.5498260458782018,1.1666666666666667,XMEAS7-XMEAS10,0.2857142857142857,5
F03,136,0.2857142857142857,1.549826045878202,1.0,XMEAS7-XMEAS10,0.2857142857142857,5
F03,137,0.42857142857142855,1.277034259466139,1.1666666666666667,XMEAS8-XMEAS11,0.42857142857142855,4
F03,138,0.42857142857142855,1.2770342594661392,1.1666666666666667,XMEAS7-XMEAS10,0.42857142857142855,4
F03,139,0.5714285714285714,1.1537419427010902,1.1666666666666667,XMEAS8-XMEAS9,0.5714285714285714,4
F03,140,0.2857142857142857,1.7478680974667578,1.1666666666666667,XMEAS10-XMEAS11,0.2857142857142857,6
F03,141,0.2857142857142857,1.549826045878202,1.0,XMEAS8-XMEAS9,0.2857142857142857,5
F03,142,0.42857142857142855,1.2770342594661392,1.0,XMEAS10-XMEAS11,0.42857142857142855,4
F03,143,0.2857142857142857,1.549826045878202,1.1666666666666667,XMEAS7-XMEAS8,0.2857142857142857,5
F03,144,0.2857142857142857,1.5498260458782016,1.1666666666666667,XMEAS8-XMEAS11,0.2857142857142857,5
F03,145,0.2857142857142857,1.549826045878202,1.1666666666666667,XMEAS9-XMEAS11,0.2857142857142857,5
F03,146,0.2857142857142857,1.7478680974667578,1.0,XMEAS9-XMEAS10,0.2857142857142857,6
F03,147,0.42857142857142855,1.277034259466139,1.4,XMEAS9-XMEAS10,0.42857142857142855,4
F03,148,0.42857142857142855,1.277034259466139,1.1666666666666667,XMEAS8-XMEAS9,0.42857142857142855,4
F03,149,0.42857142857142855,1.277034259466139,1.1666666666666667,XMEAS10-XMEAS11,0.42857142857142855,4
F03,150,0.2857142857142857,1.351783994289646,1.1666666666666667,XMEAS8-XMEAS11,0.2857142857142857,4
F03,151,0.2857142857142857,1.5498260458782016,1.1666666666666667,XMEAS8-XMEAS10,0.2857142857142857,5
F03,152,0.42857142857142855,1.2770342594661392,1.0,XMEAS9-XMEAS10,0.42857142857142855,4
F03,153,0.42857142857142855,1.0789922078775833,1.4,XMEAS8-XMEAS9,0.42857142857142855,3
F03,154,0.2857142857142857,1.7478680974667578,1.0,XMEAS8-XMEAS9,0.2857142857142857,6
F03,155,0.2857142857142857,1.549826045878202,1.1666666666666667,XMEAS8-XMEAS9,0.2857142857142857,5
F03,156,0.2857142857142857,1.7478680974667578,1.0,XMEAS8-XMEAS9,0.2857142857142857,6
F03,157,0.2857142857142857,1.5498260458782016,1.0,XMEAS7-XMEAS10,0.2857142857142857,5
F03,158,0.2857142857142857,1.7478680974667578,1.1666666666666667,XMEAS8-XMEAS11,0.2857142857142857,6
F03,159,0.42857142857142855,1.475076311054695,1.0,XMEAS8-XMEAS9,0.42857142857142855,5
F03,160,0.42857142857142855,1.475076311054695,1.1666666666666667,XMEAS9-XMEAS11,0.42857142857142855,5
F03,161,0.2857142857142857,1.549826045878202,1.0,XMEAS9-XMEAS11,0.2857142857142857,5
F03,162,0.2857142857142857,1.5498260458782018,1.1666666666666667,XMEAS7-XMEAS9,0.2857142857142857,5
F03,163,0.2857142857142857,1.7478680974667573,1.1666666666666667,XMEAS10-XMEAS11,0.2857142857142857,6
F03,164,0.2857142857142857,1.7478680974667578,1.0,XMEAS8-XMEAS9,0.2857142857142857,6
F03,165,0.42857142857142855,1.277034259466139,1.1666666666666667,XMEAS7-XMEAS10,0.42857142857142855,4
F03,166,0.5714285714285714,1.1537419427010902,1.1666666666666667,XMEAS8-XMEAS9,0.5714285714285714,4
F03,167,0.42857142857142855,1.277034259466139,1.0,XMEAS8-XMEAS9,0.42857142857142855,4
F03,168,0.2857142857142857,1.351783994289646,1.4,XMEAS10-XMEAS11,0.2857142857142857,4
F03,169,0.2857142857142857,1.549826045878202,1.0,XMEAS8-XMEAS11,0.2857142857142857,5
F03,170,0.2857142857142857,1.549826045878202,1.0,XMEAS8-XMEAS10,0.2857142857142857,5
F03,171,0.2857142857142857,1.5498260458782016,1.0,XMEAS7-XMEAS8,0.2857142857142857,5
F03,172,0.42857142857142855,1.277034259466139,1.4,XMEAS7-XMEAS8,0.42857142857142855,4
F03,173,0.5714285714285714,1.1537419427010902,1.1666666666666667,XMEAS8-XMEAS9,0.5714285714285714,4
F03,174,0.2857142857142857,1.5498260458782018,1.4,XMEAS8-XMEAS9,0.2857142857142857,5
F03,175,0.2857142857142857,1.5498260458782016,1.1666666666666667,XMEAS8-XMEAS10,0.2857142857142857,5
F03,176,0.2857142857142857,1.7478680974667578,1.0,XMEAS8-XMEAS11,0.2857142857142857,6
F03,177,0.42857142857142855,1.2770342594661392,1.1666666666666667,XMEAS9-XMEAS10,0.42857142857142855,4
F03,178,0.42857142857142855,1.475076311054695,1.1666666666666667,XMEAS8-XMEAS10,0.42857142857142855,5
F03,179,0.2857142857142857,1.5498260458782018,1.1666666666666667,XMEAS8-XMEAS11,0.2857142857142857,5
F03,180,0.42857142857142855,1.277034259466139,1.4,XMEAS8-XMEAS9,0.42857142857142855,4
F03,181,0.2857142857142857,1.351783994289646,1.0,XMEAS10-XMEAS11,0.2857142857142857,4
F03,182,0.42857142857142855,1.4750763110546947,1.1666666666666667,XMEAS8-XMEAS9,0.42857142857142855,5
F03,183,0.2857142857142857,1.549826045878202,1.1666666666666667,XMEAS9-XMEAS10,0.2857142857142857,5
F03,184,0.42857142857142855,1.475076311054695,1.1666666666666667,XMEAS10-XMEAS11,0.42857142857142855,5
F03,185,0.2857142857142857,1.7478680974667578,1.0,XMEAS8-XMEAS9,0.2857142857142857,6
F03,186,0.2857142857142857,1.7478680974667578,1.0,XMEAS8-XMEAS9,0.2857142857142857,6
F03,187,0.2857142857142857,1.351783994289646,1.0,XMEAS8-XMEAS9,0.2857142857142857,4
F03,188,0.2857142857142857,1.7478680974667578,1.0,XMEAS7-XMEAS10,0.2857142857142857,6
F03,189,0.42857142857142855,1.277034259466139,1.1666666666666667,XMEAS8-XMEAS10,0.42857142857142855,4
F03,190,0.42857142857142855,1.2770342594661392,1.4,XMEAS8-XMEAS10,0.42857142857142855,4
F03,191,0.2857142857142857,1.5498260458782018,1.0,XMEAS8-XMEAS11,0.2857142857142857,5
F03,192,0.42857142857142855,1.475076311054695,1.1666666666666667,XMEAS7-XMEAS8,0.42857142857142855,5
F03,193,0.14285714285714285,1.945910149055314,1.0,XMEAS8-XMEAS10,0.14285714285714285,7
F03,194,0.42857142857142855,1.277034259466139,1.4,XMEAS10-XMEAS11,0.42857142857142855,4
F03,195,0.2857142857142857,1.549826045878202,1.1666666666666667,XMEAS8-XMEAS9,0.2857142857142857,5
F03,196,0.42857142857142855,1.277034259466139,1.4,XMEAS8-XMEAS9,0.42857142857142855,4
F03,197,0.14285714285714285,1.945910149055314,1.0,XMEAS10-XMEAS11,0.14285714285714285,7
F03,198,0.42857142857142855,1.2770342594661392,1.0,XMEAS7-XMEAS9,0.42857142857142855,4
F03,199,0.2857142857142857,1.7478680974667573,1.0,XMEAS8-XMEAS9,0.2857142857142857,6
F03,200,0.2857142857142857,1.5498260458782016,1.1666666666666667,XMEAS8-XMEAS9,0.2857142857142857,5
F03,201,0.42857142857142855,1.475076311054695,1.0,XMEAS8-XMEAS9,0.42857142857142855,5
F03,202,0.5714285714285714,1.1537419427010902,1.75,XMEAS9-XMEAS10,0.5714285714285714,4
F03,203,0.2857142857142857,1.7478680974667578,1.1666666666666667,XMEAS8-XMEAS9,0.2857142857142857,6
F03,204,0.42857142857142855,1.277034259466139,1.1666666666666667,XMEAS8-XMEAS9,0.42857142857142855,4
F03,205,0.2857142857142857,1.351783994289646,1.1666666666666667,XMEAS10-XMEAS11,0.2857142857142857,4
F03,206,0.2857142857142857,1.351783994289646,1.1666666666666667,XMEAS8-XMEAS11,0.2857142857142857,4
F03,207,0.2857142857142857,1.5498260458782016,1.4,XMEAS8-XMEAS9,0.2857142857142857,5
F03,208,0.42857142857142855,1.277034259466139,1.0,XMEAS8-XMEAS9,0.42857142857142855,4
F03,209,0.2857142857142857,1.7478680974667573,1.1666666666666667,XMEAS7-XMEAS10,0.2857142857142857,6
F03,210,0.2857142857142857,1.5498260458782018,1.1666666666666667,XMEAS10-XMEAS11,0.2857142857142857,5
F03,211,0.2857142857142857,1.549826045878202,1.0,XMEAS8-XMEAS9,0.2857142857142857,5
F03,212,0.5714285714285714,1.1537419427010902,1.4,XMEAS8-XMEAS10,0.5714285714285714,4
F03,213,0.2857142857142857,1.549826045878202,1.0,XMEAS8-XMEAS11,0.2857142857142857,5
F03,214,0.2857142857142857,1.7478680974667573,1.0,XMEAS8-XMEAS9,0.2857142857142857,6
F03,215,0.2857142857142857,1.7478680974667578,1.0,XMEAS8-XMEAS9,0.2857142857142857,6
F03,216,0.2857142857142857,1.5498260458782016,1.0,XMEAS9-XMEAS10,0.2857142857142857,5
F03,217,0.42857142857142855,1.475076311054695,1.1666666666666667,XMEAS8-XMEAS9,0.42857142857142855,5
F03,218,0.42857142857142855,1.475076311054695,1.4,XMEAS8-XMEAS9,0.42857142857142855,5
F03,219,0.2857142857142857,1.5498260458782016,1.0,XMEAS8-XMEAS10,0.2857142857142857,5
F03,220,0.2857142857142857,1.549826045878202,1.0,XMEAS8-XMEAS9,0.2857142857142857,5
F03,221,0.2857142857142857,1.7478680974667578,1.0,XMEAS10-XMEAS11,0.2857142857142857,6
F03,222,0.42857142857142855,1.277034259466139,1.4,XMEAS8-XMEAS9,0.42857142857142855,4
F03,223,0.2857142857142857,1.549826045878202,1.0,XMEAS8-XMEAS10,0.2857142857142857,5
F03,224,0.42857142857142855,1.475076311054695,1.4,XMEAS8-XMEAS9,0.42857142857142855,5
F03,225,0.2857142857142857,1.5498260458782018,1.1666666666666667,XMEAS10-XMEAS11,0.2857142857142857,5
F03,226,0.2857142857142857,1.5498260458782016,1.0,XMEAS7-XMEAS10,0.2857142857142857,5
F03,227,0.2857142857142857,1.7478680974667578,1.0,XMEAS8-XMEAS9,0.2857142857142857,6
F03,228,0.2857142857142857,1.5498260458782018,1.0,XMEAS8-XMEAS9,0.2857142857142857,5
F03,229,0.2857142857142857,1.549826045878202,1.0,XMEAS8-XMEAS10,0.2857142857142857,5
F03,230,0.2857142857142857,1.351783994289646,1.4,XMEAS8-XMEAS10,0.2857142857142857,4
F03,231,0.42857142857142855,1.475076311054695,1.1666666666666667,XMEAS8-XMEAS10,0.42857142857142855,5
F03,232,0.42857142857142855,1.2770342594661392,1.1666666666666667,XMEAS10-XMEAS11,0.42857142857142855,4
F03,233,0.5714285714285714,0.9556998911125343,1.75,XMEAS8-XMEAS9,0.5714285714285714,3
F03,234,0.2857142857142857,1.7478680974667578,1.0,XMEAS8-XMEAS10,0.2857142857142857,6
F03,235,0.2857142857142857,1.549826045878202,1.0,XMEAS8-XMEAS9,0.2857142857142857,5
F03,236,0.42857142857142855,1.2770342594661392,1.0,XMEAS8-XMEAS10,0.42857142857142855,4
F03,237,0.2857142857142857,1.549826045878202,1.0,XMEAS7-XMEAS8,0.2857142857142857,5
F03,238,0.2857142857142857,1.7478680974667578,1.0,XMEAS7-XMEAS10,0.2857142857142857,6
F03,239,0.2857142857142857,1.549826045878202,1.1666666666666667,XMEAS8-XMEAS10,0.2857142857142857,5
F03,240,0.2857142857142857,1.7478680974667578,1.1666666666666667,XMEAS8-XMEAS10,0.2857142857142857,6
F03,241,0.2857142857142857,1.5498260458782016,1.0,XMEAS8-XMEAS10,0.2857142857142857,5
F03,242,0.2857142857142857,1.5498260458782016,1.1666666666666667,XMEAS7-XMEAS8,0.2857142857142857,5
F03,243,0.2857142857142857,1.351783994289646,1.1666666666666667,XMEAS10-XMEAS11,0.2857142857142857,4
F03,244,0.2857142857142857,1.7478680974667578,1.1666666666666667,XMEAS8-XMEAS11,0.2857142857142857,6
F03,245,0.2857142857142857,1.7478680974667578,1.1666666666666667,XMEAS9-XMEAS10,0.2857142857142857,6
F03,246,0.5714285714285714,0.6829081047004717,1.75,XMEAS8-XMEAS9,0.5714285714285714,2
F03,247,0.2857142857142857,1.7478680974667578,1.0,XMEAS10-XMEAS11,0.2857142857142857,6
F03,248,0.2857142857142857,1.7478680974667578,1.1666666666666667,XMEAS8-XMEAS9,0.2857142857142857,6
F03,249,0.5714285714285714,1.1537419427010902,1.4,XMEAS8-XMEAS9,0.5714285714285714,4
F03,250,0.2857142857142857,1.7478680974667578,1.0,XMEAS10-XMEAS11,0.2857142857142857,6
F03,251,0.42857142857142855,1.277034259466139,1.1666666666666667,XMEAS8-XMEAS10,0.42857142857142855,4
F03,252,0.42857142857142855,1.0789922078775833,1.0,XMEAS8-XMEAS9,0.42857142857142855,3
F03,253,0.2857142857142857,1.7478680974667578,1.0,XMEAS8-XMEAS9,0.2857142857142857,6
F03,254,0.2857142857142857,1.7478680974667578,1.1666666666666667,XMEAS9-XMEAS11,0.2857142857142857,6
F03,255,0.2857142857142857,1.7478680974667578,1.0,XMEAS8-XMEAS9,0.2857142857142857,6
F03,256,0.42857142857142855,1.277034259466139,1.4,XMEAS9-XMEAS10,0.42857142857142855,4
F03,257,0.42857142857142855,1.475076311054695,1.0,XMEAS7-XMEAS8,0.42857142857142855,5
F03,258,0.2857142857142857,1.549826045878202,1.0,XMEAS8-XMEAS9,0.2857142857142857,5
F03,259,0.42857142857142855,1.2770342594661392,1.4,XMEAS10-XMEAS11,0.42857142857142855,4
F03,260,0.2857142857142857,1.351783994289646,1.1666666666666667,XMEAS7-XMEAS8,0.2857142857142857,4
F03,261,0.42857142857142855,1.2770342594661392,1.1666666666666667,XMEAS8-XMEAS9,0.42857142857142855,4
F03,262,0.2857142857142857,1.5498260458782018,1.0,XMEAS9-XMEAS11,0.2857142857142857,5
F03,263,0.14285714285714285,1.945910149055314,1.0,XMEAS7-XMEAS11,0.14285714285714285,7
F03,264,0.42857142857142855,1.2770342594661392,1.75,XMEAS10-XMEAS11,0.42857142857142855,4
F03,265,0.2857142857142857,1.7478680974667578,1.1666666666666667,XMEAS7-XMEAS10,0.2857142857142857,6
F03,266,0.42857142857142855,1.475076311054695,1.0,XMEAS8-XMEAS9,0.42857142857142855,5
F03,267,0.2857142857142857,1.351783994289646,1.1666666666666667,XMEAS7-XMEAS8,0.2857142857142857,4
F03,268,0.42857142857142855,1.475076311054695,1.1666666666666667,XMEAS8-XMEAS9,0.42857142857142855,5
F03,269,0.42857142857142855,1.475076311054695,1.1666666666666667,XMEAS8-XMEAS9,0.42857142857142855,5
F03,270,0.2857142857142857,1.5498260458782016,1.1666666666666667,XMEAS7-XMEAS9,0.2857142857142857,5
F03,271,0.42857142857142855,1.2770342594661392,1.1666666666666667,XMEAS9-XMEAS11,0.42857142857142855,4
F03,272,0.42857142857142855,1.475076311054695,1.1666666666666667,XMEAS8-XMEAS9,0.42857142857142855,5
F03,273,0.42857142857142855,1.2770342594661392,1.4,XMEAS8-XMEAS9,0.42857142857142855,4
F03,274,0.42857142857142855,1.475076311054695,1.1666666666666667,XMEAS8-XMEAS9,0.42857142857142855,5
F03,275,0.42857142857142855,1.2770342594661392,1.0,XMEAS8-XMEAS9,0.42857142857142855,4
F03,276,0.2857142857142857,1.7478680974667578,1.0,XMEAS8-XMEAS10,0.2857142857142857,6
F03,277,0.2857142857142857,1.7478680974667573,1.1666666666666667,XMEAS8-XMEAS11,0.2857142857142857,6
F03,278,0.2857142857142857,1.7478680974667578,1.1666666666666667,XMEAS8-XMEAS9,0.2857142857142857,6
F03,279,0.2857142857142857,1.5498260458782018,1.1666666666666667,XMEAS7-XMEAS9,0.2857142857142857,5
F03,280,0.2857142857142857,1.549826045878202,1.0,XMEAS8-XMEAS10,0.2857142857142857,5
F03,281,0.2857142857142857,1.7478680974667578,1.0,XMEAS8-XMEAS9,0.2857142857142857,6
F03,282,0.2857142857142857,1.7478680974667578,1.1666666666666667,XMEAS8-XMEAS11,0.2857142857142857,6
F03,283,0.2857142857142857,1.351783994289646,1.1666666666666667,XMEAS8-XMEAS9,0.2857142857142857,4
F03,284,0.2857142857142857,1.549826045878202,1.1666666666666667,XMEAS8-XMEAS10,0.2857142857142857,5
F03,285,0.2857142857142857,1.7478680974667578,1.0,XMEAS8-XMEAS9,0.2857142857142857,6
F03,286,0.2857142857142857,1.7478680974667573,1.1666666666666667,XMEAS7-XMEAS8,0.2857142857142857,6
F03,287,0.2857142857142857,1.5498260458782016,1.0,XMEAS7-XMEAS10,0.2857142857142857,5
F03,288,0.2857142857142857,1.7478680974667578,1.0,XMEAS10-XMEAS11,0.2857142857142857,6
F03,289,0.42857142857142855,1.277034259466139,1.0,XMEAS9-XMEAS10,0.42857142857142855,4
F03,290,0.42857142857142855,1.475076311054695,1.1666666666666667,XMEAS8-XMEAS9,0.42857142857142855,5
F03,291,0.2857142857142857,1.7478680974667578,1.1666666666666667,XMEAS7-XMEAS8,0.2857142857142857,6
F03,292,0.2857142857142857,1.549826045878202,1.0,XMEAS8-XMEAS9,0.2857142857142857,5
F03,293,0.42857142857142855,1.475076311054695,1.1666666666666667,XMEAS8-XMEAS9,0.42857142857142855,5
F03,294,0.14285714285714285,1.945910149055314,1.0,XMEAS8-XMEAS10,0.14285714285714285,7
F03,295,0.42857142857142855,1.475076311054695,1.1666666666666667,XMEAS8-XMEAS11,0.42857142857142855,5
F03,296,0.42857142857142855,1.475076311054695,1.1666666666666667,XMEAS8-XMEAS9,0.42857142857142855,5
F03,297,0.5714285714285714,0.9556998911125343,1.1666666666666667,XMEAS8-XMEAS9,0.5714285714285714,3
F03,298,0.42857142857142855,1.475076311054695,1.1666666666666667,XMEAS8-XMEAS9,0.42857142857142855,5
F03,299,0.42857142857142855,1.0789922078775833,1.4,XMEAS8-XMEAS11,0.42857142857142855,3
F03,300,0.2857142857142857,1.5498260458782016,1.1666666666666667,XMEAS8-XMEAS11,0.2857142857142857,5
F03,301,0.42857142857142855,1.2770342594661392,1.1666666666666667,XMEAS8-XMEAS10,0.42857142857142855,4
F03,302,0.2857142857142857,1.549826045878202,1.0,XMEAS10-XMEAS11,0.2857142857142857,5
F03,303,0.42857142857142855,1.475076311054695,1.1666666666666667,XMEAS8-XMEAS10,0.42857142857142855,5
F03,304,0.42857142857142855,1.2770342594661392,1.0,XMEAS8-XMEAS9,0.42857142857142855,4
F03,305,0.2857142857142857,1.7478680974667578,1.1666666666666667,XMEAS8-XMEAS11,0.2857142857142857,6
F03,306,0.2857142857142857,1.5498260458782018,1.1666666666666667,XMEAS8-XMEAS10,0.2857142857142857,5
F03,307,0.42857142857142855,1.2770342594661392,1.1666666666666667,XMEAS9-XMEAS10,0.42857142857142855,4
F03,308,0.42857142857142855,1.475076311054695,1.1666666666666667,XMEAS8-XMEAS10,0.42857142857142855,5
F03,309,0.2857142857142857,1.7478680974667578,1.0,XMEAS10-XMEAS11,0.2857142857142857,6
F03,310,0.42857142857142855,1.475076311054695,1.1666666666666667,XMEAS8-XMEAS9,0.42857142857142855,5
F03,311,0.42857142857142855,1.0042424730540764,1.75,XMEAS10-XMEAS11,0.42857142857142855,3
F03,312,0.2857142857142857,1.7478680974667578,1.0,XMEAS8-XMEAS9,0.2857142857142857,6
F03,313,0.2857142857142857,1.5498260458782016,1.1666666666666667,XMEAS8-XMEAS11,0.2857142857142857,5
F03,314,0.5714285714285714,0.9556998911125343,1.75,XMEAS8-XMEAS9,0.5714285714285714,3
F03,315,0.42857142857142855,1.2770342594661392,1.1666666666666667,XMEAS8-XMEAS9,0.42857142857142855,4
F03,316,0.42857142857142855,1.277034259466139,1.0,XMEAS8-XMEAS10,0.42857142857142855,4
F03,317,0.5714285714285714,1.1537419427010902,1.4,XMEAS8-XMEAS9,0.5714285714285714,4
F03,318,0.14285714285714285,1.945910149055314,1.0,XMEAS8-XMEAS11,0.14285714285714285,7
F03,319,0.42857142857142855,1.277034259466139,1.4,XMEAS8-XMEAS9,0.42857142857142855,4
F03,320,0.42857142857142855,1.475076311054695,1.0,XMEAS10-XMEAS11,0.42857142857142855,5
F03,321,0.2857142857142857,1.5498260458782018,1.1666666666666667,XMEAS8-XMEAS9,0.2857142857142857,5
F03,322,0.42857142857142855,1.0042424730540764,1.4,XMEAS8-XMEAS9,0.42857142857142855,3
F03,323,0.42857142857142855,1.277034259466139,1.75,XMEAS7-XMEAS8,0.42857142857142855,4
F03,324,0.2857142857142857,1.5498260458782016,1.1666666666666667,XMEAS8-XMEAS10,0.2857142857142857,5
F03,325,0.5714285714285714,1.1537419427010902,1.4,XMEAS8-XMEAS9,0.5714285714285714,4
F03,326,0.42857142857142855,1.2770342594661392,1.0,XMEAS8-XMEAS11,0.42857142857142855,4
F03,327,0.5714285714285714,0.9556998911125343,1.0,XMEAS8-XMEAS9,0.5714285714285714,3
F03,328,0.42857142857142855,1.2770342594661392,1.4,XMEAS8-XMEAS9,0.42857142857142855,4
F03,329,0.42857142857142855,1.475076311054695,1.1666666666666667,XMEAS9-XMEAS10,0.42857142857142855,5
F03,330,0.5714285714285714,1.15374194270109,1.4,XMEAS8-XMEAS9,0.5714285714285714,4
F03,331,0.42857142857142855,1.475076311054695,1.1666666666666667,XMEAS7-XMEAS9,0.42857142857142855,5
F03,332,0.42857142857142855,1.4750763110546947,1.1666666666666667,XMEAS9-XMEAS10,0.42857142857142855,5
F03,333,0.2857142857142857,1.351783994289646,1.0,XMEAS10-XMEAS11,0.2857142857142857,4
F03,334,0.2857142857142857,1.7478680974667578,1.1666666666666667,XMEAS8-XMEAS9,0.2857142857142857,6
F03,335,0.42857142857142855,1.0042424730540764,2.3333333333333335,XMEAS8-XMEAS11,0.42857142857142855,3
F03,336,0.2857142857142857,1.549826045878202,1.0,XMEAS9-XMEAS10,0.2857142857142857,5
F03,337,0.2857142857142857,1.5498260458782016,1.0,XMEAS8-XMEAS9,0.2857142857142857,5
F03,338,0.2857142857142857,1.7478680974667578,1.0,XMEAS10-XMEAS11,0.2857142857142857,6
F03,339,0.5714285714285714,1.1537419427010902,1.1666666666666667,XMEAS8-XMEAS10,0.5714285714285714,4
F03,340,0.2857142857142857,1.7478680974667578,1.0,XMEAS8-XMEAS9,0.2857142857142857,6
F03,341,0.2857142857142857,1.5498260458782018,1.1666666666666667,XMEAS7-XMEAS9,0.2857142857142857,5
F03,342,0.42857142857142855,1.277034259466139,1.4,XMEAS10-XMEAS11,0.42857142857142855,4
F03,343,0.42857142857142855,1.277034259466139,1.1666666666666667,XMEAS7-XMEAS8,0.42857142857142855,4
F03,344,0.2857142857142857,1.5498260458782016,1.4,XMEAS8-XMEAS9,0.2857142857142857,5
F03,345,0.14285714285714285,1.945910149055314,1.0,XMEAS8-XMEAS10,0.14285714285714285,7
F03,346,0.2857142857142857,1.7478680974667578,1.0,XMEAS10-XMEAS11,0.2857142857142857,6
F03,347,0.5714285714285714,1.1537419427010902,1.0,XMEAS7-XMEAS10,0.5714285714285714,4
F03,348,0.2857142857142857,1.7478680974667578,1.1666666666666667,XMEAS8-XMEAS9,0.2857142857142857,6
F03,349,0.2857142857142857,1.7478680974667578,1.0,XMEAS8-XMEAS9,0.2857142857142857,6
F03,350,0.42857142857142855,1.475076311054695,1.1666666666666667,XMEAS8-XMEAS11,0.42857142857142855,5
F03,351,0.42857142857142855,1.277034259466139,1.1666666666666667,XMEAS8-XMEAS9,0.42857142857142855,4
F03,352,0.2857142857142857,1.5498260458782018,1.4,XMEAS9-XMEAS10,0.2857142857142857,5
F03,353,0.2857142857142857,1.5498260458782016,1.0,XMEAS7-XMEAS8,0.2857142857142857,5
F03,354,0.2857142857142857,1.351783994289646,1.4,XMEAS8-XMEAS10,0.2857142857142857,4
F03,355,0.2857142857142857,1.7478680974667578,1.0,XMEAS8-XMEAS11,0.2857142857142857,6
F03,356,0.42857142857142855,1.0789922078775833,1.1666666666666667,XMEAS10-XMEAS11,0.42857142857142855,3
F03,357,0.42857142857142855,1.0042424730540764,1.4,XMEAS8-XMEAS11,0.42857142857142855,3
F03,358,0.2857142857142857,1.5498260458782016,1.0,XMEAS8-XMEAS11,0.2857142857142857,5
F03,359,0.42857142857142855,1.475076311054695,1.1666666666666667,XMEAS8-XMEAS9,0.42857142857142855,5
F03,360,0.2857142857142857,1.549826045878202,1.1666666666666667,XMEAS7-XMEAS10,0.2857142857142857,5
F03,361,0.2857142857142857,1.549826045878202,1.1666666666666667,XMEAS9-XMEAS11,0.2857142857142857,5
F03,362,0.42857142857142855,1.475076311054695,1.0,XMEAS8-XMEAS9,0.42857142857142855,5
F03,363,0.2857142857142857,1.7478680974667578,1.0,XMEAS8-XMEAS10,0.2857142857142857,6
F03,364,0.2857142857142857,1.7478680974667578,1.0,XMEAS8-XMEAS11,0.2857142857142857,6
F03,365,0.2857142857142857,1.549826045878202,1.0,XMEAS8-XMEAS10,0.2857142857142857,5
F03,366,0.2857142857142857,1.5498260458782016,1.1666666666666667,XMEAS8-XMEAS9,0.2857142857142857,5
F03,367,0.7142857142857143,0.7963116401738131,1.4,XMEAS8-XMEAS9,0.7142857142857143,3
F03,368,0.2857142857142857,1.549826045878202,1.1666666666666667,XMEAS7-XMEAS10,0.2857142857142857,5
F03,369,0.2857142857142857,1.351783994289646,1.1666666666666667,XMEAS8-XMEAS10,0.2857142857142857,4
F03,370,0.2857142857142857,1.549826045878202,1.1666666666666667,XMEAS7-XMEAS11,0.2857142857142857,5
F03,371,0.2857142857142857,1.7478680974667578,1.0,XMEAS8-XMEAS10,0.2857142857142857,6
F03,372,0.42857142857142855,1.277034259466139,1.1666666666666667,XMEAS8-XMEAS9,0.42857142857142855,4
F03,373,0.2857142857142857,1.7478680974667578,1.1666666666666667,XMEAS8-XMEAS10,0.2857142857142857,6
F03,374,0.42857142857142855,1.277034259466139,1.4,XMEAS8-XMEAS9,0.42857142857142855,4
F03,375,0.42857142857142855,1.2770342594661392,1.1666666666666667,XMEAS8-XMEAS9,0.42857142857142855,4
F03,376,0.2857142857142857,1.7478680974667578,1.1666666666666667,XMEAS9-XMEAS10,0.2857142857142857,6
F03,377,0.2857142857142857,1.549826045878202,1.0,XMEAS8-XMEAS11,0.2857142857142857,5
F03,378,0.2857142857142857,1.5498260458782016,1.0,XMEAS8-XMEAS10,0.2857142857142857,5
F03,379,0.2857142857142857,1.7478680974667578,1.0,XMEAS8-XMEAS9,0.2857142857142857,6
F03,380,0.42857142857142855,1.2770342594661392,1.0,XMEAS8-XMEAS10,0.42857142857142855,4
F03,381,0.42857142857142855,1.277034259466139,1.4,XMEAS7-XMEAS10,0.42857142857142855,4
F03,382,0.42857142857142855,1.2770342594661392,1.1666666666666667,XMEAS8-XMEAS10,0.42857142857142855,4
F03,383,0.42857142857142855,1.0789922078775833,1.0,XMEAS8-XMEAS9,0.42857142857142855,3
F03,384,0.42857142857142855,1.277034259466139,1.4,XMEAS8-XMEAS9,0.42857142857142855,4
F03,385,0.2857142857142857,1.5498260458782016,1.0,XMEAS9-XMEAS11,0.2857142857142857,5
F03,386,0.42857142857142855,1.277034259466139,1.1666666666666667,XMEAS8-XMEAS9,0.42857142857142855,4
F03,387,0.42857142857142855,1.2770342594661392,1.1666666666666667,XMEAS8-XMEAS9,0.42857142857142855,4
F03,388,0.2857142857142857,1.351783994289646,1.75,XMEAS8-XMEAS10,0.2857142857142857,4
F03,389,0.42857142857142855,1.2770342594661392,1.0,XMEAS8-XMEAS9,0.42857142857142855,4
F03,390,0.42857142857142855,1.2770342594661392,1.0,XMEAS8-XMEAS9,0.42857142857142855,4
F03,391,0.2857142857142857,1.5498260458782016,1.1666666666666667,XMEAS10-XMEAS11,0.2857142857142857,5
F03,392,0.42857142857142855,1.475076311054695,1.4,XMEAS8-XMEAS9,0.42857142857142855,5
F03,393,0.2857142857142857,1.7478680974667578,1.1666666666666667,XMEAS9-XMEAS10,0.2857142857142857,6
F03,394,0.42857142857142855,1.277034259466139,1.1666666666666667,XMEAS8-XMEAS9,0.42857142857142855,4
F03,395,0.2857142857142857,1.7478680974667578,1.0,XMEAS8-XMEAS9,0.2857142857142857,6
F03,396,0.42857142857142855,1.277034259466139,1.0,XMEAS8-XMEAS9,0.42857142857142855,4
F03,397,0.2857142857142857,1.5498260458782016,1.1666666666666667,XMEAS8-XMEAS9,0.2857142857142857,5
F03,398,0.42857142857142855,1.2770342594661392,1.0,XMEAS8-XMEAS9,0.42857142857142855,4
F03,399,0.2857142857142857,1.549826045878202,1.1666666666666667,XMEAS7-XMEAS8,0.2857142857142857,5
F03,400,0.5714285714285714,0.9556998911125343,1.4,XMEAS8-XMEAS9,0.5714285714285714,3
F03,401,0.42857142857142855,1.277034259466139,1.1666666666666667,XMEAS8-XMEAS9,0.42857142857142855,4
F03,402,0.14285714285714285,1.945910149055314,1.0,XMEAS8-XMEAS11,0.14285714285714285,7
F03,403,0.42857142857142855,1.475076311054695,1.1666666666666667,XMEAS8-XMEAS9,0.42857142857142855,5
F03,404,0.2857142857142857,1.549826045878202,1.0,XMEAS10-XMEAS11,0.2857142857142857,5
F03,405,0.42857142857142855,1.277034259466139,1.0,XMEAS10-XMEAS11,0.42857142857142855,4
F03,406,0.2857142857142857,1.7478680974667578,1.0,XMEAS7-XMEAS8,0.2857142857142857,6
F03,407,0.5714285714285714,0.6829081047004717,2.3333333333333335,XMEAS8-XMEAS10,0.5714285714285714,2
F03,408,0.2857142857142857,1.5498260458782018,1.4,XMEAS10-XMEAS11,0.2857142857142857,5
F03,409,0.2857142857142857,1.351783994289646,1.0,XMEAS8-XMEAS11,0.2857142857142857,4
F03,410,0.42857142857142855,1.475076311054695,1.1666666666666667,XMEAS8-XMEAS10,0.42857142857142855,5
F03,411,0.42857142857142855,1.277034259466139,1.0,XMEAS8-XMEAS9,0.42857142857142855,4
F03,412,0.2857142857142857,1.7478680974667578,1.0,XMEAS8-XMEAS10,0.2857142857142857,6
F03,413,0.2857142857142857,1.5498260458782016,1.1666666666666667,XMEAS7-XMEAS10,0.2857142857142857,5
F03,414,0.42857142857142855,1.475076311054695,1.1666666666666667,XMEAS10-XMEAS11,0.42857142857142855,5
F03,415,0.5714285714285714,1.1537419427010902,1.1666666666666667,XMEAS8-XMEAS9,0.5714285714285714,4
F03,416,0.2857142857142857,1.549826045878202,1.0,XMEAS9-XMEAS11,0.2857142857142857,5
F03,417,0.42857142857142855,1.277034259466139,1.4,XMEAS10-XMEAS11,0.42857142857142855,4
F03,418,0.42857142857142855,1.2770342594661392,1.1666666666666667,XMEAS8-XMEAS10,0.42857142857142855,4
F03,419,0.42857142857142855,1.475076311054695,1.1666666666666667,XMEAS7-XMEAS8,0.42857142857142855,5
F03,420,0.42857142857142855,1.475076311054695,1.1666666666666667,XMEAS8-XMEAS9,0.42857142857142855,5
F03,421,0.14285714285714285,1.945910149055314,1.0,XMEAS9-XMEAS11,0.14285714285714285,7
F03,422,0.5714285714285714,1.1537419427010902,1.75,XMEAS8-XMEAS9,0.5714285714285714,4
F03,423,0.2857142857142857,1.549826045878202,1.0,XMEAS8-XMEAS9,0.2857142857142857,5
F03,424,0.2857142857142857,1.549826045878202,1.4,XMEAS8-XMEAS10,0.2857142857142857,5
F03,425,0.42857142857142855,1.2770342594661392,1.1666666666666667,XMEAS8-XMEAS9,0.42857142857142855,4
F03,426,0.2857142857142857,1.351783994289646,1.1666666666666667,XMEAS8-XMEAS10,0.2857142857142857,4
F03,427,0.2857142857142857,1.5498260458782016,1.0,XMEAS8-XMEAS9,0.2857142857142857,5
F03,428,0.2857142857142857,1.351783994289646,1.0,XMEAS10-XMEAS11,0.2857142857142857,4
F03,429,0.2857142857142857,1.5498260458782018,1.4,XMEAS9-XMEAS10,0.2857142857142857,5
F03,430,0.42857142857142855,1.2770342594661392,1.1666666666666667,XMEAS8-XMEAS10,0.42857142857142855,4
F03,431,0.2857142857142857,1.5498260458782016,1.0,XMEAS10-XMEAS11,0.2857142857142857,5
F03,432,0.14285714285714285,1.945910149055314,1.0,XMEAS7-XMEAS10,0.14285714285714285,7
F03,433,0.42857142857142855,1.475076311054695,1.4,XMEAS8-XMEAS10,0.42857142857142855,5
F03,434,0.2857142857142857,1.7478680974667578,1.1666666666666667,XMEAS8-XMEAS11,0.2857142857142857,6
F03,435,0.2857142857142857,1.549826045878202,1.0,XMEAS8-XMEAS9,0.2857142857142857,5
F03,436,0.2857142857142857,1.5498260458782016,1.4,XMEAS7-XMEAS10,0.2857142857142857,5
F03,437,0.2857142857142857,1.549826045878202,1.1666666666666667,XMEAS8-XMEAS10,0.2857142857142857,5
F03,438,0.42857142857142855,1.475076311054695,1.1666666666666667,XMEAS8-XMEAS10,0.42857142857142855,5
F03,439,0.2857142857142857,1.7478680974667578,1.0,XMEAS10-XMEAS11,0.2857142857142857,6
F03,440,0.5714285714285714,0.9556998911125343,1.4,XMEAS8-XMEAS9,0.5714285714285714,3
F03,441,0.2857142857142857,1.7478680974667578,1.1666666666666667,XMEAS8-XMEAS10,0.2857142857142857,6
F03,442,0.2857142857142857,1.7478680974667578,1.0,XMEAS7-XMEAS9,0.2857142857142857,6
F03,443,0.42857142857142855,1.475076311054695,1.4,XMEAS8-XMEAS10,0.42857142857142855,5
F03,444,0.42857142857142855,1.277034259466139,1.4,XMEAS8-XMEAS10,0.42857142857142855,4
F03,445,0.2857142857142857,1.7478680974667578,1.0,XMEAS9-XMEAS10,0.2857142857142857,6
F03,446,0.42857142857142855,1.277034259466139,1.1666666666666667,XMEAS8-XMEAS9,0.42857142857142855,4
F03,447,0.2857142857142857,1.7478680974667578,1.0,XMEAS8-XMEAS9,0.2857142857142857,6
F03,448,0.42857142857142855,1.475076311054695,1.1666666666666667,XMEAS8-XMEAS11,0.42857142857142855,5
F03,449,0.42857142857142855,1.475076311054695,1.1666666666666667,XMEAS8-XMEAS9,0.42857142857142855,5
F03,450,0.42857142857142855,1.475076311054695,1.1666666666666667,XMEAS8-XMEAS9,0.42857142857142855,5
F03,451,0.2857142857142857,1.5498260458782016,1.4,XMEAS9-XMEAS10,0.2857142857142857,5
F03,452,0.2857142857142857,1.7478680974667578,1.0,XMEAS10-XMEAS11,0.2857142857142857,6
F03,453,0.2857142857142857,1.549826045878202,1.0,XMEAS8-XMEAS9,0.2857142857142857,5
F03,454,0.2857142857142857,1.7478680974667578,1.0,XMEAS8-XMEAS9,0.2857142857142857,6
F03,455,0.2857142857142857,1.351783994289646,1.0,XMEAS8-XMEAS10,0.2857142857142857,4
F03,456,0.42857142857142855,1.0042424730540764,1.75,XMEAS8-XMEAS10,0.42857142857142855,3
F03,457,0.5714285714285714,0.9556998911125343,1.1666666666666667,XMEAS8-XMEAS9,0.5714285714285714,3
F03,458,0.2857142857142857,1.549826045878202,1.1666666666666667,XMEAS10-XMEAS11,0.2857142857142857,5
F03,459,0.2857142857142857,1.549826045878202,1.0,XMEAS8-XMEAS10,0.2857142857142857,5
F03,460,0.2857142857142857,1.549826045878202,1.0,XMEAS8-XMEAS9,0.2857142857142857,5
F03,461,0.2857142857142857,1.549826045878202,1.1666666666666667,XMEAS9-XMEAS10,0.2857142857142857,5
F03,462,0.2857142857142857,1.351783994289646,1.1666666666666667,XMEAS9-XMEAS10,0.2857142857142857,4
F03,463,0.42857142857142855,1.2770342594661392,1.1666666666666667,XMEAS8-XMEAS10,0.42857142857142855,4
F03,464,0.2857142857142857,1.5498260458782018,1.1666666666666667,XMEAS7-XMEAS10,0.2857142857142857,5
F03,465,0.5714285714285714,1.1537419427010902,1.4,XMEAS10-XMEAS11,0.5714285714285714,4
F03,466,0.14285714285714285,1.945910149055314,1.0,XMEAS9-XMEAS10,0.14285714285714285,7
F03,467,0.42857142857142855,1.0789922078775833,1.4,XMEAS8-XMEAS9,0.42857142857142855,3
F03,468,0.2857142857142857,1.549826045878202,1.0,XMEAS8-XMEAS9,0.2857142857142857,5
F03,469,0.2857142857142857,1.351783994289646,1.0,XMEAS10-XMEAS11,0.2857142857142857,4
F03,470,0.2857142857142857,1.549826045878202,1.0,XMEAS8-XMEAS10,0.2857142857142857,5
F03,471,0.2857142857142857,1.5498260458782016,1.1666666666666667,XMEAS7-XMEAS8,0.2857142857142857,5
F03,472,0.42857142857142855,1.277034259466139,1.4,XMEAS7-XMEAS8,0.42857142857142855,4
F03,473,0.2857142857142857,1.7478680974667578,1.0,XMEAS9-XMEAS10,0.2857142857142857,6
F03,474,0.5714285714285714,1.1537419427010902,1.4,XMEAS8-XMEAS9,0.5714285714285714,4
F03,475,0.2857142857142857,1.7478680974667578,1.1666666666666667,XMEAS10-XMEAS11,0.2857142857142857,6
F03,476,0.2857142857142857,1.7478680974667573,1.1666666666666667,XMEAS8-XMEAS11,0.2857142857142857,6
F03,477,0.2857142857142857,1.549826045878202,1.0,XMEAS8-XMEAS9,0.2857142857142857,5
F03,478,0.2857142857142857,1.5498260458782016,1.0,XMEAS8-XMEAS9,0.2857142857142857,5
F03,479,0.2857142857142857,1.549826045878202,1.0,XMEAS8-XMEAS10,0.2857142857142857,5
F03,480,0.2857142857142857,1.5498260458782016,1.1666666666666667,XMEAS8-XMEAS10,0.2857142857142857,5
F03,481,0.2857142857142857,1.549826045878202,1.0,XMEAS8-XMEAS9,0.2857142857142857,5
F03,482,0.2857142857142857,1.351783994289646,1.1666666666666667,XMEAS8-XMEAS9,0.2857142857142857,4
F03,483,0.42857142857142855,1.0042424730540764,1.0,XMEAS8-XMEAS9,0.42857142857142855,3
F03,484,0.2857142857142857,1.7478680974667578,1.0,XMEAS8-XMEAS9,0.2857142857142857,6
F03,485,0.42857142857142855,1.277034259466139,1.1666666666666667,XMEAS8-XMEAS9,0.42857142857142855,4
F03,486,0.5714285714285714,1.1537419427010902,1.4,XMEAS8-XMEAS9,0.5714285714285714,4
F03,487,0.42857142857142855,1.475076311054695,1.0,XMEAS8-XMEAS9,0.42857142857142855,5
F03,488,0.2857142857142857,1.549826045878202,1.1666666666666667,XMEAS7-XMEAS8,0.2857142857142857,5
F03,489,0.2857142857142857,1.7478680974667578,1.1666666666666667,XMEAS8-XMEAS10,0.2857142857142857,6
F03,490,0.2857142857142857,1.549826045878202,1.0,XMEAS7-XMEAS8,0.2857142857142857,5
F03,491,0.42857142857142855,1.2770342594661392,1.1666666666666667,XMEAS10-XMEAS11,0.42857142857142855,4
F03,492,0.42857142857142855,1.277034259466139,1.1666666666666667,XMEAS8-XMEAS9,0.42857142857142855,4
F03,493,0.2857142857142857,1.549826045878202,1.0,XMEAS7-XMEAS10,0.2857142857142857,5
F03,494,0.2857142857142857,1.549826045878202,1.0,XMEAS8-XMEAS11,0.2857142857142857,5
F03,495,0.2857142857142857,1.549826045878202,1.0,XMEAS10-XMEAS11,0.2857142857142857,5
F03,496,0.5714285714285714,0.9556998911125343,1.4,XMEAS8-XMEAS9,0.5714285714285714,3
F03,497,0.2857142857142857,1.549826045878202,1.0,XMEAS8-XMEAS9,0.2857142857142857,5
F03,498,0.2857142857142857,1.5498260458782016,1.0,XMEAS8-XMEAS9,0.2857142857142857,5
F03,499,0.2857142857142857,1.7478680974667578,1.0,XMEAS10-XMEAS11,0.2857142857142857,6
F03,500,0.42857142857142855,1.0789922078775833,1.0,XMEAS10-XMEAS11,0.42857142857142855,3
F04,1,0.42857142857142855,1.475076311054695,1.1666666666666667,XMEAS9-XMEAS11,0.42857142857142855,5
F04,2,0.2857142857142857,1.7478680974667578,1.0,XMEAS7-XMEAS9,0.2857142857142857,6
F04,3,0.14285714285714285,1.945910149055314,1.0,XMEAS9-XMEAS10,0.14285714285714285,7
F04,4,0.2857142857142857,1.7478680974667578,1.0,XMEAS8-XMEAS11,0.2857142857142857,6
F04,5,0.2857142857142857,1.351783994289646,1.0,XMEAS8-XMEAS9,0.2857142857142857,4
F04,6,0.42857142857142855,1.277034259466139,1.1666666666666667,XMEAS10-XMEAS11,0.42857142857142855,4
F04,7,0.2857142857142857,1.7478680974667578,1.0,XMEAS10-XMEAS11,0.2857142857142857,6
F04,8,0.2857142857142857,1.5498260458782016,1.0,XMEAS7-XMEAS9,0.2857142857142857,5
F04,9,0.2857142857142857,1.549826045878202,1.0,XMEAS10-XMEAS11,0.2857142857142857,5
F04,10,0.5714285714285714,1.1537419427010902,1.4,XMEAS9-XMEAS11,0.5714285714285714,4
F04,11,0.2857142857142857,1.549826045878202,1.1666666666666667,XMEAS8-XMEAS11,0.2857142857142857,5
F04,12,0.42857142857142855,1.277034259466139,1.1666666666666667,XMEAS10-XMEAS11,0.42857142857142855,4
F04,13,0.2857142857142857,1.7478680974667578,1.1666666666666667,XMEAS7-XMEAS8,0.2857142857142857,6
F04,14,0.2857142857142857,1.5498260458782016,1.0,XMEAS7-XMEAS10,0.2857142857142857,5
F04,15,0.2857142857142857,1.7478680974667578,1.0,XMEAS8-XMEAS9,0.2857142857142857,6
F04,16,0.2857142857142857,1.549826045878202,1.1666666666666667,XMEAS8-XMEAS9,0.2857142857142857,5
F04,17,0.14285714285714285,1.945910149055314,1.0,XMEAS7-XMEAS10,0.14285714285714285,7
F04,18,0.2857142857142857,1.5498260458782018,1.0,XMEAS10-XMEAS11,0.2857142857142857,5
F04,19,0.42857142857142855,1.475076311054695,1.1666666666666667,XMEAS8-XMEAS9,0.42857142857142855,5
F04,20,0.2857142857142857,1.7478680974667578,1.0,XMEAS8-XMEAS10,0.2857142857142857,6
F04,21,0.5714285714285714,0.9556998911125343,1.1666666666666667,XMEAS9-XMEAS10,0.5714285714285714,3
F04,22,0.42857142857142855,1.0042424730540764,1.4,XMEAS8-XMEAS10,0.42857142857142855,3
F04,23,0.42857142857142855,1.2770342594661392,1.1666666666666667,XMEAS9-XMEAS10,0.42857142857142855,4
F04,24,0.2857142857142857,1.5498260458782016,1.1666666666666667,XMEAS8-XMEAS11,0.2857142857142857,5
F04,25,0.42857142857142855,1.2770342594661392,1.1666666666666667,XMEAS7-XMEAS10,0.42857142857142855,4
F04,26,0.2857142857142857,1.7478680974667578,1.1666666666666667,XMEAS8-XMEAS9,0.2857142857142857,6
F04,27,0.2857142857142857,1.549826045878202,1.0,XMEAS8-XMEAS11,0.2857142857142857,5
F04,28,0.2857142857142857,1.5498260458782016,1.1666666666666667,XMEAS8-XMEAS9,0.2857142857142857,5
F04,29,0.2857142857142857,1.7478680974667578,1.1666666666666667,XMEAS8-XMEAS9,0.2857142857142857,6
F04,30,0.2857142857142857,1.7478680974667578,1.0,XMEAS8-XMEAS11,0.2857142857142857,6
F04,31,0.2857142857142857,1.549826045878202,1.1666666666666667,XMEAS8-XMEAS9,0.2857142857142857,5
F04,32,0.2857142857142857,1.7478680974667578,1.0,XMEAS8-XMEAS10,0.2857142857142857,6
F04,33,0.42857142857142855,1.475076311054695,1.0,XMEAS9-XMEAS11,0.42857142857142855,5
F04,34,0.2857142857142857,1.549826045878202,1.1666666666666667,XMEAS7-XMEAS10,0.2857142857142857,5
F04,35,0.42857142857142855,1.2770342594661392,1.0,XMEAS8-XMEAS9,0.42857142857142855,4
F04,36,0.42857142857142855,1.475076311054695,1.1666666666666667,XMEAS8-XMEAS9,0.42857142857142855,5
F04,37,0.2857142857142857,1.351783994289646,1.4,XMEAS9-XMEAS10,0.2857142857142857,4
F04,38,0.2857142857142857,1.351783994289646,1.0,XMEAS9-XMEAS11,0.2857142857142857,4
F04,39,0.2857142857142857,1.7478680974667578,1.0,XMEAS8-XMEAS11,0.2857142857142857,6
F04,40,0.2857142857142857,1.7478680974667578,1.0,XMEAS10-XMEAS11,0.2857142857142857,6
F04,41,0.2857142857142857,1.549826045878202,1.1666666666666667,XMEAS8-XMEAS10,0.2857142857142857,5
F04,42,0.2857142857142857,1.549826045878202,1.0,XMEAS10-XMEAS11,0.2857142857142857,5
F04,43,0.42857142857142855,1.2770342594661392,1.4,XMEAS10-XMEAS11,0.42857142857142855,4
F04,44,0.2857142857142857,1.549826045878202,1.0,XMEAS8-XMEAS11,0.2857142857142857,5
F04,45,0.42857142857142855,1.2770342594661392,1.4,XMEAS7-XMEAS9,0.42857142857142855,4
F04,46,0.2857142857142857,1.7478680974667578,1.1666666666666667,XMEAS8-XMEAS10,0.2857142857142857,6
F04,47,0.2857142857142857,1.7478680974667578,1.0,XMEAS7-XMEAS10,0.2857142857142857,6
F04,48,0.2857142857142857,1.7478680974667578,1.0,XMEAS9-XMEAS11,0.2857142857142857,6
F04,49,0.2857142857142857,1.549826045878202,1.0,XMEAS7-XMEAS10,0.2857142857142857,5
F04,50,0.2857142857142857,1.7478680974667573,1.1666666666666667,XMEAS9-XMEAS10,0.2857142857142857,6
F04,51,0.2857142857142857,1.549826045878202,1.1666666666666667,XMEAS10-XMEAS11,0.2857142857142857,5
F04,52,0.2857142857142857,1.5498260458782016,1.1666666666666667,XMEAS8-XMEAS11,0.2857142857142857,5
F04,53,0.42857142857142855,1.475076311054695,1.0,XMEAS7-XMEAS8,0.42857142857142855,5
F04,54,0.42857142857142855,1.277034259466139,1.4,XMEAS8-XMEAS9,0.42857142857142855,4
F04,55,0.2857142857142857,1.7478680974667578,1.0,XMEAS10-XMEAS11,0.2857142857142857,6
F04,56,0.2857142857142857,1.549826045878202,1.0,XMEAS8-XMEAS10,0.2857142857142857,5
F04,57,0.42857142857142855,1.0789922078775833,1.1666666666666667,XMEAS8-XMEAS10,0.42857142857142855,3
F04,58,0.2857142857142857,1.7478680974667578,1.0,XMEAS8-XMEAS9,0.2857142857142857,6
F04,59,0.2857142857142857,1.7478680974667578,1.0,XMEAS8-XMEAS10,0.2857142857142857,6
F04,60,0.2857142857142857,1.7478680974667573,1.1666666666666667,XMEAS7-XMEAS9,0.2857142857142857,6
F04,61,0.42857142857142855,1.0042424730540764,1.4,XMEAS7-XMEAS10,0.42857142857142855,3
F04,62,0.2857142857142857,1.351783994289646,1.1666666666666667,XMEAS8-XMEAS10,0.2857142857142857,4
F04,63,0.2857142857142857,1.7478680974667578,1.0,XMEAS8-XMEAS9,0.2857142857142857,6
F04,64,0.42857142857142855,1.277034259466139,1.1666666666666667,XMEAS8-XMEAS11,0.42857142857142855,4
F04,65,0.42857142857142855,1.277034259466139,1.4,XMEAS9-XMEAS10,0.42857142857142855,4
F04,66,0.5714285714285714,1.15374194270109,1.75,XMEAS8-XMEAS9,0.5714285714285714,4
F04,67,0.2857142857142857,1.351783994289646,1.0,XMEAS9-XMEAS10,0.2857142857142857,4
F04,68,0.2857142857142857,1.7478680974667578,1.0,XMEAS8-XMEAS10,0.2857142857142857,6
F04,69,0.2857142857142857,1.5498260458782018,1.0,XMEAS10-XMEAS11,0.2857142857142857,5
F04,70,0.42857142857142855,1.0789922078775833,1.4,XMEAS8-XMEAS9,0.42857142857142855,3
F04,71,0.2857142857142857,1.549826045878202,1.0,XMEAS8-XMEAS9,0.2857142857142857,5
F04,72,0.2857142857142857,1.7478680974667578,1.0,XMEAS8-XMEAS11,0.2857142857142857,6
F04,73,0.2857142857142857,1.7478680974667578,1.0,XMEAS8-XMEAS10,0.2857142857142857,6
F04,74,0.42857142857142855,1.277034259466139,1.1666666666666667,XMEAS9-XMEAS10,0.42857142857142855,4
F04,75,0.2857142857142857,1.549826045878202,1.1666666666666667,XMEAS8-XMEAS11,0.2857142857142857,5
F04,76,0.5714285714285714,1.1537419427010902,1.4,XMEAS8-XMEAS9,0.5714285714285714,4
F04,77,0.2857142857142857,1.7478680974667578,1.1666666666666667,XMEAS7-XMEAS8,0.2857142857142857,6
F04,78,0.42857142857142855,1.2770342594661392,1.4,XMEAS9-XMEAS10,0.42857142857142855,4
F04,79,0.42857142857142855,1.2770342594661392,1.1666666666666667,XMEAS8-XMEAS10,0.42857142857142855,4
F04,80,0.42857142857142855,1.277034259466139,1.1666666666666667,XMEAS8-XMEAS10,0.42857142857142855,4
F04,81,0.2857142857142857,1.549826045878202,1.1666666666666667,XMEAS8-XMEAS9,0.2857142857142857,5
F04,82,0.42857142857142855,1.0789922078775833,1.4,XMEAS8-XMEAS9,0.42857142857142855,3
F04,83,0.42857142857142855,1.277034259466139,1.1666666666666667,XMEAS8-XMEAS9,0.42857142857142855,4
F04,84,0.2857142857142857,1.7478680974667578,1.0,XMEAS7-XMEAS10,0.2857142857142857,6
F04,85,0.42857142857142855,1.475076311054695,1.1666666666666667,XMEAS8-XMEAS9,0.42857142857142855,5
F04,86,0.42857142857142855,1.277034259466139,1.1666666666666667,XMEAS10-XMEAS11,0.42857142857142855,4
F04,87,0.2857142857142857,1.549826045878202,1.1666666666666667,XMEAS10-XMEAS11,0.2857142857142857,5
F04,88,0.2857142857142857,1.7478680974667578,1.0,XMEAS10-XMEAS11,0.2857142857142857,6
F04,89,0.2857142857142857,1.351783994289646,1.1666666666666667,XMEAS8-XMEAS9,0.2857142857142857,4
F04,90,0.42857142857142855,1.277034259466139,1.1666666666666667,XMEAS8-XMEAS9,0.42857142857142855,4
F04,91,0.5714285714285714,1.1537419427010902,1.75,XMEAS10-XMEAS11,0.5714285714285714,4
F04,92,0.2857142857142857,1.7478680974667578,1.0,XMEAS9-XMEAS11,0.2857142857142857,6
F04,93,0.2857142857142857,1.7478680974667578,1.0,XMEAS9-XMEAS10,0.2857142857142857,6
F04,94,0.2857142857142857,1.7478680974667578,1.1666666666666667,XMEAS8-XMEAS9,0.2857142857142857,6
F04,95,0.2857142857142857,1.7478680974667578,1.0,XMEAS8-XMEAS9,0.2857142857142857,6
F04,96,0.2857142857142857,1.549826045878202,1.1666666666666667,XMEAS8-XMEAS9,0.2857142857142857,5
F04,97,0.2857142857142857,1.549826045878202,1.0,XMEAS10-XMEAS11,0.2857142857142857,5
F04,98,0.2857142857142857,1.549826045878202,1.1666666666666667,XMEAS8-XMEAS10,0.2857142857142857,5
F04,99,0.42857142857142855,1.277034259466139,1.4,XMEAS8-XMEAS9,0.42857142857142855,4
F04,100,0.2857142857142857,1.5498260458782016,1.0,XMEAS7-XMEAS10,0.2857142857142857,5
F04,101,0.42857142857142855,1.2770342594661392,1.75,XMEAS8-XMEAS9,0.42857142857142855,4
F04,102,0.2857142857142857,1.351783994289646,1.0,XMEAS10-XMEAS11,0.2857142857142857,4
F04,103,0.42857142857142855,1.0042424730540764,1.0,XMEAS8-XMEAS9,0.42857142857142855,3
F04,104,0.2857142857142857,1.7478680974667578,1.0,XMEAS8-XMEAS11,0.2857142857142857,6
F04,105,0.2857142857142857,1.549826045878202,1.4,XMEAS10-XMEAS11,0.2857142857142857,5
F04,106,0.42857142857142855,1.277034259466139,1.75,XMEAS8-XMEAS10,0.42857142857142855,4
F04,107,0.42857142857142855,1.2770342594661392,1.4,XMEAS9-XMEAS10,0.42857142857142855,4
F04,108,0.2857142857142857,1.7478680974667578,1.0,XMEAS8-XMEAS9,0.2857142857142857,6
F04,109,0.42857142857142855,1.475076311054695,1.1666666666666667,XMEAS8-XMEAS10,0.42857142857142855,5
F04,110,0.5714285714285714,0.9556998911125343,1.4,XMEAS8-XMEAS10,0.5714285714285714,3
F04,111,0.2857142857142857,1.549826045878202,1.0,XMEAS9-XMEAS11,0.2857142857142857,5
F04,112,0.42857142857142855,1.277034259466139,1.1666666666666667,XMEAS9-XMEAS10,0.42857142857142855,4
F04,113,0.2857142857142857,1.7478680974667578,1.0,XMEAS8-XMEAS9,0.2857142857142857,6
F04,114,0.2857142857142857,1.549826045878202,1.0,XMEAS8-XMEAS11,0.2857142857142857,5
F04,115,0.42857142857142855,1.475076311054695,1.0,XMEAS10-XMEAS11,0.42857142857142855,5
F04,116,0.2857142857142857,1.7478680974667578,1.0,XMEAS8-XMEAS10,0.2857142857142857,6
F04,117,0.14285714285714285,1.945910149055314,1.0,XMEAS10-XMEAS11,0.14285714285714285,7
F04,118,0.2857142857142857,1.5498260458782016,1.4,XMEAS7-XMEAS10,0.2857142857142857,5
F04,119,0.14285714285714285,1.945910149055314,1.0,XMEAS7-XMEAS10,0.14285714285714285,7
F04,120,0.2857142857142857,1.7478680974667578,1.0,XMEAS8-XMEAS11,0.2857142857142857,6
F04,121,0.2857142857142857,1.549826045878202,1.0,XMEAS8-XMEAS11,0.2857142857142857,5
F04,122,0.2857142857142857,1.7478680974667578,1.0,XMEAS7-XMEAS9,0.2857142857142857,6
F04,123,0.2857142857142857,1.7478680974667578,1.1666666666666667,XMEAS8-XMEAS9,0.2857142857142857,6
F04,124,0.42857142857142855,1.475076311054695,1.1666666666666667,XMEAS8-XMEAS10,0.42857142857142855,5
F04,125,0.2857142857142857,1.5498260458782018,1.1666666666666667,XMEAS10-XMEAS11,0.2857142857142857,5
F04,126,0.42857142857142855,1.2770342594661392,1.1666666666666667,XMEAS10-XMEAS11,0.42857142857142855,4
F04,127,0.2857142857142857,1.7478680974667578,1.0,XMEAS8-XMEAS9,0.2857142857142857,6
F04,128,0.2857142857142857,1.7478680974667573,1.0,XMEAS9-XMEAS10,0.2857142857142857,6
F04,129,0.2857142857142857,1.7478680974667573,1.0,XMEAS9-XMEAS10,0.2857142857142857,6
F04,130,0.2857142857142857,1.549826045878202,1.0,XMEAS10-XMEAS11,0.2857142857142857,5
F04,131,0.2857142857142857,1.549826045878202,1.1666666666666667,XMEAS8-XMEAS10,0.2857142857142857,5
F04,132,0.2857142857142857,1.351783994289646,1.4,XMEAS9-XMEAS10,0.2857142857142857,4
F04,133,0.2857142857142857,1.7478680974667578,1.0,XMEAS10-XMEAS11,0.2857142857142857,6
F04,134,0.42857142857142855,1.2770342594661392,1.4,XMEAS8-XMEAS9,0.42857142857142855,4
F04,135,0.2857142857142857,1.5498260458782018,1.1666666666666667,XMEAS7-XMEAS10,0.2857142857142857,5
F04,136,0.2857142857142857,1.549826045878202,1.0,XMEAS7-XMEAS10,0.2857142857142857,5
F04,137,0.42857142857142855,1.2770342594661392,1.1666666666666667,XMEAS8-XMEAS11,0.42857142857142855,4
F04,138,0.42857142857142855,1.475076311054695,1.1666666666666667,XMEAS7-XMEAS10,0.42857142857142855,5
F04,139,0.42857142857142855,1.2770342594661392,1.1666666666666667,XMEAS7-XMEAS10,0.42857142857142855,4
F04,140,0.42857142857142855,1.277034259466139,1.1666666666666667,XMEAS8-XMEAS9,0.42857142857142855,4
F04,141,0.2857142857142857,1.7478680974667578,1.1666666666666667,XMEAS9-XMEAS11,0.2857142857142857,6
F04,142,0.42857142857142855,1.2770342594661392,1.0,XMEAS10-XMEAS11,0.42857142857142855,4
F04,143,0.2857142857142857,1.7478680974667578,1.1666666666666667,XMEAS8-XMEAS9,0.2857142857142857,6
F04,144,0.2857142857142857,1.549826045878202,1.0,XMEAS9-XMEAS10,0.2857142857142857,5
F04,145,0.42857142857142855,1.2770342594661392,1.1666666666666667,XMEAS8-XMEAS9,0.42857142857142855,4
F04,146,0.42857142857142855,1.475076311054695,1.1666666666666667,XMEAS9-XMEAS10,0.42857142857142855,5
F04,147,0.2857142857142857,1.7478680974667573,1.0,XMEAS10-XMEAS11,0.2857142857142857,6
F04,148,0.2857142857142857,1.351783994289646,1.0,XMEAS10-XMEAS11,0.2857142857142857,4
F04,149,0.42857142857142855,1.277034259466139,1.1666666666666667,XMEAS10-XMEAS11,0.42857142857142855,4
F04,150,0.2857142857142857,1.351783994289646,1.1666666666666667,XMEAS8-XMEAS11,0.2857142857142857,4
F04,151,0.2857142857142857,1.5498260458782016,1.0,XMEAS8-XMEAS10,0.2857142857142857,5
F04,152,0.2857142857142857,1.549826045878202,1.1666666666666667,XMEAS7-XMEAS9,0.2857142857142857,5
F04,153,0.2857142857142857,1.549826045878202,1.0,XMEAS9-XMEAS10,0.2857142857142857,5
F04,154,0.42857142857142855,1.475076311054695,1.4,XMEAS9-XMEAS11,0.42857142857142855,5
F04,155,0.42857142857142855,1.475076311054695,1.1666666666666667,XMEAS8-XMEAS9,0.42857142857142855,5
F04,156,0.2857142857142857,1.7478680974667578,1.0,XMEAS8-XMEAS9,0.2857142857142857,6
F04,157,0.2857142857142857,1.7478680974667578,1.0,XMEAS10-XMEAS11,0.2857142857142857,6
F04,158,0.2857142857142857,1.5498260458782016,1.4,XMEAS8-XMEAS11,0.2857142857142857,5
F04,159,0.2857142857142857,1.7478680974667578,1.1666666666666667,XMEAS7-XMEAS8,0.2857142857142857,6
F04,160,0.2857142857142857,1.7478680974667578,1.1666666666666667,XMEAS9-XMEAS10,0.2857142857142857,6
F04,161,0.14285714285714285,1.945910149055314,1.0,XMEAS7-XMEAS10,0.14285714285714285,7
F04,162,0.2857142857142857,1.5498260458782018,1.1666666666666667,XMEAS7-XMEAS9,0.2857142857142857,5
F04,163,0.2857142857142857,1.5498260458782016,1.4,XMEAS7-XMEAS9,0.2857142857142857,5
F04,164,0.42857142857142855,1.2770342594661392,1.1666666666666667,XMEAS8-XMEAS9,0.42857142857142855,4
F04,165,0.42857142857142855,1.277034259466139,1.75,XMEAS7-XMEAS9,0.42857142857142855,4
F04,166,0.42857142857142855,1.2770342594661392,1.1666666666666667,XMEAS8-XMEAS9,0.42857142857142855,4
F04,167,0.42857142857142855,1.0042424730540764,1.1666666666666667,XMEAS8-XMEAS9,0.42857142857142855,3
F04,168,0.42857142857142855,1.2770342594661392,1.1666666666666667,XMEAS10-XMEAS11,0.42857142857142855,4
F04,169,0.42857142857142855,1.0042424730540764,1.4,XMEAS9-XMEAS10,0.42857142857142855,3
F04,170,0.2857142857142857,1.7478680974667578,1.0,XMEAS8-XMEAS10,0.2857142857142857,6
F04,171,0.2857142857142857,1.351783994289646,1.0,XMEAS8-XMEAS9,0.2857142857142857,4
F04,172,0.2857142857142857,1.351783994289646,1.0,XMEAS8-XMEAS11,0.2857142857142857,4
F04,173,0.2857142857142857,1.7478680974667578,1.0,XMEAS8-XMEAS9,0.2857142857142857,6
F04,174,0.2857142857142857,1.7478680974667578,1.0,XMEAS7-XMEAS9,0.2857142857142857,6
F04,175,0.42857142857142855,1.277034259466139,1.4,XMEAS8-XMEAS10,0.42857142857142855,4
F04,176,0.2857142857142857,1.7478680974667578,1.0,XMEAS9-XMEAS10,0.2857142857142857,6
F04,177,0.42857142857142855,1.475076311054695,1.1666666666666667,XMEAS9-XMEAS10,0.42857142857142855,5
F04,178,0.2857142857142857,1.7478680974667573,1.1666666666666667,XMEAS8-XMEAS9,0.2857142857142857,6
F04,179,0.42857142857142855,1.277034259466139,1.1666666666666667,XMEAS9-XMEAS10,0.42857142857142855,4
F04,180,0.42857142857142855,1.0789922078775833,1.1666666666666667,XMEAS8-XMEAS9,0.42857142857142855,3
F04,181,0.42857142857142855,1.2770342594661392,1.0,XMEAS8-XMEAS10,0.42857142857142855,4
F04,182,0.2857142857142857,1.7478680974667578,1.0,XMEAS8-XMEAS10,0.2857142857142857,6
F04,183,0.2857142857142857,1.7478680974667578,1.1666666666666667,XMEAS8-XMEAS10,0.2857142857142857,6
F04,184,0.2857142857142857,1.351783994289646,1.1666666666666667,XMEAS10-XMEAS11,0.2857142857142857,4
F04,185,0.42857142857142855,1.475076311054695,1.1666666666666667,XMEAS9-XMEAS10,0.42857142857142855,5
F04,186,0.2857142857142857,1.7478680974667578,1.0,XMEAS9-XMEAS10,0.2857142857142857,6
F04,187,0.2857142857142857,1.351783994289646,1.1666666666666667,XMEAS8-XMEAS9,0.2857142857142857,4
F04,188,0.14285714285714285,1.945910149055314,1.0,XMEAS9-XMEAS10,0.14285714285714285,7
F04,189,0.42857142857142855,1.277034259466139,1.1666666666666667,XMEAS8-XMEAS10,0.42857142857142855,4
F04,190,0.2857142857142857,1.351783994289646,1.1666666666666667,XMEAS9-XMEAS11,0.2857142857142857,4
F04,191,0.2857142857142857,1.5498260458782018,1.0,XMEAS8-XMEAS11,0.2857142857142857,5
F04,192,0.42857142857142855,1.2770342594661392,1.4,XMEAS8-XMEAS9,0.42857142857142855,4
F04,193,0.2857142857142857,1.7478680974667578,1.0,XMEAS9-XMEAS10,0.2857142857142857,6
F04,194,0.2857142857142857,1.5498260458782018,1.0,XMEAS8-XMEAS9,0.2857142857142857,5
F04,195,0.2857142857142857,1.5498260458782016,1.1666666666666667,XMEAS8-XMEAS9,0.2857142857142857,5
F04,196,0.42857142857142855,1.475076311054695,1.4,XMEAS10-XMEAS11,0.42857142857142855,5
F04,197,0.14285714285714285,1.945910149055314,1.0,XMEAS10-XMEAS11,0.14285714285714285,7
F04,198,0.42857142857142855,1.2770342594661392,1.4,XMEAS7-XMEAS9,0.42857142857142855,4
F04,199,0.2857142857142857,1.7478680974667578,1.0,XMEAS8-XMEAS9,0.2857142857142857,6
F04,200,0.2857142857142857,1.5498260458782016,1.1666666666666667,XMEAS10-XMEAS11,0.2857142857142857,5
F04,201,0.42857142857142855,1.4750763110546947,1.4,XMEAS8-XMEAS9,0.42857142857142855,5
F04,202,0.42857142857142855,1.2770342594661392,1.4,XMEAS9-XMEAS10,0.42857142857142855,4
F04,203,0.14285714285714285,1.945910149055314,1.0,XMEAS10-XMEAS11,0.14285714285714285,7
F04,204,0.42857142857142855,1.2770342594661392,1.1666666666666667,XMEAS8-XMEAS9,0.42857142857142855,4
F04,205,0.2857142857142857,1.549826045878202,1.1666666666666667,XMEAS9-XMEAS10,0.2857142857142857,5
F04,206,0.2857142857142857,1.351783994289646,1.4,XMEAS8-XMEAS11,0.2857142857142857,4
F04,207,0.2857142857142857,1.5498260458782016,1.4,XMEAS8-XMEAS9,0.2857142857142857,5
F04,208,0.2857142857142857,1.5498260458782016,1.0,XMEAS8-XMEAS9,0.2857142857142857,5
F04,209,0.42857142857142855,1.2770342594661392,1.4,XMEAS9-XMEAS10,0.42857142857142855,4
F04,210,0.2857142857142857,1.5498260458782018,1.1666666666666667,XMEAS10-XMEAS11,0.2857142857142857,5
F04,211,0.2857142857142857,1.351783994289646,1.1666666666666667,XMEAS8-XMEAS9,0.2857142857142857,4
F04,212,0.5714285714285714,1.1537419427010902,1.4,XMEAS8-XMEAS10,0.5714285714285714,4
F04,213,0.2857142857142857,1.5498260458782018,1.1666666666666667,XMEAS8-XMEAS11,0.2857142857142857,5
F04,214,0.2857142857142857,1.5498260458782016,1.0,XMEAS8-XMEAS11,0.2857142857142857,5
F04,215,0.2857142857142857,1.7478680974667578,1.0,XMEAS9-XMEAS10,0.2857142857142857,6
F04,216,0.42857142857142855,1.475076311054695,1.1666666666666667,XMEAS8-XMEAS9,0.42857142857142855,5
F04,217,0.42857142857142855,1.277034259466139,1.1666666666666667,XMEAS8-XMEAS10,0.42857142857142855,4
F04,218,0.2857142857142857,1.7478680974667578,1.1666666666666667,XMEAS8-XMEAS9,0.2857142857142857,6
F04,219,0.2857142857142857,1.549826045878202,1.0,XMEAS8-XMEAS10,0.2857142857142857,5
F04,220,0.2857142857142857,1.549826045878202,1.0,XMEAS8-XMEAS10,0.2857142857142857,5
F04,221,0.2857142857142857,1.5498260458782016,1.1666666666666667,XMEAS9-XMEAS10,0.2857142857142857,5
F04,222,0.2857142857142857,1.7478680974667578,1.1666666666666667,XMEAS8-XMEAS9,0.2857142857142857,6
F04,223,0.2857142857142857,1.7478680974667578,1.0,XMEAS8-XMEAS10,0.2857142857142857,6
F04,224,0.2857142857142857,1.5498260458782016,1.0,XMEAS8-XMEAS9,0.2857142857142857,5
F04,225,0.2857142857142857,1.5498260458782016,1.4,XMEAS9-XMEAS10,0.2857142857142857,5
F04,226,0.2857142857142857,1.7478680974667578,1.0,XMEAS9-XMEAS11,0.2857142857142857,6
F04,227,0.2857142857142857,1.549826045878202,1.0,XMEAS8-XMEAS9,0.2857142857142857,5
F04,228,0.42857142857142855,1.2770342594661392,1.0,XMEAS9-XMEAS10,0.42857142857142855,4
F04,229,0.42857142857142855,1.475076311054695,1.1666666666666667,XMEAS8-XMEAS9,0.42857142857142855,5
F04,230,0.42857142857142855,1.2770342594661392,1.4,XMEAS8-XMEAS9,0.42857142857142855,4
F04,231,0.2857142857142857,1.7478680974667578,1.0,XMEAS8-XMEAS10,0.2857142857142857,6
F04,232,0.2857142857142857,1.5498260458782016,1.0,XMEAS10-XMEAS11,0.2857142857142857,5
F04,233,0.2857142857142857,1.5498260458782016,1.4,XMEAS7-XMEAS10,0.2857142857142857,5
F04,234,0.2857142857142857,1.7478680974667578,1.0,XMEAS8-XMEAS10,0.2857142857142857,6
F04,235,0.8571428571428571,0.410116318288409,2.3333333333333335,XMEAS8-XMEAS9,0.8571428571428571,2
F04,236,0.2857142857142857,1.7478680974667578,1.0,XMEAS8-XMEAS10,0.2857142857142857,6
F04,237,0.2857142857142857,1.7478680974667578,1.0,XMEAS8-XMEAS10,0.2857142857142857,6
F04,238,0.2857142857142857,1.549826045878202,1.0,XMEAS8-XMEAS9,0.2857142857142857,5
F04,239,0.2857142857142857,1.549826045878202,1.0,XMEAS8-XMEAS10,0.2857142857142857,5
F04,240,0.2857142857142857,1.549826045878202,1.1666666666666667,XMEAS8-XMEAS10,0.2857142857142857,5
F04,241,0.2857142857142857,1.549826045878202,1.0,XMEAS9-XMEAS10,0.2857142857142857,5
F04,242,0.2857142857142857,1.549826045878202,1.0,XMEAS8-XMEAS10,0.2857142857142857,5
F04,243,0.2857142857142857,1.549826045878202,1.1666666666666667,XMEAS10-XMEAS11,0.2857142857142857,5
F04,244,0.5714285714285714,1.1537419427010902,1.4,XMEAS9-XMEAS11,0.5714285714285714,4
F04,245,0.14285714285714285,1.945910149055314,1.0,XMEAS9-XMEAS10,0.14285714285714285,7
F04,246,0.5714285714285714,1.1537419427010902,1.4,XMEAS8-XMEAS9,0.5714285714285714,4
F04,247,0.42857142857142855,1.4750763110546947,1.4,XMEAS8-XMEAS9,0.42857142857142855,5
F04,248,0.2857142857142857,1.7478680974667578,1.1666666666666667,XMEAS7-XMEAS9,0.2857142857142857,6
F04,249,0.5714285714285714,1.1537419427010902,1.75,XMEAS8-XMEAS9,0.5714285714285714,4
F04,250,0.2857142857142857,1.5498260458782016,1.1666666666666667,XMEAS10-XMEAS11,0.2857142857142857,5
F04,251,0.2857142857142857,1.351783994289646,1.1666666666666667,XMEAS8-XMEAS10,0.2857142857142857,4
F04,252,0.2857142857142857,1.549826045878202,1.0,XMEAS9-XMEAS10,0.2857142857142857,5
F04,253,0.2857142857142857,1.549826045878202,1.0,XMEAS7-XMEAS9,0.2857142857142857,5
F04,254,0.2857142857142857,1.7478680974667578,1.0,XMEAS7-XMEAS9,0.2857142857142857,6
F04,255,0.2857142857142857,1.7478680974667578,1.0,XMEAS8-XMEAS9,0.2857142857142857,6
F04,256,0.42857142857142855,1.475076311054695,1.0,XMEAS10-XMEAS11,0.42857142857142855,5
F04,257,0.2857142857142857,1.549826045878202,1.0,XMEAS7-XMEAS8,0.2857142857142857,5
F04,258,0.42857142857142855,1.2770342594661392,1.1666666666666667,XMEAS7-XMEAS9,0.42857142857142855,4
F04,259,0.2857142857142857,1.549826045878202,1.0,XMEAS8-XMEAS11,0.2857142857142857,5
F04,260,0.2857142857142857,1.351783994289646,1.0,XMEAS8-XMEAS11,0.2857142857142857,4
F04,261,0.42857142857142855,1.0042424730540764,1.1666666666666667,XMEAS10-XMEAS11,0.42857142857142855,3
F04,262,0.2857142857142857,1.5498260458782018,1.0,XMEAS9-XMEAS11,0.2857142857142857,5
F04,263,0.2857142857142857,1.7478680974667578,1.0,XMEAS9-XMEAS11,0.2857142857142857,6
F04,264,0.42857142857142855,1.2770342594661392,1.75,XMEAS10-XMEAS11,0.42857142857142855,4
F04,265,0.2857142857142857,1.549826045878202,1.4,XMEAS7-XMEAS10,0.2857142857142857,5
F04,266,0.2857142857142857,1.5498260458782016,1.1666666666666667,XMEAS8-XMEAS9,0.2857142857142857,5
F04,267,0.42857142857142855,1.2770342594661392,1.0,XMEAS9-XMEAS11,0.42857142857142855,4
F04,268,0.42857142857142855,1.475076311054695,1.1666666666666667,XMEAS8-XMEAS9,0.42857142857142855,5
F04,269,0.42857142857142855,1.475076311054695,1.1666666666666667,XMEAS8-XMEAS9,0.42857142857142855,5
F04,270,0.2857142857142857,1.5498260458782016,1.1666666666666667,XMEAS7-XMEAS9,0.2857142857142857,5
F04,271,0.2857142857142857,1.5498260458782016,1.1666666666666667,XMEAS9-XMEAS11,0.2857142857142857,5
F04,272,0.2857142857142857,1.7478680974667578,1.1666666666666667,XMEAS8-XMEAS9,0.2857142857142857,6
F04,273,0.42857142857142855,1.2770342594661392,1.4,XMEAS8-XMEAS9,0.42857142857142855,4
F04,274,0.42857142857142855,1.277034259466139,1.1666666666666667,XMEAS9-XMEAS10,0.42857142857142855,4
F04,275,0.42857142857142855,1.2770342594661392,1.0,XMEAS8-XMEAS9,0.42857142857142855,4
F04,276,0.2857142857142857,1.5498260458782018,1.1666666666666667,XMEAS8-XMEAS10,0.2857142857142857,5
F04,277,0.2857142857142857,1.5498260458782016,1.0,XMEAS9-XMEAS10,0.2857142857142857,5
F04,278,0.2857142857142857,1.351783994289646,1.1666666666666667,XMEAS8-XMEAS9,0.2857142857142857,4
F04,279,0.2857142857142857,1.351783994289646,1.1666666666666667,XMEAS7-XMEAS8,0.2857142857142857,4
F04,280,0.2857142857142857,1.7478680974667578,1.0,XMEAS8-XMEAS10,0.2857142857142857,6
F04,281,0.2857142857142857,1.7478680974667578,1.0,XMEAS7-XMEAS8,0.2857142857142857,6
F04,282,0.2857142857142857,1.7478680974667578,1.1666666666666667,XMEAS8-XMEAS11,0.2857142857142857,6
F04,283,0.2857142857142857,1.5498260458782016,1.0,XMEAS8-XMEAS9,0.2857142857142857,5
F04,284,0.2857142857142857,1.549826045878202,1.0,XMEAS9-XMEAS11,0.2857142857142857,5
F04,285,0.5714285714285714,1.15374194270109,1.75,XMEAS8-XMEAS9,0.5714285714285714,4
F04,286,0.42857142857142855,1.475076311054695,1.0,XMEAS9-XMEAS10,0.42857142857142855,5
F04,287,0.42857142857142855,1.4750763110546947,1.1666666666666667,XMEAS9-XMEAS10,0.42857142857142855,5
F04,288,0.2857142857142857,1.7478680974667578,1.0,XMEAS10-XMEAS11,0.2857142857142857,6
F04,289,0.42857142857142855,1.2770342594661392,1.1666666666666667,XMEAS7-XMEAS9,0.42857142857142855,4
F04,290,0.2857142857142857,1.7478680974667578,1.0,XMEAS10-XMEAS11,0.2857142857142857,6
F04,291,0.2857142857142857,1.549826045878202,1.0,XMEAS9-XMEAS10,0.2857142857142857,5
F04,292,0.2857142857142857,1.351783994289646,1.1666666666666667,XMEAS7-XMEAS9,0.2857142857142857,4
F04,293,0.42857142857142855,1.277034259466139,1.75,XMEAS8-XMEAS9,0.42857142857142855,4
F04,294,0.2857142857142857,1.7478680974667578,1.1666666666666667,XMEAS8-XMEAS9,0.2857142857142857,6
F04,295,0.42857142857142855,1.277034259466139,1.1666666666666667,XMEAS8-XMEAS11,0.42857142857142855,4
F04,296,0.5714285714285714,1.1537419427010902,1.1666666666666667,XMEAS8-XMEAS9,0.5714285714285714,4
F04,297,0.42857142857142855,1.2770342594661392,1.0,XMEAS9-XMEAS10,0.42857142857142855,4
F04,298,0.42857142857142855,1.2770342594661392,1.0,XMEAS9-XMEAS10,0.42857142857142855,4
F04,299,0.2857142857142857,1.549826045878202,1.0,XMEAS8-XMEAS10,0.2857142857142857,5
F04,300,0.2857142857142857,1.5498260458782016,1.1666666666666667,XMEAS8-XMEAS11,0.2857142857142857,5
F04,301,0.42857142857142855,1.2770342594661392,1.1666666666666667,XMEAS8-XMEAS10,0.42857142857142855,4
F04,302,0.2857142857142857,1.351783994289646,1.0,XMEAS10-XMEAS11,0.2857142857142857,4
F04,303,0.2857142857142857,1.7478680974667578,1.0,XMEAS8-XMEAS10,0.2857142857142857,6
F04,304,0.42857142857142855,1.277034259466139,1.0,XMEAS8-XMEAS9,0.42857142857142855,4
F04,305,0.42857142857142855,1.2770342594661392,1.1666666666666667,XMEAS9-XMEAS10,0.42857142857142855,4
F04,306,0.2857142857142857,1.549826045878202,1.0,XMEAS8-XMEAS10,0.2857142857142857,5
F04,307,0.2857142857142857,1.7478680974667578,1.1666666666666667,XMEAS8-XMEAS11,0.2857142857142857,6
F04,308,0.42857142857142855,1.475076311054695,1.1666666666666667,XMEAS8-XMEAS10,0.42857142857142855,5
F04,309,0.2857142857142857,1.7478680974667578,1.0,XMEAS10-XMEAS11,0.2857142857142857,6
F04,310,0.2857142857142857,1.7478680974667578,1.1666666666666667,XMEAS7-XMEAS9,0.2857142857142857,6
F04,311,0.42857142857142855,1.475076311054695,1.4,XMEAS10-XMEAS11,0.42857142857142855,5
F04,312,0.2857142857142857,1.7478680974667578,1.0,XMEAS10-XMEAS11,0.2857142857142857,6
F04,313,0.2857142857142857,1.549826045878202,1.4,XMEAS8-XMEAS9,0.2857142857142857,5
F04,314,0.7142857142857143,0.7963116401738131,1.75,XMEAS8-XMEAS9,0.7142857142857143,3
F04,315,0.2857142857142857,1.549826045878202,1.1666666666666667,XMEAS8-XMEAS9,0.2857142857142857,5
F04,316,0.2857142857142857,1.549826045878202,1.0,XMEAS8-XMEAS10,0.2857142857142857,5
F04,317,0.42857142857142855,1.2770342594661392,1.1666666666666667,XMEAS8-XMEAS9,0.42857142857142855,4
F04,318,0.2857142857142857,1.7478680974667578,1.1666666666666667,XMEAS8-XMEAS9,0.2857142857142857,6
F04,319,0.2857142857142857,1.351783994289646,1.1666666666666667,XMEAS7-XMEAS9,0.2857142857142857,4
F04,320,0.7142857142857143,0.5982695885852573,1.75,XMEAS8-XMEAS9,0.7142857142857143,2
F04,321,0.2857142857142857,1.7478680974667578,1.0,XMEAS8-XMEAS9,0.2857142857142857,6
F04,322,0.42857142857142855,1.2770342594661392,1.1666666666666667,XMEAS8-XMEAS9,0.42857142857142855,4
F04,323,0.2857142857142857,1.549826045878202,1.1666666666666667,XMEAS7-XMEAS10,0.2857142857142857,5
F04,324,0.2857142857142857,1.7478680974667578,1.1666666666666667,XMEAS8-XMEAS9,0.2857142857142857,6
F04,325,0.42857142857142855,1.2770342594661392,1.1666666666666667,XMEAS7-XMEAS8,0.42857142857142855,4
F04,326,0.2857142857142857,1.5498260458782018,1.0,XMEAS8-XMEAS9,0.2857142857142857,5
F04,327,0.2857142857142857,1.7478680974667578,1.0,XMEAS8-XMEAS11,0.2857142857142857,6
F04,328,0.42857142857142855,1.277034259466139,1.1666666666666667,XMEAS9-XMEAS11,0.42857142857142855,4
F04,329,0.42857142857142855,1.475076311054695,1.0,XMEAS7-XMEAS9,0.42857142857142855,5
F04,330,0.42857142857142855,1.475076311054695,1.1666666666666667,XMEAS8-XMEAS9,0.42857142857142855,5
F04,331,0.2857142857142857,1.549826045878202,1.0,XMEAS7-XMEAS8,0.2857142857142857,5
F04,332,0.42857142857142855,1.277034259466139,1.75,XMEAS9-XMEAS10,0.42857142857142855,4
F04,333,0.2857142857142857,1.351783994289646,1.1666666666666667,XMEAS10-XMEAS11,0.2857142857142857,4
F04,334,0.42857142857142855,1.475076311054695,1.1666666666666667,XMEAS8-XMEAS9,0.42857142857142855,5
F04,335,0.42857142857142855,1.2770342594661392,1.75,XMEAS8-XMEAS11,0.42857142857142855,4
F04,336,0.42857142857142855,1.475076311054695,1.0,XMEAS9-XMEAS10,0.42857142857142855,5
F04,337,0.2857142857142857,1.5498260458782016,1.0,XMEAS8-XMEAS9,0.2857142857142857,5
F04,338,0.2857142857142857,1.549826045878202,1.0,XMEAS10-XMEAS11,0.2857142857142857,5
F04,339,0.5714285714285714,1.1537419427010902,1.1666666666666667,XMEAS8-XMEAS10,0.5714285714285714,4
F04,340,0.2857142857142857,1.549826045878202,1.0,XMEAS10-XMEAS11,0.2857142857142857,5
F04,341,0.2857142857142857,1.7478680974667578,1.0,XMEAS9-XMEAS10,0.2857142857142857,6
F04,342,0.42857142857142855,1.475076311054695,1.1666666666666667,XMEAS10-XMEAS11,0.42857142857142855,5
F04,343,0.2857142857142857,1.549826045878202,1.0,XMEAS8-XMEAS10,0.2857142857142857,5
F04,344,0.42857142857142855,1.277034259466139,1.4,XMEAS8-XMEAS11,0.42857142857142855,4
F04,345,0.2857142857142857,1.5498260458782016,1.0,XMEAS9-XMEAS11,0.2857142857142857,5
F04,346,0.2857142857142857,1.7478680974667578,1.0,XMEAS7-XMEAS9,0.2857142857142857,6
F04,347,0.42857142857142855,1.2770342594661392,1.1666666666666667,XMEAS8-XMEAS9,0.42857142857142855,4
F04,348,0.14285714285714285,1.945910149055314,1.0,XMEAS7-XMEAS10,0.14285714285714285,7
F04,349,0.14285714285714285,1.945910149055314,1.0,XMEAS8-XMEAS11,0.14285714285714285,7
F04,350,0.42857142857142855,1.475076311054695,1.1666666666666667,XMEAS8-XMEAS11,0.42857142857142855,5
F04,351,0.2857142857142857,1.7478680974667578,1.0,XMEAS7-XMEAS10,0.2857142857142857,6
F04,352,0.2857142857142857,1.5498260458782018,1.4,XMEAS9-XMEAS10,0.2857142857142857,5
F04,353,0.2857142857142857,1.7478680974667573,1.0,XMEAS8-XMEAS9,0.2857142857142857,6
F04,354,0.2857142857142857,1.351783994289646,1.1666666666666667,XMEAS8-XMEAS10,0.2857142857142857,4
F04,355,0.2857142857142857,1.7478680974667578,1.1666666666666667,XMEAS7-XMEAS9,0.2857142857142857,6
F04,356,0.42857142857142855,1.0789922078775833,1.4,XMEAS10-XMEAS11,0.42857142857142855,3
F04,357,0.42857142857142855,1.0042424730540764,1.4,XMEAS8-XMEAS11,0.42857142857142855,3
F04,358,0.2857142857142857,1.7478680974667578,1.0,XMEAS8-XMEAS9,0.2857142857142857,6
F04,359,0.2857142857142857,1.549826045878202,1.1666666666666667,XMEAS7-XMEAS10,0.2857142857142857,5
F04,360,0.42857142857142855,1.475076311054695,1.1666666666666667,XMEAS9-XMEAS11,0.42857142857142855,5
F04,361,0.42857142857142855,1.277034259466139,1.1666666666666667,XMEAS10-XMEAS11,0.42857142857142855,4
F04,362,0.42857142857142855,1.475076311054695,1.0,XMEAS8-XMEAS9,0.42857142857142855,5
F04,363,0.14285714285714285,1.945910149055314,1.0,XMEAS8-XMEAS10,0.14285714285714285,7
F04,364,0.42857142857142855,1.2770342594661392,1.1666666666666667,XMEAS8-XMEAS11,0.42857142857142855,4
F04,365,0.2857142857142857,1.549826045878202,1.0,XMEAS8-XMEAS9,0.2857142857142857,5
F04,366,0.2857142857142857,1.5498260458782016,1.4,XMEAS8-XMEAS9,0.2857142857142857,5
F04,367,0.5714285714285714,0.9556998911125343,1.4,XMEAS8-XMEAS9,0.5714285714285714,3
F04,368,0.2857142857142857,1.7478680974667578,1.0,XMEAS8-XMEAS9,0.2857142857142857,6
F04,369,0.2857142857142857,1.549826045878202,1.1666666666666667,XMEAS8-XMEAS10,0.2857142857142857,5
F04,370,0.2857142857142857,1.549826045878202,1.1666666666666667,XMEAS7-XMEAS11,0.2857142857142857,5
F04,371,0.2857142857142857,1.7478680974667578,1.0,XMEAS8-XMEAS10,0.2857142857142857,6
F04,372,0.2857142857142857,1.549826045878202,1.0,XMEAS10-XMEAS11,0.2857142857142857,5
F04,373,0.2857142857142857,1.5498260458782016,1.1666666666666667,XMEAS9-XMEAS10,0.2857142857142857,5
F04,374,0.42857142857142855,1.2770342594661392,1.1666666666666667,XMEAS8-XMEAS9,0.42857142857142855,4
F04,375,0.5714285714285714,1.15374194270109,1.4,XMEAS8-XMEAS9,0.5714285714285714,4
F04,376,0.42857142857142855,1.475076311054695,1.4,XMEAS9-XMEAS10,0.42857142857142855,5
F04,377,0.2857142857142857,1.351783994289646,1.1666666666666667,XMEAS8-XMEAS11,0.2857142857142857,4
F04,378,0.2857142857142857,1.5498260458782016,1.0,XMEAS8-XMEAS10,0.2857142857142857,5
F04,379,0.42857142857142855,1.277034259466139,1.75,XMEAS9-XMEAS11,0.42857142857142855,4
F04,380,0.42857142857142855,1.2770342594661392,1.0,XMEAS8-XMEAS10,0.42857142857142855,4
F04,381,0.42857142857142855,1.277034259466139,1.4,XMEAS7-XMEAS10,0.42857142857142855,4
F04,382,0.14285714285714285,1.945910149055314,1.0,XMEAS7-XMEAS8,0.14285714285714285,7
F04,383,0.42857142857142855,1.277034259466139,1.0,XMEAS8-XMEAS9,0.42857142857142855,4
F04,384,0.2857142857142857,1.7478680974667578,1.1666666666666667,XMEAS10-XMEAS11,0.2857142857142857,6
F04,385,0.2857142857142857,1.7478680974667578,1.0,XMEAS8-XMEAS9,0.2857142857142857,6
F04,386,0.2857142857142857,1.351783994289646,1.1666666666666667,XMEAS8-XMEAS10,0.2857142857142857,4
F04,387,0.42857142857142855,1.475076311054695,1.1666666666666667,XMEAS8-XMEAS9,0.42857142857142855,5
F04,388,0.2857142857142857,1.351783994289646,1.75,XMEAS8-XMEAS10,0.2857142857142857,4
F04,389,0.2857142857142857,1.549826045878202,1.0,XMEAS8-XMEAS10,0.2857142857142857,5
F04,390,0.42857142857142855,1.475076311054695,1.0,XMEAS8-XMEAS9,0.42857142857142855,5
F04,391,0.2857142857142857,1.5498260458782016,1.1666666666666667,XMEAS10-XMEAS11,0.2857142857142857,5
F04,392,0.2857142857142857,1.549826045878202,1.0,XMEAS9-XMEAS11,0.2857142857142857,5
F04,393,0.42857142857142855,1.475076311054695,1.1666666666666667,XMEAS9-XMEAS10,0.42857142857142855,5
F04,394,0.14285714285714285,1.945910149055314,1.0,XMEAS8-XMEAS11,0.14285714285714285,7
F04,395,0.2857142857142857,1.7478680974667578,1.0,XMEAS7-XMEAS9,0.2857142857142857,6
F04,396,0.42857142857142855,1.277034259466139,1.4,XMEAS9-XMEAS10,0.42857142857142855,4
F04,397,0.2857142857142857,1.7478680974667578,1.1666666666666667,XMEAS7-XMEAS8,0.2857142857142857,6
F04,398,0.2857142857142857,1.7478680974667578,1.0,XMEAS10-XMEAS11,0.2857142857142857,6
F04,399,0.2857142857142857,1.549826045878202,1.1666666666666667,XMEAS7-XMEAS8,0.2857142857142857,5
F04,400,0.42857142857142855,1.2770342594661392,1.4,XMEAS9-XMEAS11,0.42857142857142855,4
F04,401,0.2857142857142857,1.351783994289646,1.0,XMEAS8-XMEAS10,0.2857142857142857,4
F04,402,0.42857142857142855,1.475076311054695,1.4,XMEAS8-XMEAS11,0.42857142857142855,5
F04,403,0.42857142857142855,1.0789922078775833,1.4,XMEAS8-XMEAS9,0.42857142857142855,3
F04,404,0.2857142857142857,1.7478680974667578,1.0,XMEAS10-XMEAS11,0.2857142857142857,6
F04,405,0.5714285714285714,0.9556998911125343,1.4,XMEAS8-XMEAS9,0.5714285714285714,3
F04,406,0.2857142857142857,1.7478680974667578,1.0,XMEAS7-XMEAS9,0.2857142857142857,6
F04,407,0.42857142857142855,1.2770342594661392,1.1666666666666667,XMEAS8-XMEAS10,0.42857142857142855,4
F04,408,0.42857142857142855,1.2770342594661392,1.4,XMEAS9-XMEAS11,0.42857142857142855,4
F04,409,0.42857142857142855,1.277034259466139,1.1666666666666667,XMEAS8-XMEAS9,0.42857142857142855,4
F04,410,0.2857142857142857,1.549826045878202,1.0,XMEAS8-XMEAS10,0.2857142857142857,5
F04,411,0.42857142857142855,1.2770342594661392,1.1666666666666667,XMEAS9-XMEAS11,0.42857142857142855,4
F04,412,0.2857142857142857,1.7478680974667578,1.0,XMEAS7-XMEAS8,0.2857142857142857,6
F04,413,0.42857142857142855,1.277034259466139,1.4,XMEAS9-XMEAS10,0.42857142857142855,4
F04,414,0.5714285714285714,1.1537419427010902,1.4,XMEAS10-XMEAS11,0.5714285714285714,4
F04,415,0.2857142857142857,1.351783994289646,1.0,XMEAS8-XMEAS9,0.2857142857142857,4
F04,416,0.2857142857142857,1.351783994289646,1.0,XMEAS9-XMEAS11,0.2857142857142857,4
F04,417,0.42857142857142855,1.475076311054695,1.1666666666666667,XMEAS10-XMEAS11,0.42857142857142855,5
F04,418,0.2857142857142857,1.351783994289646,1.0,XMEAS8-XMEAS10,0.2857142857142857,4
F04,419,0.2857142857142857,1.549826045878202,1.4,XMEAS7-XMEAS10,0.2857142857142857,5
F04,420,0.2857142857142857,1.7478680974667578,1.0,XMEAS9-XMEAS10,0.2857142857142857,6
F04,421,0.42857142857142855,1.475076311054695,1.1666666666666667,XMEAS9-XMEAS11,0.42857142857142855,5
F04,422,0.2857142857142857,1.7478680974667578,1.1666666666666667,XMEAS8-XMEAS9,0.2857142857142857,6
F04,423,0.2857142857142857,1.7478680974667578,1.0,XMEAS10-XMEAS11,0.2857142857142857,6
F04,424,0.42857142857142855,1.2770342594661392,1.1666666666666667,XMEAS9-XMEAS11,0.42857142857142855,4
F04,425,0.2857142857142857,1.7478680974667578,1.0,XMEAS10-XMEAS11,0.2857142857142857,6
F04,426,0.2857142857142857,1.351783994289646,1.1666666666666667,XMEAS8-XMEAS10,0.2857142857142857,4
F04,427,0.2857142857142857,1.549826045878202,1.0,XMEAS8-XMEAS10,0.2857142857142857,5
F04,428,0.42857142857142855,1.2770342594661392,1.1666666666666667,XMEAS10-XMEAS11,0.42857142857142855,4
F04,429,0.2857142857142857,1.5498260458782018,1.4,XMEAS9-XMEAS10,0.2857142857142857,5
F04,430,0.42857142857142855,1.2770342594661392,1.4,XMEAS8-XMEAS10,0.42857142857142855,4
F04,431,0.2857142857142857,1.5498260458782016,1.4,XMEAS8-XMEAS11,0.2857142857142857,5
F04,432,0.2857142857142857,1.7478680974667578,1.1666666666666667,XMEAS7-XMEAS11,0.2857142857142857,6
F04,433,0.42857142857142855,1.2770342594661392,1.75,XMEAS8-XMEAS10,0.42857142857142855,4
F04,434,0.2857142857142857,1.7478680974667578,1.1666666666666667,XMEAS8-XMEAS11,0.2857142857142857,6
F04,435,0.2857142857142857,1.549826045878202,1.0,XMEAS8-XMEAS11,0.2857142857142857,5
F04,436,0.5714285714285714,1.1537419427010902,1.4,XMEAS7-XMEAS9,0.5714285714285714,4
F04,437,0.2857142857142857,1.7478680974667578,1.1666666666666667,XMEAS7-XMEAS8,0.2857142857142857,6
F04,438,0.5714285714285714,1.1537419427010902,1.4,XMEAS8-XMEAS10,0.5714285714285714,4
F04,439,0.42857142857142855,1.2770342594661392,1.1666666666666667,XMEAS10-XMEAS11,0.42857142857142855,4
F04,440,0.42857142857142855,1.2770342594661392,1.1666666666666667,XMEAS8-XMEAS10,0.42857142857142855,4
F04,441,0.42857142857142855,1.475076311054695,1.1666666666666667,XMEAS8-XMEAS10,0.42857142857142855,5
F04,442,0.2857142857142857,1.549826045878202,1.1666666666666667,XMEAS7-XMEAS9,0.2857142857142857,5
F04,443,0.2857142857142857,1.549826045878202,1.1666666666666667,XMEAS7-XMEAS9,0.2857142857142857,5
F04,444,0.2857142857142857,1.5498260458782018,1.1666666666666667,XMEAS9-XMEAS10,0.2857142857142857,5
F04,445,0.2857142857142857,1.5498260458782018,1.1666666666666667,XMEAS9-XMEAS10,0.2857142857142857,5
F04,446,0.42857142857142855,1.475076311054695,1.0,XMEAS8-XMEAS9,0.42857142857142855,5
F04,447,0.7142857142857143,0.7963116401738131,1.75,XMEAS8-XMEAS9,0.7142857142857143,3
F04,448,0.42857142857142855,1.475076311054695,1.1666666666666667,XMEAS8-XMEAS11,0.42857142857142855,5
F04,449,0.2857142857142857,1.7478680974667578,1.0,XMEAS9-XMEAS10,0.2857142857142857,6
F04,450,0.2857142857142857,1.7478680974667578,1.1666666666666667,XMEAS8-XMEAS11,0.2857142857142857,6
F04,451,0.42857142857142855,1.0042424730540764,1.0,XMEAS9-XMEAS11,0.42857142857142855,3
F04,452,0.42857142857142855,1.0042424730540764,1.4,XMEAS8-XMEAS9,0.42857142857142855,3
F04,453,0.2857142857142857,1.549826045878202,1.1666666666666667,XMEAS8-XMEAS11,0.2857142857142857,5
F04,454,0.2857142857142857,1.549826045878202,1.0,XMEAS10-XMEAS11,0.2857142857142857,5
F04,455,0.42857142857142855,1.2770342594661392,1.4,XMEAS8-XMEAS10,0.42857142857142855,4
F04,456,0.2857142857142857,1.5498260458782018,1.1666666666666667,XMEAS8-XMEAS10,0.2857142857142857,5
F04,457,0.5714285714285714,1.1537419427010902,1.1666666666666667,XMEAS8-XMEAS9,0.5714285714285714,4
F04,458,0.2857142857142857,1.5498260458782016,1.1666666666666667,XMEAS10-XMEAS11,0.2857142857142857,5
F04,459,0.2857142857142857,1.549826045878202,1.0,XMEAS8-XMEAS10,0.2857142857142857,5
F04,460,0.2857142857142857,1.549826045878202,1.0,XMEAS9-XMEAS10,0.2857142857142857,5
F04,461,0.2857142857142857,1.549826045878202,1.1666666666666667,XMEAS9-XMEAS10,0.2857142857142857,5
F04,462,0.2857142857142857,1.549826045878202,1.0,XMEAS9-XMEAS10,0.2857142857142857,5
F04,463,0.42857142857142855,1.2770342594661392,1.4,XMEAS8-XMEAS10,0.42857142857142855,4
F04,464,0.2857142857142857,1.5498260458782016,1.0,XMEAS9-XMEAS10,0.2857142857142857,5
F04,465,0.7142857142857143,0.7963116401738131,1.75,XMEAS10-XMEAS11,0.7142857142857143,3
F04,466,0.2857142857142857,1.549826045878202,1.1666666666666667,XMEAS7-XMEAS8,0.2857142857142857,5
F04,467,0.42857142857142855,1.277034259466139,1.4,XMEAS9-XMEAS10,0.42857142857142855,4
F04,468,0.2857142857142857,1.7478680974667578,1.0,XMEAS8-XMEAS11,0.2857142857142857,6
F04,469,0.2857142857142857,1.549826045878202,1.0,XMEAS10-XMEAS11,0.2857142857142857,5
F04,470,0.2857142857142857,1.7478680974667578,1.0,XMEAS7-XMEAS8,0.2857142857142857,6
F04,471,0.2857142857142857,1.5498260458782016,1.1666666666666667,XMEAS7-XMEAS8,0.2857142857142857,5
F04,472,0.5714285714285714,0.9556998911125343,1.4,XMEAS8-XMEAS9,0.5714285714285714,3
F04,473,0.2857142857142857,1.549826045878202,1.0,XMEAS8-XMEAS9,0.2857142857142857,5
F04,474,0.5714285714285714,1.1537419427010902,1.4,XMEAS8-XMEAS9,0.5714285714285714,4
F04,475,0.42857142857142855,1.475076311054695,1.0,XMEAS9-XMEAS10,0.42857142857142855,5
F04,476,0.42857142857142855,1.277034259466139,1.1666666666666667,XMEAS8-XMEAS11,0.42857142857142855,4
F04,477,0.2857142857142857,1.5498260458782016,1.1666666666666667,XMEAS8-XMEAS10,0.2857142857142857,5
F04,478,0.2857142857142857,1.351783994289646,1.0,XMEAS8-XMEAS10,0.2857142857142857,4
F04,479,0.42857142857142855,1.475076311054695,1.0,XMEAS8-XMEAS10,0.42857142857142855,5
F04,480,0.2857142857142857,1.549826045878202,1.1666666666666667,XMEAS8-XMEAS10,0.2857142857142857,5
F04,481,0.2857142857142857,1.7478680974667578,1.0,XMEAS8-XMEAS9,0.2857142857142857,6
F04,482,0.2857142857142857,1.351783994289646,1.1666666666666667,XMEAS8-XMEAS9,0.2857142857142857,4
F04,483,0.2857142857142857,1.351783994289646,1.0,XMEAS9-XMEAS11,0.2857142857142857,4
F04,484,0.2857142857142857,1.7478680974667578,1.1666666666666667,XMEAS9-XMEAS10,0.2857142857142857,6
F04,485,0.2857142857142857,1.7478680974667578,1.0,XMEAS7-XMEAS10,0.2857142857142857,6
F04,486,0.42857142857142855,1.277034259466139,1.1666666666666667,XMEAS8-XMEAS9,0.42857142857142855,4
F04,487,0.2857142857142857,1.549826045878202,1.1666666666666667,XMEAS10-XMEAS11,0.2857142857142857,5
F04,488,0.2857142857142857,1.7478680974667578,1.1666666666666667,XMEAS8-XMEAS9,0.2857142857142857,6
F04,489,0.42857142857142855,1.2770342594661392,1.4,XMEAS10-XMEAS11,0.42857142857142855,4
F04,490,0.2857142857142857,1.351783994289646,1.0,XMEAS7-XMEAS8,0.2857142857142857,4
F04,491,0.42857142857142855,1.475076311054695,1.1666666666666667,XMEAS10-XMEAS11,0.42857142857142855,5
F04,492,0.42857142857142855,1.475076311054695,1.0,XMEAS9-XMEAS10,0.42857142857142855,5
F04,493,0.2857142857142857,1.549826045878202,1.0,XMEAS7-XMEAS10,0.2857142857142857,5
F04,494,0.2857142857142857,1.7478680974667578,1.1666666666666667,XMEAS8-XMEAS9,0.2857142857142857,6
F04,495,0.2857142857142857,1.549826045878202,1.0,XMEAS8-XMEAS10,0.2857142857142857,5
F04,496,0.42857142857142855,1.0789922078775833,1.75,XMEAS9-XMEAS11,0.42857142857142855,3
F04,497,0.2857142857142857,1.5498260458782016,1.1666666666666667,XMEAS7-XMEAS11,0.2857142857142857,5
F04,498,0.2857142857142857,1.351783994289646,1.0,XMEAS8-XMEAS9,0.2857142857142857,4
F04,499,0.2857142857142857,1.7478680974667578,1.0,XMEAS8-XMEAS10,0.2857142857142857,6
F04,500,0.42857142857142855,1.2770342594661392,1.0,XMEAS10-XMEAS11,0.42857142857142855,4
F05,1,0.2857142857142857,1.7478680974667578,1.1666666666666667,XMEAS7-XMEAS11,0.2857142857142857,6
F05,2,0.2857142857142857,1.7478680974667578,1.0,XMEAS8-XMEAS11,0.2857142857142857,6
F05,3,0.5714285714285714,1.1537419427010902,1.4,XMEAS7-XMEAS11,0.5714285714285714,4
F05,4,0.2857142857142857,1.351783994289646,1.4,XMEAS7-XMEAS11,0.2857142857142857,4
F05,5,0.42857142857142855,1.277034259466139,1.0,XMEAS8-XMEAS10,0.42857142857142855,4
F05,6,0.42857142857142855,1.2770342594661392,1.1666666666666667,XMEAS10-XMEAS11,0.42857142857142855,4
F05,7,0.2857142857142857,1.549826045878202,1.1666666666666667,XMEAS7-XMEAS11,0.2857142857142857,5
F05,8,0.5714285714285714,1.1537419427010902,1.75,XMEAS7-XMEAS11,0.5714285714285714,4
F05,9,0.5714285714285714,1.1537419427010902,1.4,XMEAS7-XMEAS11,0.5714285714285714,4
F05,10,0.2857142857142857,1.351783994289646,1.4,XMEAS7-XMEAS11,0.2857142857142857,4
F05,11,0.2857142857142857,1.549826045878202,1.4,XMEAS7-XMEAS11,0.2857142857142857,5
F05,12,0.42857142857142855,1.277034259466139,1.1666666666666667,XMEAS7-XMEAS11,0.42857142857142855,4
F05,13,0.2857142857142857,1.7478680974667578,1.1666666666666667,XMEAS7-XMEAS9,0.2857142857142857,6
F05,14,0.42857142857142855,1.277034259466139,1.1666666666666667,XMEAS7-XMEAS11,0.42857142857142855,4
F05,15,0.2857142857142857,1.5498260458782016,1.1666666666666667,XMEAS7-XMEAS11,0.2857142857142857,5
F05,16,0.42857142857142855,1.2770342594661392,1.1666666666666667,XMEAS7-XMEAS11,0.42857142857142855,4
F05,17,0.2857142857142857,1.7478680974667578,1.0,XMEAS7-XMEAS11,0.2857142857142857,6
F05,18,0.42857142857142855,1.277034259466139,1.0,XMEAS8-XMEAS9,0.42857142857142855,4
F05,19,0.2857142857142857,1.7478680974667578,1.0,XMEAS7-XMEAS11,0.2857142857142857,6
F05,20,0.2857142857142857,1.549826045878202,1.1666666666666667,XMEAS7-XMEAS11,0.2857142857142857,5
F05,21,0.2857142857142857,1.5498260458782018,1.1666666666666667,XMEAS9-XMEAS10,0.2857142857142857,5
F05,22,0.2857142857142857,1.549826045878202,1.4,XMEAS7-XMEAS11,0.2857142857142857,5
F05,23,0.2857142857142857,1.549826045878202,1.1666666666666667,XMEAS7-XMEAS11,0.2857142857142857,5
F05,24,0.2857142857142857,1.549826045878202,1.1666666666666667,XMEAS7-XMEAS11,0.2857142857142857,5
F05,25,0.2857142857142857,1.5498260458782016,1.4,XMEAS7-XMEAS10,0.2857142857142857,5
F05,26,0.2857142857142857,1.351783994289646,1.4,XMEAS7-XMEAS11,0.2857142857142857,4
F05,27,0.42857142857142855,1.4750763110546947,1.4,XMEAS8-XMEAS9,0.42857142857142855,5
F05,28,0.2857142857142857,1.5498260458782016,1.0,XMEAS8-XMEAS10,0.2857142857142857,5
F05,29,0.2857142857142857,1.549826045878202,1.1666666666666667,XMEAS7-XMEAS11,0.2857142857142857,5
F05,30,0.5714285714285714,1.1537419427010902,1.75,XMEAS7-XMEAS11,0.5714285714285714,4
F05,31,0.42857142857142855,1.475076311054695,1.4,XMEAS8-XMEAS9,0.42857142857142855,5
F05,32,0.2857142857142857,1.7478680974667578,1.1666666666666667,XMEAS7-XMEAS11,0.2857142857142857,6
F05,33,0.2857142857142857,1.549826045878202,1.0,XMEAS7-XMEAS11,0.2857142857142857,5
F05,34,0.2857142857142857,1.549826045878202,1.1666666666666667,XMEAS7-XMEAS10,0.2857142857142857,5
F05,35,0.2857142857142857,1.7478680974667578,1.0,XMEAS7-XMEAS11,0.2857142857142857,6
F05,36,0.42857142857142855,1.2770342594661392,1.4,XMEAS8-XMEAS9,0.42857142857142855,4
F05,37,0.42857142857142855,1.475076311054695,1.4,XMEAS7-XMEAS11,0.42857142857142855,5
F05,38,0.2857142857142857,1.549826045878202,1.0,XMEAS7-XMEAS11,0.2857142857142857,5
F05,39,0.2857142857142857,1.7478680974667578,1.0,XMEAS8-XMEAS11,0.2857142857142857,6
F05,40,0.2857142857142857,1.7478680974667578,1.1666666666666667,XMEAS7-XMEAS11,0.2857142857142857,6
F05,41,0.42857142857142855,1.475076311054695,1.1666666666666667,XMEAS8-XMEAS10,0.42857142857142855,5
F05,42,0.42857142857142855,1.277034259466139,1.1666666666666667,XMEAS10-XMEAS11,0.42857142857142855,4
F05,43,0.42857142857142855,1.2770342594661392,1.4,XMEAS7-XMEAS11,0.42857142857142855,4
F05,44,0.2857142857142857,1.549826045878202,1.1666666666666667,XMEAS9-XMEAS10,0.2857142857142857,5
F05,45,0.42857142857142855,1.277034259466139,1.0,XMEAS7-XMEAS11,0.42857142857142855,4
F05,46,0.2857142857142857,1.7478680974667578,1.0,XMEAS7-XMEAS11,0.2857142857142857,6
F05,47,0.2857142857142857,1.7478680974667578,1.0,XMEAS8-XMEAS10,0.2857142857142857,6
F05,48,0.2857142857142857,1.5498260458782018,1.4,XMEAS7-XMEAS11,0.2857142857142857,5
F05,49,0.2857142857142857,1.549826045878202,1.1666666666666667,XMEAS7-XMEAS11,0.2857142857142857,5
F05,50,0.2857142857142857,1.549826045878202,1.1666666666666667,XMEAS7-XMEAS11,0.2857142857142857,5
F05,51,0.42857142857142855,1.475076311054695,1.1666666666666667,XMEAS7-XMEAS11,0.42857142857142855,5
F05,52,0.2857142857142857,1.5498260458782018,1.1666666666666667,XMEAS8-XMEAS9,0.2857142857142857,5
F05,53,0.5714285714285714,0.9556998911125343,1.75,XMEAS7-XMEAS11,0.5714285714285714,3
F05,54,0.42857142857142855,1.2770342594661392,1.4,XMEAS7-XMEAS11,0.42857142857142855,4
F05,55,0.2857142857142857,1.549826045878202,1.1666666666666667,XMEAS7-XMEAS11,0.2857142857142857,5
F05,56,0.42857142857142855,1.475076311054695,1.4,XMEAS7-XMEAS11,0.42857142857142855,5
F05,57,0.42857142857142855,1.475076311054695,1.1666666666666667,XMEAS8-XMEAS9,0.42857142857142855,5
F05,58,0.42857142857142855,1.2770342594661392,1.1666666666666667,XMEAS7-XMEAS11,0.42857142857142855,4
F05,59,0.42857142857142855,1.475076311054695,1.4,XMEAS8-XMEAS9,0.42857142857142855,5
F05,60,0.2857142857142857,1.5498260458782016,1.1666666666666667,XMEAS8-XMEAS10,0.2857142857142857,5
F05,61,0.2857142857142857,1.7478680974667578,1.1666666666666667,XMEAS7-XMEAS10,0.2857142857142857,6
F05,62,0.2857142857142857,1.7478680974667578,1.0,XMEAS9-XMEAS11,0.2857142857142857,6
F05,63,0.42857142857142855,1.277034259466139,1.4,XMEAS7-XMEAS11,0.42857142857142855,4
F05,64,0.2857142857142857,1.5498260458782016,1.0,XMEAS8-XMEAS11,0.2857142857142857,5
F05,65,0.5714285714285714,1.1537419427010902,1.1666666666666667,XMEAS7-XMEAS11,0.5714285714285714,4
F05,66,0.42857142857142855,1.0042424730540764,1.1666666666666667,XMEAS7-XMEAS9,0.42857142857142855,3
F05,67,0.2857142857142857,1.5498260458782016,1.1666666666666667,XMEAS8-XMEAS10,0.2857142857142857,5
F05,68,0.42857142857142855,1.475076311054695,1.1666666666666667,XMEAS7-XMEAS11,0.42857142857142855,5
F05,69,0.5714285714285714,1.1537419427010902,1.4,XMEAS7-XMEAS11,0.5714285714285714,4
F05,70,0.2857142857142857,1.5498260458782016,1.1666666666666667,XMEAS7-XMEAS11,0.2857142857142857,5
F05,71,0.2857142857142857,1.549826045878202,1.0,XMEAS7-XMEAS11,0.2857142857142857,5
F05,72,0.14285714285714285,1.945910149055314,1.0,XMEAS7-XMEAS11,0.14285714285714285,7
F05,73,0.2857142857142857,1.7478680974667578,1.0,XMEAS8-XMEAS10,0.2857142857142857,6
F05,74,0.2857142857142857,1.351783994289646,1.1666666666666667,XMEAS7-XMEAS11,0.2857142857142857,4
F05,75,0.2857142857142857,1.549826045878202,1.0,XMEAS7-XMEAS11,0.2857142857142857,5
F05,76,0.2857142857142857,1.549826045878202,1.0,XMEAS10-XMEAS11,0.2857142857142857,5
F05,77,0.42857142857142855,1.2770342594661392,1.1666666666666667,XMEAS7-XMEAS11,0.42857142857142855,4
F05,78,0.5714285714285714,0.9556998911125343,1.75,XMEAS7-XMEAS11,0.5714285714285714,3
F05,79,0.7142857142857143,0.7963116401738131,1.4,XMEAS7-XMEAS11,0.7142857142857143,3
F05,80,0.42857142857142855,1.0789922078775833,1.4,XMEAS8-XMEAS10,0.42857142857142855,3
F05,81,0.2857142857142857,1.549826045878202,1.4,XMEAS8-XMEAS10,0.2857142857142857,5
F05,82,0.2857142857142857,1.549826045878202,1.0,XMEAS8-XMEAS11,0.2857142857142857,5
F05,83,0.42857142857142855,1.2770342594661392,1.4,XMEAS7-XMEAS11,0.42857142857142855,4
F05,84,0.2857142857142857,1.5498260458782018,1.4,XMEAS7-XMEAS11,0.2857142857142857,5
F05,85,0.2857142857142857,1.7478680974667578,1.0,XMEAS8-XMEAS9,0.2857142857142857,6
F05,86,0.2857142857142857,1.549826045878202,1.0,XMEAS10-XMEAS11,0.2857142857142857,5
F05,87,0.2857142857142857,1.7478680974667578,1.1666666666666667,XMEAS8-XMEAS9,0.2857142857142857,6
F05,88,0.42857142857142855,1.277034259466139,1.1666666666666667,XMEAS7-XMEAS11,0.42857142857142855,4
F05,89,0.2857142857142857,1.5498260458782016,1.4,XMEAS7-XMEAS11,0.2857142857142857,5
F05,90,0.2857142857142857,1.5498260458782018,1.0,XMEAS7-XMEAS11,0.2857142857142857,5
F05,91,0.42857142857142855,1.2770342594661392,1.75,XMEAS10-XMEAS11,0.42857142857142855,4
F05,92,0.14285714285714285,1.945910149055314,1.0,XMEAS7-XMEAS11,0.14285714285714285,7
F05,93,0.42857142857142855,1.475076311054695,1.0,XMEAS9-XMEAS10,0.42857142857142855,5
F05,94,0.2857142857142857,1.549826045878202,1.1666666666666667,XMEAS7-XMEAS11,0.2857142857142857,5
F05,95,0.2857142857142857,1.7478680974667578,1.0,XMEAS8-XMEAS9,0.2857142857142857,6
F05,96,0.2857142857142857,1.351783994289646,1.1666666666666667,XMEAS7-XMEAS11,0.2857142857142857,4
F05,97,0.2857142857142857,1.7478680974667573,1.1666666666666667,XMEAS10-XMEAS11,0.2857142857142857,6
F05,98,0.5714285714285714,1.1537419427010902,1.1666666666666667,XMEAS7-XMEAS11,0.5714285714285714,4
F05,99,0.2857142857142857,1.5498260458782016,1.4,XMEAS7-XMEAS11,0.2857142857142857,5
F05,100,0.2857142857142857,1.7478680974667578,1.1666666666666667,XMEAS10-XMEAS11,0.2857142857142857,6
F05,101,0.5714285714285714,1.1537419427010902,1.1666666666666667,XMEAS8-XMEAS9,0.5714285714285714,4
F05,102,0.5714285714285714,0.9556998911125343,1.75,XMEAS7-XMEAS11,0.5714285714285714,3
F05,103,0.2857142857142857,1.5498260458782016,1.1666666666666667,XMEAS7-XMEAS11,0.2857142857142857,5
F05,104,0.2857142857142857,1.7478680974667578,1.1666666666666667,XMEAS8-XMEAS11,0.2857142857142857,6
F05,105,0.42857142857142855,1.277034259466139,1.1666666666666667,XMEAS8-XMEAS9,0.42857142857142855,4
F05,106,0.2857142857142857,1.5498260458782018,1.4,XMEAS7-XMEAS11,0.2857142857142857,5
F05,107,0.42857142857142855,1.2770342594661392,1.4,XMEAS7-XMEAS11,0.42857142857142855,4
F05,108,0.2857142857142857,1.7478680974667573,1.0,XMEAS8-XMEAS9,0.2857142857142857,6
F05,109,0.7142857142857143,0.5982695885852573,2.3333333333333335,XMEAS7-XMEAS11,0.7142857142857143,2
F05,110,0.2857142857142857,1.549826045878202,1.1666666666666667,XMEAS7-XMEAS11,0.2857142857142857,5
F05,111,0.2857142857142857,1.7478680974667578,1.1666666666666667,XMEAS7-XMEAS11,0.2857142857142857,6
F05,112,0.42857142857142855,1.475076311054695,1.1666666666666667,XMEAS9-XMEAS10,0.42857142857142855,5
F05,113,0.2857142857142857,1.5498260458782016,1.4,XMEAS7-XMEAS11,0.2857142857142857,5
F05,114,0.2857142857142857,1.549826045878202,1.0,XMEAS7-XMEAS11,0.2857142857142857,5
F05,115,0.42857142857142855,1.475076311054695,1.1666666666666667,XMEAS7-XMEAS11,0.42857142857142855,5
F05,116,0.2857142857142857,1.351783994289646,1.4,XMEAS7-XMEAS11,0.2857142857142857,4
F05,117,0.5714285714285714,1.1537419427010902,1.4,XMEAS7-XMEAS11,0.5714285714285714,4
F05,118,0.2857142857142857,1.549826045878202,1.0,XMEAS7-XMEAS11,0.2857142857142857,5
F05,119,0.42857142857142855,1.475076311054695,1.4,XMEAS7-XMEAS11,0.42857142857142855,5
F05,120,0.5714285714285714,0.9556998911125343,1.75,XMEAS7-XMEAS11,0.5714285714285714,3
F05,121,0.42857142857142855,1.475076311054695,1.1666666666666667,XMEAS7-XMEAS11,0.42857142857142855,5
F05,122,0.2857142857142857,1.549826045878202,1.1666666666666667,XMEAS9-XMEAS11,0.2857142857142857,5
F05,123,0.5714285714285714,1.1537419427010902,1.4,XMEAS7-XMEAS11,0.5714285714285714,4
F05,124,0.2857142857142857,1.351783994289646,1.4,XMEAS7-XMEAS11,0.2857142857142857,4
F05,125,0.14285714285714285,1.945910149055314,1.0,XMEAS7-XMEAS11,0.14285714285714285,7
F05,126,0.2857142857142857,1.549826045878202,1.0,XMEAS10-XMEAS11,0.2857142857142857,5
F05,127,0.42857142857142855,1.475076311054695,1.4,XMEAS7-XMEAS11,0.42857142857142855,5
F05,128,0.42857142857142855,1.277034259466139,1.1666666666666667,XMEAS7-XMEAS11,0.42857142857142855,4
F05,129,0.42857142857142855,1.2770342594661392,1.1666666666666667,XMEAS7-XMEAS11,0.42857142857142855,4
F05,130,0.2857142857142857,1.549826045878202,1.0,XMEAS7-XMEAS11,0.2857142857142857,5
F05,131,0.2857142857142857,1.7478680974667578,1.1666666666666667,XMEAS8-XMEAS11,0.2857142857142857,6
F05,132,0.2857142857142857,1.5498260458782016,1.1666666666666667,XMEAS7-XMEAS11,0.2857142857142857,5
F05,133,0.2857142857142857,1.7478680974667578,1.0,XMEAS7-XMEAS11,0.2857142857142857,6
F05,134,0.2857142857142857,1.5498260458782018,1.1666666666666667,XMEAS7-XMEAS11,0.2857142857142857,5
F05,135,0.5714285714285714,1.1537419427010902,1.4,XMEAS7-XMEAS11,0.5714285714285714,4
F05,136,0.42857142857142855,1.475076311054695,1.4,XMEAS7-XMEAS11,0.42857142857142855,5
F05,137,0.42857142857142855,1.4750763110546947,1.1666666666666667,XMEAS8-XMEAS11,0.42857142857142855,5
F05,138,0.42857142857142855,1.475076311054695,1.4,XMEAS7-XMEAS11,0.42857142857142855,5
F05,139,0.42857142857142855,1.475076311054695,1.4,XMEAS7-XMEAS11,0.42857142857142855,5
F05,140,0.2857142857142857,1.549826045878202,1.0,XMEAS7-XMEAS11,0.2857142857142857,5
F05,141,0.2857142857142857,1.7478680974667578,1.1666666666666667,XMEAS7-XMEAS11,0.2857142857142857,6
F05,142,0.2857142857142857,1.549826045878202,1.0,XMEAS7-XMEAS10,0.2857142857142857,5
F05,143,0.2857142857142857,1.7478680974667578,1.1666666666666667,XMEAS7-XMEAS11,0.2857142857142857,6
F05,144,0.2857142857142857,1.549826045878202,1.1666666666666667,XMEAS7-XMEAS11,0.2857142857142857,5
F05,145,0.2857142857142857,1.7478680974667578,1.1666666666666667,XMEAS7-XMEAS11,0.2857142857142857,6
F05,146,0.5714285714285714,1.1537419427010902,1.4,XMEAS7-XMEAS11,0.5714285714285714,4
F05,147,0.2857142857142857,1.5498260458782016,1.1666666666666667,XMEAS7-XMEAS11,0.2857142857142857,5
F05,148,0.42857142857142855,1.2770342594661392,1.4,XMEAS8-XMEAS9,0.42857142857142855,4
F05,149,0.42857142857142855,1.475076311054695,1.1666666666666667,XMEAS10-XMEAS11,0.42857142857142855,5
F05,150,0.2857142857142857,1.5498260458782016,1.0,XMEAS7-XMEAS11,0.2857142857142857,5
F05,151,0.42857142857142855,1.475076311054695,1.0,XMEAS7-XMEAS11,0.42857142857142855,5
F05,152,0.2857142857142857,1.351783994289646,1.0,XMEAS7-XMEAS11,0.2857142857142857,4
F05,153,0.2857142857142857,1.549826045878202,1.0,XMEAS9-XMEAS11,0.2857142857142857,5
F05,154,0.2857142857142857,1.7478680974667578,1.0,XMEAS7-XMEAS11,0.2857142857142857,6
F05,155,0.2857142857142857,1.7478680974667578,1.0,XMEAS8-XMEAS9,0.2857142857142857,6
F05,156,0.2857142857142857,1.549826045878202,1.1666666666666667,XMEAS7-XMEAS11,0.2857142857142857,5
F05,157,0.2857142857142857,1.5498260458782016,1.0,XMEAS7-XMEAS10,0.2857142857142857,5
F05,158,0.2857142857142857,1.7478680974667578,1.1666666666666667,XMEAS8-XMEAS11,0.2857142857142857,6
F05,159,0.2857142857142857,1.351783994289646,1.4,XMEAS7-XMEAS11,0.2857142857142857,4
F05,160,0.2857142857142857,1.351783994289646,1.1666666666666667,XMEAS7-XMEAS11,0.2857142857142857,4
F05,161,0.42857142857142855,1.277034259466139,1.75,XMEAS7-XMEAS11,0.42857142857142855,4
F05,162,0.42857142857142855,1.475076311054695,1.1666666666666667,XMEAS7-XMEAS11,0.42857142857142855,5
F05,163,0.2857142857142857,1.5498260458782016,1.4,XMEAS7-XMEAS11,0.2857142857142857,5
F05,164,0.14285714285714285,1.945910149055314,1.0,XMEAS7-XMEAS11,0.14285714285714285,7
F05,165,0.42857142857142855,1.475076311054695,1.0,XMEAS7-XMEAS11,0.42857142857142855,5
F05,166,0.42857142857142855,1.475076311054695,1.0,XMEAS8-XMEAS9,0.42857142857142855,5
F05,167,0.42857142857142855,1.2770342594661392,1.1666666666666667,XMEAS7-XMEAS11,0.42857142857142855,4
F05,168,0.5714285714285714,1.1537419427010902,1.1666666666666667,XMEAS7-XMEAS11,0.5714285714285714,4
F05,169,0.2857142857142857,1.7478680974667578,1.1666666666666667,XMEAS7-XMEAS11,0.2857142857142857,6
F05,170,0.2857142857142857,1.7478680974667578,1.1666666666666667,XMEAS7-XMEAS11,0.2857142857142857,6
F05,171,0.2857142857142857,1.351783994289646,1.1666666666666667,XMEAS7-XMEAS11,0.2857142857142857,4
F05,172,0.42857142857142855,1.277034259466139,1.4,XMEAS7-XMEAS8,0.42857142857142855,4
F05,173,0.5714285714285714,1.1537419427010902,1.1666666666666667,XMEAS8-XMEAS9,0.5714285714285714,4
F05,174,0.7142857142857143,0.7963116401738131,1.75,XMEAS7-XMEAS11,0.7142857142857143,3
F05,175,0.2857142857142857,1.351783994289646,1.4,XMEAS7-XMEAS11,0.2857142857142857,4
F05,176,0.2857142857142857,1.7478680974667578,1.1666666666666667,XMEAS7-XMEAS11,0.2857142857142857,6
F05,177,0.42857142857142855,1.475076311054695,1.1666666666666667,XMEAS7-XMEAS11,0.42857142857142855,5
F05,178,0.42857142857142855,1.2770342594661392,1.1666666666666667,XMEAS7-XMEAS11,0.42857142857142855,4
F05,179,0.2857142857142857,1.5498260458782016,1.4,XMEAS7-XMEAS11,0.2857142857142857,5
F05,180,0.42857142857142855,1.2770342594661392,1.75,XMEAS7-XMEAS11,0.42857142857142855,4
F05,181,0.2857142857142857,1.5498260458782016,1.0,XMEAS9-XMEAS11,0.2857142857142857,5
F05,182,0.2857142857142857,1.7478680974667578,1.1666666666666667,XMEAS8-XMEAS9,0.2857142857142857,6
F05,183,0.2857142857142857,1.549826045878202,1.4,XMEAS7-XMEAS11,0.2857142857142857,5
F05,184,0.2857142857142857,1.7478680974667578,1.1666666666666667,XMEAS7-XMEAS11,0.2857142857142857,6
F05,185,0.42857142857142855,1.475076311054695,1.1666666666666667,XMEAS7-XMEAS11,0.42857142857142855,5
F05,186,0.42857142857142855,1.475076311054695,1.1666666666666667,XMEAS7-XMEAS11,0.42857142857142855,5
F05,187,0.2857142857142857,1.549826045878202,1.0,XMEAS9-XMEAS10,0.2857142857142857,5
F05,188,0.42857142857142855,1.475076311054695,1.4,XMEAS7-XMEAS11,0.42857142857142855,5
F05,189,0.42857142857142855,1.0789922078775833,1.4,XMEAS8-XMEAS10,0.42857142857142855,3
F05,190,0.2857142857142857,1.549826045878202,1.1666666666666667,XMEAS8-XMEAS10,0.2857142857142857,5
F05,191,0.2857142857142857,1.549826045878202,1.0,XMEAS7-XMEAS11,0.2857142857142857,5
F05,192,0.42857142857142855,1.277034259466139,1.4,XMEAS7-XMEAS8,0.42857142857142855,4
F05,193,0.5714285714285714,1.1537419427010902,1.4,XMEAS7-XMEAS11,0.5714285714285714,4
F05,194,0.42857142857142855,1.0789922078775833,1.75,XMEAS7-XMEAS11,0.42857142857142855,3
F05,195,0.2857142857142857,1.7478680974667578,1.0,XMEAS7-XMEAS11,0.2857142857142857,6
F05,196,0.42857142857142855,1.2770342594661392,1.1666666666666667,XMEAS7-XMEAS11,0.42857142857142855,4
F05,197,0.42857142857142855,1.475076311054695,1.0,XMEAS7-XMEAS11,0.42857142857142855,5
F05,198,0.42857142857142855,1.475076311054695,1.4,XMEAS7-XMEAS11,0.42857142857142855,5
F05,199,0.2857142857142857,1.549826045878202,1.1666666666666667,XMEAS7-XMEAS11,0.2857142857142857,5
F05,200,0.2857142857142857,1.5498260458782016,1.1666666666666667,XMEAS8-XMEAS9,0.2857142857142857,5
F05,201,0.2857142857142857,1.549826045878202,1.1666666666666667,XMEAS7-XMEAS11,0.2857142857142857,5
F05,202,0.2857142857142857,1.549826045878202,1.4,XMEAS7-XMEAS11,0.2857142857142857,5
F05,203,0.42857142857142855,1.475076311054695,1.1666666666666667,XMEAS7-XMEAS11,0.42857142857142855,5
F05,204,0.2857142857142857,1.351783994289646,1.0,XMEAS7-XMEAS11,0.2857142857142857,4
F05,205,0.42857142857142855,1.2770342594661392,1.75,XMEAS7-XMEAS11,0.42857142857142855,4
F05,206,0.2857142857142857,1.5498260458782018,1.1666666666666667,XMEAS7-XMEAS8,0.2857142857142857,5
F05,207,0.2857142857142857,1.351783994289646,1.4,XMEAS7-XMEAS11,0.2857142857142857,4
F05,208,0.2857142857142857,1.549826045878202,1.1666666666666667,XMEAS7-XMEAS11,0.2857142857142857,5
F05,209,0.2857142857142857,1.5498260458782016,1.4,XMEAS7-XMEAS11,0.2857142857142857,5
F05,210,0.2857142857142857,1.7478680974667578,1.1666666666666667,XMEAS8-XMEAS9,0.2857142857142857,6
F05,211,0.42857142857142855,1.277034259466139,1.4,XMEAS7-XMEAS11,0.42857142857142855,4
F05,212,0.5714285714285714,0.9556998911125343,1.75,XMEAS7-XMEAS11,0.5714285714285714,3
F05,213,0.2857142857142857,1.7478680974667578,1.1666666666666667,XMEAS10-XMEAS11,0.2857142857142857,6
F05,214,0.2857142857142857,1.7478680974667573,1.0,XMEAS8-XMEAS9,0.2857142857142857,6
F05,215,0.2857142857142857,1.549826045878202,1.0,XMEAS7-XMEAS11,0.2857142857142857,5
F05,216,0.2857142857142857,1.5498260458782016,1.0,XMEAS8-XMEAS11,0.2857142857142857,5
F05,217,0.2857142857142857,1.7478680974667578,1.1666666666666667,XMEAS7-XMEAS11,0.2857142857142857,6
F05,218,0.2857142857142857,1.549826045878202,1.1666666666666667,XMEAS7-XMEAS11,0.2857142857142857,5
F05,219,0.42857142857142855,1.475076311054695,1.1666666666666667,XMEAS7-XMEAS11,0.42857142857142855,5
F05,220,0.2857142857142857,1.549826045878202,1.0,XMEAS8-XMEAS9,0.2857142857142857,5
F05,221,0.2857142857142857,1.7478680974667578,1.1666666666666667,XMEAS7-XMEAS11,0.2857142857142857,6
F05,222,0.42857142857142855,1.277034259466139,1.4,XMEAS8-XMEAS9,0.42857142857142855,4
F05,223,0.5714285714285714,1.1537419427010902,1.4,XMEAS7-XMEAS11,0.5714285714285714,4
F05,224,0.42857142857142855,1.2770342594661392,1.4,XMEAS8-XMEAS9,0.42857142857142855,4
F05,225,0.2857142857142857,1.5498260458782018,1.1666666666666667,XMEAS10-XMEAS11,0.2857142857142857,5
F05,226,0.2857142857142857,1.7478680974667578,1.0,XMEAS9-XMEAS11,0.2857142857142857,6
F05,227,0.42857142857142855,1.475076311054695,1.1666666666666667,XMEAS7-XMEAS11,0.42857142857142855,5
F05,228,0.2857142857142857,1.549826045878202,1.0,XMEAS7-XMEAS11,0.2857142857142857,5
F05,229,0.42857142857142855,1.2770342594661392,1.1666666666666667,XMEAS7-XMEAS11,0.42857142857142855,4
F05,230,0.5714285714285714,0.9556998911125343,2.3333333333333335,XMEAS7-XMEAS11,0.5714285714285714,3
F05,231,0.42857142857142855,1.475076311054695,1.1666666666666667,XMEAS8-XMEAS10,0.42857142857142855,5
F05,232,0.42857142857142855,1.2770342594661392,1.4,XMEAS7-XMEAS11,0.42857142857142855,4
F05,233,0.5714285714285714,0.9556998911125343,1.1666666666666667,XMEAS7-XMEAS11,0.5714285714285714,3
F05,234,0.2857142857142857,1.7478680974667578,1.0,XMEAS8-XMEAS11,0.2857142857142857,6
F05,235,0.2857142857142857,1.549826045878202,1.4,XMEAS7-XMEAS11,0.2857142857142857,5
F05,236,0.42857142857142855,1.2770342594661392,1.0,XMEAS8-XMEAS10,0.42857142857142855,4
F05,237,0.2857142857142857,1.549826045878202,1.0,XMEAS7-XMEAS11,0.2857142857142857,5
F05,238,0.2857142857142857,1.7478680974667578,1.0,XMEAS7-XMEAS10,0.2857142857142857,6
F05,239,0.2857142857142857,1.7478680974667578,1.1666666666666667,XMEAS7-XMEAS11,0.2857142857142857,6
F05,240,0.2857142857142857,1.7478680974667578,1.0,XMEAS7-XMEAS11,0.2857142857142857,6
F05,241,0.2857142857142857,1.351783994289646,1.1666666666666667,XMEAS7-XMEAS11,0.2857142857142857,4
F05,242,0.2857142857142857,1.7478680974667578,1.1666666666666667,XMEAS7-XMEAS11,0.2857142857142857,6
F05,243,0.2857142857142857,1.351783994289646,1.1666666666666667,XMEAS7-XMEAS11,0.2857142857142857,4
F05,244,0.2857142857142857,1.7478680974667578,1.1666666666666667,XMEAS7-XMEAS11,0.2857142857142857,6
F05,245,0.42857142857142855,1.475076311054695,1.4,XMEAS7-XMEAS11,0.42857142857142855,5
F05,246,0.42857142857142855,1.277034259466139,1.1666666666666667,XMEAS8-XMEAS9,0.42857142857142855,4
F05,247,0.7142857142857143,0.7963116401738131,1.4,XMEAS7-XMEAS11,0.7142857142857143,3
F05,248,0.2857142857142857,1.5498260458782016,1.1666666666666667,XMEAS7-XMEAS11,0.2857142857142857,5
F05,249,0.5714285714285714,0.6829081047004717,1.4,XMEAS7-XMEAS11,0.5714285714285714,2
F05,250,0.42857142857142855,1.2770342594661392,1.0,XMEAS7-XMEAS11,0.42857142857142855,4
F05,251,0.42857142857142855,1.2770342594661392,1.0,XMEAS7-XMEAS11,0.42857142857142855,4
F05,252,0.42857142857142855,1.277034259466139,1.0,XMEAS8-XMEAS9,0.42857142857142855,4
F05,253,0.2857142857142857,1.7478680974667578,1.0,XMEAS8-XMEAS9,0.2857142857142857,6
F05,254,0.2857142857142857,1.7478680974667578,1.1666666666666667,XMEAS9-XMEAS11,0.2857142857142857,6
F05,255,0.42857142857142855,1.277034259466139,1.75,XMEAS9-XMEAS11,0.42857142857142855,4
F05,256,0.42857142857142855,1.277034259466139,1.4,XMEAS7-XMEAS11,0.42857142857142855,4
F05,257,0.2857142857142857,1.7478680974667578,1.0,XMEAS7-XMEAS11,0.2857142857142857,6
F05,258,0.2857142857142857,1.7478680974667573,1.1666666666666667,XMEAS8-XMEAS9,0.2857142857142857,6
F05,259,0.2857142857142857,1.351783994289646,1.1666666666666667,XMEAS7-XMEAS11,0.2857142857142857,4
F05,260,0.42857142857142855,1.277034259466139,1.1666666666666667,XMEAS8-XMEAS9,0.42857142857142855,4
F05,261,0.42857142857142855,1.475076311054695,1.1666666666666667,XMEAS7-XMEAS11,0.42857142857142855,5
F05,262,0.2857142857142857,1.5498260458782016,1.0,XMEAS7-XMEAS10,0.2857142857142857,5
F05,263,0.2857142857142857,1.7478680974667578,1.0,XMEAS7-XMEAS11,0.2857142857142857,6
F05,264,0.5714285714285714,1.1537419427010902,1.4,XMEAS10-XMEAS11,0.5714285714285714,4
F05,265,0.14285714285714285,1.945910149055314,1.0,XMEAS7-XMEAS11,0.14285714285714285,7
F05,266,0.2857142857142857,1.7478680974667573,1.0,XMEAS8-XMEAS9,0.2857142857142857,6
F05,267,0.42857142857142855,1.2770342594661392,1.4,XMEAS7-XMEAS11,0.42857142857142855,4
F05,268,0.5714285714285714,0.9556998911125343,1.4,XMEAS7-XMEAS11,0.5714285714285714,3
F05,269,0.5714285714285714,1.1537419427010902,1.4,XMEAS7-XMEAS11,0.5714285714285714,4
F05,270,0.2857142857142857,1.549826045878202,1.0,XMEAS7-XMEAS11,0.2857142857142857,5
F05,271,0.42857142857142855,1.277034259466139,1.0,XMEAS9-XMEAS11,0.42857142857142855,4
F05,272,0.2857142857142857,1.351783994289646,1.4,XMEAS7-XMEAS11,0.2857142857142857,4
F05,273,0.2857142857142857,1.549826045878202,1.1666666666666667,XMEAS8-XMEAS9,0.2857142857142857,5
F05,274,0.2857142857142857,1.549826045878202,1.0,XMEAS7-XMEAS11,0.2857142857142857,5
F05,275,0.2857142857142857,1.351783994289646,1.1666666666666667,XMEAS7-XMEAS11,0.2857142857142857,4
F05,276,0.2857142857142857,1.351783994289646,1.0,XMEAS7-XMEAS11,0.2857142857142857,4
F05,277,0.2857142857142857,1.5498260458782016,1.4,XMEAS7-XMEAS11,0.2857142857142857,5
F05,278,0.2857142857142857,1.7478680974667573,1.1666666666666667,XMEAS9-XMEAS10,0.2857142857142857,6
F05,279,0.2857142857142857,1.7478680974667578,1.1666666666666667,XMEAS9-XMEAS10,0.2857142857142857,6
F05,280,0.2857142857142857,1.7478680974667578,1.1666666666666667,XMEAS7-XMEAS11,0.2857142857142857,6
F05,281,0.2857142857142857,1.7478680974667578,1.0,XMEAS7-XMEAS11,0.2857142857142857,6
F05,282,0.2857142857142857,1.5498260458782018,1.1666666666666667,XMEAS7-XMEAS10,0.2857142857142857,5
F05,283,0.7142857142857143,0.7963116401738131,1.4,XMEAS7-XMEAS11,0.7142857142857143,3
F05,284,0.42857142857142855,1.2770342594661392,1.1666666666666667,XMEAS7-XMEAS11,0.42857142857142855,4
F05,285,0.42857142857142855,1.475076311054695,1.1666666666666667,XMEAS7-XMEAS11,0.42857142857142855,5
F05,286,0.2857142857142857,1.5498260458782016,1.1666666666666667,XMEAS9-XMEAS10,0.2857142857142857,5
F05,287,0.2857142857142857,1.5498260458782018,1.4,XMEAS7-XMEAS11,0.2857142857142857,5
F05,288,0.42857142857142855,1.475076311054695,1.1666666666666667,XMEAS7-XMEAS11,0.42857142857142855,5
F05,289,0.42857142857142855,1.0789922078775833,1.1666666666666667,XMEAS7-XMEAS11,0.42857142857142855,3
F05,290,0.42857142857142855,1.0042424730540764,2.3333333333333335,XMEAS7-XMEAS11,0.42857142857142855,3
F05,291,0.2857142857142857,1.549826045878202,1.1666666666666667,XMEAS7-XMEAS11,0.2857142857142857,5
F05,292,0.2857142857142857,1.7478680974667578,1.0,XMEAS8-XMEAS10,0.2857142857142857,6
F05,293,0.42857142857142855,1.277034259466139,1.4,XMEAS7-XMEAS11,0.42857142857142855,4
F05,294,0.2857142857142857,1.7478680974667578,1.0,XMEAS7-XMEAS11,0.2857142857142857,6
F05,295,0.42857142857142855,1.475076311054695,1.0,XMEAS7-XMEAS11,0.42857142857142855,5
F05,296,0.42857142857142855,1.475076311054695,1.1666666666666667,XMEAS8-XMEAS9,0.42857142857142855,5
F05,297,0.42857142857142855,1.277034259466139,1.4,XMEAS7-XMEAS11,0.42857142857142855,4
F05,298,0.2857142857142857,1.7478680974667578,1.1666666666666667,XMEAS7-XMEAS11,0.2857142857142857,6
F05,299,0.42857142857142855,1.277034259466139,1.4,XMEAS8-XMEAS11,0.42857142857142855,4
F05,300,0.2857142857142857,1.5498260458782016,1.1666666666666667,XMEAS8-XMEAS11,0.2857142857142857,5
F05,301,0.42857142857142855,1.475076311054695,1.1666666666666667,XMEAS8-XMEAS10,0.42857142857142855,5
F05,302,0.42857142857142855,1.475076311054695,1.0,XMEAS8-XMEAS9,0.42857142857142855,5
F05,303,0.42857142857142855,1.2770342594661392,1.0,XMEAS7-XMEAS11,0.42857142857142855,4
F05,304,0.2857142857142857,1.7478680974667578,1.0,XMEAS7-XMEAS11,0.2857142857142857,6
F05,305,0.2857142857142857,1.549826045878202,1.0,XMEAS7-XMEAS11,0.2857142857142857,5
F05,306,0.2857142857142857,1.7478680974667578,1.0,XMEAS7-XMEAS11,0.2857142857142857,6
F05,307,0.2857142857142857,1.7478680974667578,1.1666666666666667,XMEAS7-XMEAS11,0.2857142857142857,6
F05,308,0.42857142857142855,1.2770342594661392,1.0,XMEAS7-XMEAS11,0.42857142857142855,4
F05,309,0.42857142857142855,1.475076311054695,1.1666666666666667,XMEAS7-XMEAS11,0.42857142857142855,5
F05,310,0.2857142857142857,1.549826045878202,1.0,XMEAS7-XMEAS11,0.2857142857142857,5
F05,311,0.42857142857142855,1.475076311054695,1.4,XMEAS8-XMEAS9,0.42857142857142855,5
F05,312,0.2857142857142857,1.549826045878202,1.1666666666666667,XMEAS7-XMEAS11,0.2857142857142857,5
F05,313,0.2857142857142857,1.5498260458782016,1.1666666666666667,XMEAS8-XMEAS11,0.2857142857142857,5
F05,314,0.42857142857142855,1.0789922078775833,1.4,XMEAS7-XMEAS11,0.42857142857142855,3
F05,315,0.2857142857142857,1.5498260458782016,1.4,XMEAS7-XMEAS11,0.2857142857142857,5
F05,316,0.42857142857142855,1.2770342594661392,1.4,XMEAS7-XMEAS10,0.42857142857142855,4
F05,317,0.2857142857142857,1.351783994289646,1.1666666666666667,XMEAS7-XMEAS11,0.2857142857142857,4
F05,318,0.5714285714285714,1.1537419427010902,1.4,XMEAS7-XMEAS11,0.5714285714285714,4
F05,319,0.2857142857142857,1.549826045878202,1.4,XMEAS7-XMEAS11,0.2857142857142857,5
F05,320,0.2857142857142857,1.549826045878202,1.0,XMEAS7-XMEAS11,0.2857142857142857,5
F05,321,0.14285714285714285,1.945910149055314,1.0,XMEAS7-XMEAS11,0.14285714285714285,7
F05,322,0.2857142857142857,1.351783994289646,1.0,XMEAS7-XMEAS11,0.2857142857142857,4
F05,323,0.42857142857142855,1.277034259466139,1.75,XMEAS7-XMEAS8,0.42857142857142855,4
F05,324,0.2857142857142857,1.7478680974667578,1.0,XMEAS9-XMEAS11,0.2857142857142857,6
F05,325,0.42857142857142855,1.0042424730540764,1.4,XMEAS7-XMEAS11,0.42857142857142855,3
F05,326,0.2857142857142857,1.549826045878202,1.0,XMEAS7-XMEAS11,0.2857142857142857,5
F05,327,0.2857142857142857,1.549826045878202,1.1666666666666667,XMEAS7-XMEAS11,0.2857142857142857,5
F05,328,0.2857142857142857,1.5498260458782016,1.4,XMEAS8-XMEAS9,0.2857142857142857,5
F05,329,0.2857142857142857,1.7478680974667578,1.1666666666666667,XMEAS7-XMEAS11,0.2857142857142857,6
F05,330,0.42857142857142855,1.0042424730540764,1.1666666666666667,XMEAS7-XMEAS11,0.42857142857142855,3
F05,331,0.2857142857142857,1.351783994289646,1.4,XMEAS7-XMEAS11,0.2857142857142857,4
F05,332,0.42857142857142855,1.277034259466139,1.1666666666666667,XMEAS9-XMEAS10,0.42857142857142855,4
F05,333,0.2857142857142857,1.351783994289646,1.1666666666666667,XMEAS7-XMEAS11,0.2857142857142857,4
F05,334,0.5714285714285714,1.1537419427010902,1.1666666666666667,XMEAS7-XMEAS11,0.5714285714285714,4
F05,335,0.5714285714285714,0.9556998911125343,1.4,XMEAS7-XMEAS11,0.5714285714285714,3
F05,336,0.2857142857142857,1.549826045878202,1.0,XMEAS7-XMEAS11,0.2857142857142857,5
F05,337,0.2857142857142857,1.5498260458782016,1.1666666666666667,XMEAS7-XMEAS11,0.2857142857142857,5
F05,338,0.2857142857142857,1.7478680974667578,1.1666666666666667,XMEAS7-XMEAS11,0.2857142857142857,6
F05,339,0.42857142857142855,1.277034259466139,1.1666666666666667,XMEAS7-XMEAS11,0.42857142857142855,4
F05,340,0.2857142857142857,1.7478680974667578,1.1666666666666667,XMEAS7-XMEAS11,0.2857142857142857,6
F05,341,0.2857142857142857,1.351783994289646,1.1666666666666667,XMEAS7-XMEAS11,0.2857142857142857,4
F05,342,0.42857142857142855,1.2770342594661392,1.4,XMEAS7-XMEAS11,0.42857142857142855,4
F05,343,0.42857142857142855,1.277034259466139,1.1666666666666667,XMEAS7-XMEAS8,0.42857142857142855,4
F05,344,0.42857142857142855,1.0789922078775833,1.75,XMEAS7-XMEAS11,0.42857142857142855,3
F05,345,0.42857142857142855,1.475076311054695,1.1666666666666667,XMEAS7-XMEAS11,0.42857142857142855,5
F05,346,0.2857142857142857,1.7478680974667578,1.0,XMEAS10-XMEAS11,0.2857142857142857,6
F05,347,0.42857142857142855,1.2770342594661392,1.1666666666666667,XMEAS7-XMEAS11,0.42857142857142855,4
F05,348,0.42857142857142855,1.475076311054695,1.4,XMEAS7-XMEAS11,0.42857142857142855,5
F05,349,0.5714285714285714,0.9556998911125343,1.75,XMEAS7-XMEAS11,0.5714285714285714,3
F05,350,0.42857142857142855,1.2770342594661392,1.4,XMEAS8-XMEAS11,0.42857142857142855,4
F05,351,0.42857142857142855,1.277034259466139,1.75,XMEAS8-XMEAS9,0.42857142857142855,4
F05,352,0.2857142857142857,1.5498260458782018,1.1666666666666667,XMEAS7-XMEAS11,0.2857142857142857,5
F05,353,0.42857142857142855,1.475076311054695,1.0,XMEAS7-XMEAS11,0.42857142857142855,5
F05,354,0.7142857142857143,0.7963116401738131,1.4,XMEAS7-XMEAS11,0.7142857142857143,3
F05,355,0.2857142857142857,1.549826045878202,1.0,XMEAS7-XMEAS11,0.2857142857142857,5
F05,356,0.42857142857142855,1.2770342594661392,1.4,XMEAS10-XMEAS11,0.42857142857142855,4
F05,357,0.5714285714285714,0.9556998911125343,1.4,XMEAS8-XMEAS9,0.5714285714285714,3
F05,358,0.2857142857142857,1.5498260458782016,1.0,XMEAS10-XMEAS11,0.2857142857142857,5
F05,359,0.2857142857142857,1.351783994289646,1.1666666666666667,XMEAS7-XMEAS11,0.2857142857142857,4
F05,360,0.7142857142857143,0.7963116401738131,1.75,XMEAS7-XMEAS11,0.7142857142857143,3
F05,361,0.2857142857142857,1.7478680974667578,1.1666666666666667,XMEAS8-XMEAS9,0.2857142857142857,6
F05,362,0.8571428571428571,0.410116318288409,3.5,XMEAS7-XMEAS11,0.8571428571428571,2
F05,363,0.2857142857142857,1.7478680974667578,1.0,XMEAS7-XMEAS11,0.2857142857142857,6
F05,364,0.2857142857142857,1.5498260458782016,1.0,XMEAS7-XMEAS10,0.2857142857142857,5
F05,365,0.5714285714285714,1.1537419427010902,1.4,XMEAS7-XMEAS11,0.5714285714285714,4
F05,366,0.2857142857142857,1.351783994289646,1.4,XMEAS7-XMEAS11,0.2857142857142857,4
F05,367,0.42857142857142855,1.2770342594661392,1.4,XMEAS7-XMEAS11,0.42857142857142855,4
F05,368,0.42857142857142855,1.277034259466139,1.0,XMEAS7-XMEAS11,0.42857142857142855,4
F05,369,0.2857142857142857,1.351783994289646,1.4,XMEAS7-XMEAS11,0.2857142857142857,4
F05,370,0.42857142857142855,1.475076311054695,1.0,XMEAS7-XMEAS11,0.42857142857142855,5
F05,371,0.2857142857142857,1.549826045878202,1.0,XMEAS7-XMEAS11,0.2857142857142857,5
F05,372,0.42857142857142855,1.277034259466139,1.1666666666666667,XMEAS7-XMEAS11,0.42857142857142855,4
F05,373,0.2857142857142857,1.7478680974667578,1.1666666666666667,XMEAS8-XMEAS10,0.2857142857142857,6
F05,374,0.42857142857142855,1.4750763110546947,1.4,XMEAS8-XMEAS9,0.42857142857142855,5
F05,375,0.2857142857142857,1.5498260458782016,1.0,XMEAS7-XMEAS11,0.2857142857142857,5
F05,376,0.2857142857142857,1.549826045878202,1.4,XMEAS7-XMEAS11,0.2857142857142857,5
F05,377,0.2857142857142857,1.7478680974667578,1.1666666666666667,XMEAS7-XMEAS11,0.2857142857142857,6
F05,378,0.2857142857142857,1.351783994289646,1.0,XMEAS7-XMEAS11,0.2857142857142857,4
F05,379,0.5714285714285714,1.1537419427010902,1.75,XMEAS7-XMEAS11,0.5714285714285714,4
F05,380,0.2857142857142857,1.351783994289646,1.0,XMEAS7-XMEAS11,0.2857142857142857,4
F05,381,0.42857142857142855,1.475076311054695,1.4,XMEAS7-XMEAS11,0.42857142857142855,5
F05,382,0.42857142857142855,1.2770342594661392,1.1666666666666667,XMEAS7-XMEAS9,0.42857142857142855,4
F05,383,0.2857142857142857,1.351783994289646,1.0,XMEAS7-XMEAS11,0.2857142857142857,4
F05,384,0.2857142857142857,1.549826045878202,1.1666666666666667,XMEAS7-XMEAS11,0.2857142857142857,5
F05,385,0.42857142857142855,1.475076311054695,1.1666666666666667,XMEAS7-XMEAS11,0.42857142857142855,5
F05,386,0.42857142857142855,1.2770342594661392,1.4,XMEAS8-XMEAS9,0.42857142857142855,4
F05,387,0.2857142857142857,1.7478680974667578,1.0,XMEAS10-XMEAS11,0.2857142857142857,6
F05,388,0.2857142857142857,1.5498260458782016,1.1666666666666667,XMEAS7-XMEAS11,0.2857142857142857,5
F05,389,0.2857142857142857,1.7478680974667578,1.0,XMEAS8-XMEAS9,0.2857142857142857,6
F05,390,0.42857142857142855,1.0789922078775833,1.0,XMEAS8-XMEAS9,0.42857142857142855,3
F05,391,0.2857142857142857,1.5498260458782016,1.1666666666666667,XMEAS10-XMEAS11,0.2857142857142857,5
F05,392,0.2857142857142857,1.549826045878202,1.4,XMEAS7-XMEAS11,0.2857142857142857,5
F05,393,0.42857142857142855,1.2770342594661392,1.75,XMEAS7-XMEAS11,0.42857142857142855,4
F05,394,0.2857142857142857,1.351783994289646,1.1666666666666667,XMEAS7-XMEAS11,0.2857142857142857,4
F05,395,0.2857142857142857,1.549826045878202,1.0,XMEAS7-XMEAS11,0.2857142857142857,5
F05,396,0.2857142857142857,1.549826045878202,1.0,XMEAS7-XMEAS11,0.2857142857142857,5
F05,397,0.5714285714285714,0.9556998911125343,1.75,XMEAS7-XMEAS11,0.5714285714285714,3
F05,398,0.2857142857142857,1.549826045878202,1.1666666666666667,XMEAS7-XMEAS11,0.2857142857142857,5
F05,399,0.2857142857142857,1.7478680974667578,1.0,XMEAS7-XMEAS8,0.2857142857142857,6
F05,400,0.42857142857142855,1.0789922078775833,2.3333333333333335,XMEAS8-XMEAS10,0.42857142857142855,3
F05,401,0.42857142857142855,1.277034259466139,1.1666666666666667,XMEAS8-XMEAS9,0.42857142857142855,4
F05,402,0.5714285714285714,1.1537419427010902,1.4,XMEAS7-XMEAS11,0.5714285714285714,4
F05,403,0.2857142857142857,1.549826045878202,1.4,XMEAS7-XMEAS11,0.2857142857142857,5
F05,404,0.2857142857142857,1.7478680974667578,1.0,XMEAS7-XMEAS11,0.2857142857142857,6
F05,405,0.42857142857142855,1.277034259466139,1.0,XMEAS10-XMEAS11,0.42857142857142855,4
F05,406,0.5714285714285714,1.1537419427010902,1.4,XMEAS7-XMEAS11,0.5714285714285714,4
F05,407,0.42857142857142855,1.0042424730540764,2.3333333333333335,XMEAS7-XMEAS11,0.42857142857142855,3
F05,408,0.42857142857142855,1.2770342594661392,1.75,XMEAS7-XMEAS11,0.42857142857142855,4
F05,409,0.2857142857142857,1.549826045878202,1.0,XMEAS7-XMEAS11,0.2857142857142857,5
F05,410,0.42857142857142855,1.475076311054695,1.4,XMEAS7-XMEAS11,0.42857142857142855,5
F05,411,0.2857142857142857,1.549826045878202,1.1666666666666667,XMEAS7-XMEAS11,0.2857142857142857,5
F05,412,0.2857142857142857,1.549826045878202,1.1666666666666667,XMEAS7-XMEAS11,0.2857142857142857,5
F05,413,0.2857142857142857,1.5498260458782016,1.0,XMEAS7-XMEAS11,0.2857142857142857,5
F05,414,0.2857142857142857,1.7478680974667578,1.1666666666666667,XMEAS7-XMEAS11,0.2857142857142857,6
F05,415,0.5714285714285714,1.1537419427010902,1.1666666666666667,XMEAS8-XMEAS9,0.5714285714285714,4
F05,416,0.42857142857142855,1.475076311054695,1.1666666666666667,XMEAS7-XMEAS11,0.42857142857142855,5
F05,417,0.42857142857142855,1.2770342594661392,1.1666666666666667,XMEAS7-XMEAS11,0.42857142857142855,4
F05,418,0.42857142857142855,1.2770342594661392,1.1666666666666667,XMEAS8-XMEAS9,0.42857142857142855,4
F05,419,0.42857142857142855,1.277034259466139,1.4,XMEAS7-XMEAS11,0.42857142857142855,4
F05,420,0.5714285714285714,1.1537419427010902,1.4,XMEAS7-XMEAS11,0.5714285714285714,4
F05,421,0.2857142857142857,1.7478680974667578,1.0,XMEAS9-XMEAS10,0.2857142857142857,6
F05,422,0.42857142857142855,1.2770342594661392,1.75,XMEAS7-XMEAS11,0.42857142857142855,4
F05,423,0.2857142857142857,1.7478680974667578,1.1666666666666667,XMEAS7-XMEAS11,0.2857142857142857,6
F05,424,0.2857142857142857,1.549826045878202,1.4,XMEAS7-XMEAS11,0.2857142857142857,5
F05,425,0.42857142857142855,1.2770342594661392,1.1666666666666667,XMEAS7-XMEAS11,0.42857142857142855,4
F05,426,0.2857142857142857,1.7478680974667578,1.0,XMEAS7-XMEAS11,0.2857142857142857,6
F05,427,0.2857142857142857,1.7478680974667578,1.0,XMEAS8-XMEAS11,0.2857142857142857,6
F05,428,0.2857142857142857,1.549826045878202,1.0,XMEAS10-XMEAS11,0.2857142857142857,5
F05,429,0.2857142857142857,1.549826045878202,1.1666666666666667,XMEAS7-XMEAS11,0.2857142857142857,5
F05,430,0.2857142857142857,1.351783994289646,1.0,XMEAS7-XMEAS11,0.2857142857142857,4
F05,431,0.42857142857142855,1.2770342594661392,1.1666666666666667,XMEAS10-XMEAS11,0.42857142857142855,4
F05,432,0.5714285714285714,1.1537419427010902,1.75,XMEAS7-XMEAS11,0.5714285714285714,4
F05,433,0.2857142857142857,1.549826045878202,1.4,XMEAS7-XMEAS11,0.2857142857142857,5
F05,434,0.42857142857142855,1.2770342594661392,1.75,XMEAS7-XMEAS11,0.42857142857142855,4
F05,435,0.2857142857142857,1.7478680974667578,1.0,XMEAS8-XMEAS10,0.2857142857142857,6
F05,436,0.42857142857142855,1.2770342594661392,1.4,XMEAS7-XMEAS10,0.42857142857142855,4
F05,437,0.5714285714285714,1.1537419427010902,1.4,XMEAS7-XMEAS11,0.5714285714285714,4
F05,438,0.42857142857142855,1.475076311054695,1.1666666666666667,XMEAS8-XMEAS10,0.42857142857142855,5
F05,439,0.42857142857142855,1.2770342594661392,1.1666666666666667,XMEAS7-XMEAS11,0.42857142857142855,4
F05,440,0.2857142857142857,1.351783994289646,1.1666666666666667,XMEAS7-XMEAS11,0.2857142857142857,4
F05,441,0.42857142857142855,1.475076311054695,1.1666666666666667,XMEAS8-XMEAS10,0.42857142857142855,5
F05,442,0.42857142857142855,1.475076311054695,1.1666666666666667,XMEAS7-XMEAS11,0.42857142857142855,5
F05,443,0.2857142857142857,1.549826045878202,1.4,XMEAS7-XMEAS11,0.2857142857142857,5
F05,444,0.2857142857142857,1.549826045878202,1.1666666666666667,XMEAS7-XMEAS11,0.2857142857142857,5
F05,445,0.2857142857142857,1.7478680974667573,1.1666666666666667,XMEAS8-XMEAS9,0.2857142857142857,6
F05,446,0.42857142857142855,1.4750763110546947,1.1666666666666667,XMEAS8-XMEAS9,0.42857142857142855,5
F05,447,0.14285714285714285,1.945910149055314,1.0,XMEAS7-XMEAS11,0.14285714285714285,7
F05,448,0.42857142857142855,1.2770342594661392,1.0,XMEAS8-XMEAS11,0.42857142857142855,4
F05,449,0.2857142857142857,1.549826045878202,1.0,XMEAS7-XMEAS11,0.2857142857142857,5
F05,450,0.2857142857142857,1.549826045878202,1.0,XMEAS7-XMEAS11,0.2857142857142857,5
F05,451,0.5714285714285714,1.1537419427010902,1.4,XMEAS7-XMEAS11,0.5714285714285714,4
F05,452,0.2857142857142857,1.549826045878202,1.0,XMEAS7-XMEAS11,0.2857142857142857,5
F05,453,0.42857142857142855,1.2770342594661392,1.1666666666666667,XMEAS7-XMEAS11,0.42857142857142855,4
F05,454,0.2857142857142857,1.549826045878202,1.1666666666666667,XMEAS7-XMEAS11,0.2857142857142857,5
F05,455,0.42857142857142855,1.475076311054695,1.4,XMEAS8-XMEAS9,0.42857142857142855,5
F05,456,0.42857142857142855,1.277034259466139,1.4,XMEAS10-XMEAS11,0.42857142857142855,4
F05,457,0.42857142857142855,1.0042424730540764,1.4,XMEAS7-XMEAS11,0.42857142857142855,3
F05,458,0.2857142857142857,1.549826045878202,1.1666666666666667,XMEAS10-XMEAS11,0.2857142857142857,5
F05,459,0.2857142857142857,1.549826045878202,1.0,XMEAS7-XMEAS11,0.2857142857142857,5
F05,460,0.42857142857142855,1.475076311054695,1.1666666666666667,XMEAS7-XMEAS11,0.42857142857142855,5
F05,461,0.42857142857142855,1.277034259466139,1.1666666666666667,XMEAS7-XMEAS11,0.42857142857142855,4
F05,462,0.2857142857142857,1.5498260458782016,1.1666666666666667,XMEAS8-XMEAS10,0.2857142857142857,5
F05,463,0.2857142857142857,1.7478680974667578,1.1666666666666667,XMEAS8-XMEAS10,0.2857142857142857,6
F05,464,0.2857142857142857,1.5498260458782018,1.1666666666666667,XMEAS7-XMEAS10,0.2857142857142857,5
F05,465,0.42857142857142855,1.2770342594661392,1.4,XMEAS10-XMEAS11,0.42857142857142855,4
F05,466,0.2857142857142857,1.7478680974667578,1.1666666666666667,XMEAS9-XMEAS11,0.2857142857142857,6
F05,467,0.2857142857142857,1.549826045878202,1.1666666666666667,XMEAS7-XMEAS11,0.2857142857142857,5
F05,468,0.8571428571428571,0.410116318288409,3.5,XMEAS7-XMEAS11,0.8571428571428571,2
F05,469,0.2857142857142857,1.351783994289646,1.0,XMEAS7-XMEAS11,0.2857142857142857,4
F05,470,0.42857142857142855,1.475076311054695,1.1666666666666667,XMEAS7-XMEAS11,0.42857142857142855,5
F05,471,0.5714285714285714,1.1537419427010902,1.4,XMEAS7-XMEAS11,0.5714285714285714,4
F05,472,0.42857142857142855,1.277034259466139,1.1666666666666667,XMEAS8-XMEAS9,0.42857142857142855,4
F05,473,0.2857142857142857,1.549826045878202,1.0,XMEAS7-XMEAS11,0.2857142857142857,5
F05,474,0.42857142857142855,1.277034259466139,1.4,XMEAS7-XMEAS11,0.42857142857142855,4
F05,475,0.2857142857142857,1.351783994289646,1.4,XMEAS7-XMEAS11,0.2857142857142857,4
F05,476,0.2857142857142857,1.7478680974667573,1.1666666666666667,XMEAS8-XMEAS11,0.2857142857142857,6
F05,477,0.7142857142857143,0.7963116401738131,2.3333333333333335,XMEAS7-XMEAS11,0.7142857142857143,3
F05,478,0.2857142857142857,1.5498260458782016,1.0,XMEAS8-XMEAS10,0.2857142857142857,5
F05,479,0.2857142857142857,1.549826045878202,1.0,XMEAS8-XMEAS9,0.2857142857142857,5
F05,480,0.42857142857142855,1.0042424730540764,1.1666666666666667,XMEAS7-XMEAS11,0.42857142857142855,3
F05,481,0.2857142857142857,1.549826045878202,1.0,XMEAS8-XMEAS9,0.2857142857142857,5
F05,482,0.2857142857142857,1.5498260458782016,1.1666666666666667,XMEAS7-XMEAS8,0.2857142857142857,5
F05,483,0.42857142857142855,1.0789922078775833,1.0,XMEAS8-XMEAS9,0.42857142857142855,3
F05,484,0.42857142857142855,1.475076311054695,1.0,XMEAS8-XMEAS10,0.42857142857142855,5
F05,485,0.2857142857142857,1.5498260458782016,1.0,XMEAS7-XMEAS11,0.2857142857142857,5
F05,486,0.2857142857142857,1.5498260458782018,1.4,XMEAS7-XMEAS11,0.2857142857142857,5
F05,487,0.42857142857142855,1.277034259466139,1.1666666666666667,XMEAS7-XMEAS11,0.42857142857142855,4
F05,488,0.2857142857142857,1.7478680974667578,1.1666666666666667,XMEAS8-XMEAS9,0.2857142857142857,6
F05,489,0.2857142857142857,1.7478680974667578,1.0,XMEAS7-XMEAS11,0.2857142857142857,6
F05,490,0.2857142857142857,1.549826045878202,1.0,XMEAS8-XMEAS9,0.2857142857142857,5
F05,491,0.2857142857142857,1.549826045878202,1.4,XMEAS7-XMEAS11,0.2857142857142857,5
F05,492,0.42857142857142855,1.0042424730540764,1.4,XMEAS7-XMEAS11,0.42857142857142855,3
F05,493,0.2857142857142857,1.7478680974667578,1.0,XMEAS9-XMEAS11,0.2857142857142857,6
F05,494,0.42857142857142855,1.475076311054695,1.4,XMEAS7-XMEAS11,0.42857142857142855,5
F05,495,0.42857142857142855,1.2770342594661392,1.1666666666666667,XMEAS7-XMEAS11,0.42857142857142855,4
F05,496,0.42857142857142855,1.0042424730540764,1.1666666666666667,XMEAS7-XMEAS11,0.42857142857142855,3
F05,497,0.2857142857142857,1.7478680974667578,1.0,XMEAS7-XMEAS11,0.2857142857142857,6
F05,498,0.42857142857142855,1.2770342594661392,1.1666666666666667,XMEAS7-XMEAS11,0.42857142857142855,4
F05,499,0.42857142857142855,1.475076311054695,1.0,XMEAS7-XMEAS11,0.42857142857142855,5
F05,500,0.42857142857142855,1.2770342594661392,1.4,XMEAS7-XMEAS11,0.42857142857142855,4
F06,1,1.0,0.0,7.0,XMEAS7-XMEAS11,1.0,1
F06,2,1.0,0.0,7.0,XMEAS7-XMEAS11,1.0,1
F06,3,1.0,0.0,7.0,XMEAS7-XMEAS11,1.0,1
F06,4,1.0,0.0,7.0,XMEAS7-XMEAS11,1.0,1
F06,5,1.0,0.0,7.0,XMEAS7-XMEAS11,1.0,1
F06,6,1.0,0.0,7.0,XMEAS7-XMEAS11,1.0,1
F06,7,1.0,0.0,7.0,XMEAS7-XMEAS11,1.0,1
F06,8,1.0,0.0,7.0,XMEAS7-XMEAS11,1.0,1
F06,9,1.0,0.0,7.0,XMEAS7-XMEAS11,1.0,1
F06,10,1.0,0.0,7.0,XMEAS7-XMEAS11,1.0,1
F06,11,1.0,0.0,7.0,XMEAS7-XMEAS11,1.0,1
F06,12,1.0,0.0,7.0,XMEAS7-XMEAS11,1.0,1
F06,13,1.0,0.0,7.0,XMEAS7-XMEAS11,1.0,1
F06,14,1.0,0.0,7.0,XMEAS7-XMEAS11,1.0,1
F06,15,1.0,0.0,7.0,XMEAS7-XMEAS11,1.0,1
F06,16,1.0,0.0,7.0,XMEAS7-XMEAS11,1.0,1
F06,17,1.0,0.0,7.0,XMEAS7-XMEAS11,1.0,1
F06,18,1.0,0.0,7.0,XMEAS7-XMEAS11,1.0,1
F06,19,1.0,0.0,7.0,XMEAS7-XMEAS11,1.0,1
F06,20,1.0,0.0,7.0,XMEAS7-XMEAS11,1.0,1
F06,21,1.0,0.0,7.0,XMEAS7-XMEAS11,1.0,1
F06,22,1.0,0.0,7.0,XMEAS7-XMEAS11,1.0,1
F06,23,1.0,0.0,7.0,XMEAS7-XMEAS11,1.0,1
F06,24,1.0,0.0,7.0,XMEAS7-XMEAS11,1.0,1
F06,25,1.0,0.0,7.0,XMEAS7-XMEAS11,1.0,1
F06,26,1.0,0.0,7.0,XMEAS7-XMEAS11,1.0,1
F06,27,1.0,0.0,7.0,XMEAS7-XMEAS11,1.0,1
F06,28,1.0,0.0,7.0,XMEAS7-XMEAS11,1.0,1
F06,29,1.0,0.0,7.0,XMEAS7-XMEAS11,1.0,1
F06,30,1.0,0.0,7.0,XMEAS7-XMEAS11,1.0,1
F06,31,1.0,0.0,7.0,XMEAS7-XMEAS11,1.0,1
F06,32,1.0,0.0,7.0,XMEAS7-XMEAS11,1.0,1
F06,33,1.0,0.0,7.0,XMEAS7-XMEAS11,1.0,1
F06,34,1.0,0.0,7.0,XMEAS7-XMEAS11,1.0,1
F06,35,1.0,0.0,7.0,XMEAS7-XMEAS11,1.0,1
F06,36,1.0,0.0,7.0,XMEAS7-XMEAS11,1.0,1
F06,37,1.0,0.0,7.0,XMEAS7-XMEAS11,1.0,1
F06,38,1.0,0.0,7.0,XMEAS7-XMEAS11,1.0,1
F06,39,1.0,0.0,7.0,XMEAS7-XMEAS11,1.0,1
F06,40,1.0,0.0,7.0,XMEAS7-XMEAS11,1.0,1
F06,41,1.0,0.0,7.0,XMEAS7-XMEAS11,1.0,1
F06,42,1.0,0.0,7.0,XMEAS7-XMEAS11,1.0,1
F06,43,1.0,0.0,7.0,XMEAS7-XMEAS11,1.0,1
F06,44,1.0,0.0,7.0,XMEAS7-XMEAS11,1.0,1
F06,45,1.0,0.0,7.0,XMEAS7-XMEAS11,1.0,1
F06,46,1.0,0.0,7.0,XMEAS7-XMEAS11,1.0,1
F06,47,1.0,0.0,7.0,XMEAS7-XMEAS11,1.0,1
F06,48,1.0,0.0,7.0,XMEAS7-XMEAS11,1.0,1
F06,49,1.0,0.0,7.0,XMEAS7-XMEAS11,1.0,1
F06,50,1.0,0.0,7.0,XMEAS7-XMEAS11,1.0,1
F06,51,1.0,0.0,7.0,XMEAS7-XMEAS11,1.0,1
F06,52,1.0,0.0,7.0,XMEAS7-XMEAS11,1.0,1
F06,53,1.0,0.0,7.0,XMEAS7-XMEAS11,1.0,1
F06,54,1.0,0.0,7.0,XMEAS7-XMEAS11,1.0,1
F06,55,1.0,0.0,7.0,XMEAS7-XMEAS11,1.0,1
F06,56,1.0,0.0,7.0,XMEAS7-XMEAS11,1.0,1
F06,57,1.0,0.0,7.0,XMEAS7-XMEAS11,1.0,1
F06,58,1.0,0.0,7.0,XMEAS7-XMEAS11,1.0,1
F06,59,1.0,0.0,7.0,XMEAS7-XMEAS11,1.0,1
F06,60,1.0,0.0,7.0,XMEAS7-XMEAS11,1.0,1
F06,61,1.0,0.0,7.0,XMEAS7-XMEAS11,1.0,1
F06,62,1.0,0.0,7.0,XMEAS7-XMEAS11,1.0,1
F06,63,1.0,0.0,7.0,XMEAS7-XMEAS11,1.0,1
F06,64,1.0,0.0,7.0,XMEAS7-XMEAS11,1.0,1
F06,65,1.0,0.0,7.0,XMEAS7-XMEAS11,1.0,1
F06,66,1.0,0.0,7.0,XMEAS7-XMEAS11,1.0,1
F06,67,1.0,0.0,7.0,XMEAS7-XMEAS11,1.0,1
F06,68,1.0,0.0,7.0,XMEAS7-XMEAS11,1.0,1
F06,69,1.0,0.0,7.0,XMEAS7-XMEAS11,1.0,1
F06,70,1.0,0.0,7.0,XMEAS7-XMEAS11,1.0,1
F06,71,1.0,0.0,7.0,XMEAS7-XMEAS11,1.0,1
F06,72,1.0,0.0,7.0,XMEAS7-XMEAS11,1.0,1
F06,73,1.0,0.0,7.0,XMEAS7-XMEAS11,1.0,1
F06,74,1.0,0.0,7.0,XMEAS7-XMEAS11,1.0,1
F06,75,1.0,0.0,7.0,XMEAS7-XMEAS11,1.0,1
F06,76,1.0,0.0,7.0,XMEAS7-XMEAS11,1.0,1
F06,77,1.0,0.0,7.0,XMEAS7-XMEAS11,1.0,1
F06,78,1.0,0.0,7.0,XMEAS7-XMEAS11,1.0,1
F06,79,1.0,0.0,7.0,XMEAS7-XMEAS11,1.0,1
F06,80,1.0,0.0,7.0,XMEAS7-XMEAS11,1.0,1
F06,81,1.0,0.0,7.0,XMEAS7-XMEAS11,1.0,1
F06,82,1.0,0.0,7.0,XMEAS7-XMEAS11,1.0,1
F06,83,1.0,0.0,7.0,XMEAS7-XMEAS11,1.0,1
F06,84,1.0,0.0,7.0,XMEAS7-XMEAS11,1.0,1
F06,85,1.0,0.0,7.0,XMEAS7-XMEAS11,1.0,1
F06,86,1.0,0.0,7.0,XMEAS7-XMEAS11,1.0,1
F06,87,1.0,0.0,7.0,XMEAS7-XMEAS11,1.0,1
F06,88,1.0,0.0,7.0,XMEAS7-XMEAS11,1.0,1
F06,89,1.0,0.0,7.0,XMEAS7-XMEAS11,1.0,1
F06,90,1.0,0.0,7.0,XMEAS7-XMEAS11,1.0,1
F06,91,1.0,0.0,7.0,XMEAS7-XMEAS11,1.0,1
F06,92,1.0,0.0,7.0,XMEAS7-XMEAS11,1.0,1
F06,93,1.0,0.0,7.0,XMEAS7-XMEAS11,1.0,1
F06,94,1.0,0.0,7.0,XMEAS7-XMEAS11,1.0,1
F06,95,1.0,0.0,7.0,XMEAS7-XMEAS11,1.0,1
F06,96,1.0,0.0,7.0,XMEAS7-XMEAS11,1.0,1
F06,97,1.0,0.0,7.0,XMEAS7-XMEAS11,1.0,1
F06,98,1.0,0.0,7.0,XMEAS7-XMEAS11,1.0,1
F06,99,1.0,0.0,7.0,XMEAS7-XMEAS11,1.0,1
F06,100,1.0,0.0,7.0,XMEAS7-XMEAS11,1.0,1
F06,101,1.0,0.0,7.0,XMEAS7-XMEAS11,1.0,1
F06,102,1.0,0.0,7.0,XMEAS7-XMEAS11,1.0,1
F06,103,1.0,0.0,7.0,XMEAS7-XMEAS11,1.0,1
F06,104,1.0,0.0,7.0,XMEAS7-XMEAS11,1.0,1
F06,105,1.0,0.0,7.0,XMEAS7-XMEAS11,1.0,1
F06,106,1.0,0.0,7.0,XMEAS7-XMEAS11,1.0,1
F06,107,1.0,0.0,7.0,XMEAS7-XMEAS11,1.0,1
F06,108,1.0,0.0,7.0,XMEAS7-XMEAS11,1.0,1
F06,109,1.0,0.0,7.0,XMEAS7-XMEAS11,1.0,1
F06,110,1.0,0.0,7.0,XMEAS7-XMEAS11,1.0,1
F06,111,1.0,0.0,7.0,XMEAS7-XMEAS11,1.0,1
F06,112,1.0,0.0,7.0,XMEAS7-XMEAS11,1.0,1
F06,113,1.0,0.0,7.0,XMEAS7-XMEAS11,1.0,1
F06,114,1.0,0.0,7.0,XMEAS7-XMEAS11,1.0,1
F06,115,1.0,0.0,7.0,XMEAS7-XMEAS11,1.0,1
F06,116,1.0,0.0,7.0,XMEAS7-XMEAS11,1.0,1
F06,117,1.0,0.0,7.0,XMEAS7-XMEAS11,1.0,1
F06,118,1.0,0.0,7.0,XMEAS7-XMEAS11,1.0,1
F06,119,1.0,0.0,7.0,XMEAS7-XMEAS11,1.0,1
F06,120,1.0,0.0,7.0,XMEAS7-XMEAS11,1.0,1
F06,121,1.0,0.0,7.0,XMEAS7-XMEAS11,1.0,1
F06,122,1.0,0.0,7.0,XMEAS7-XMEAS11,1.0,1
F06,123,1.0,0.0,7.0,XMEAS7-XMEAS11,1.0,1
F06,124,1.0,0.0,7.0,XMEAS7-XMEAS11,1.0,1
F06,125,1.0,0.0,7.0,XMEAS7-XMEAS11,1.0,1
F06,126,1.0,0.0,7.0,XMEAS7-XMEAS11,1.0,1
F06,127,1.0,0.0,7.0,XMEAS7-XMEAS11,1.0,1
F06,128,1.0,0.0,7.0,XMEAS7-XMEAS11,1.0,1
F06,129,1.0,0.0,7.0,XMEAS7-XMEAS11,1.0,1
F06,130,1.0,0.0,7.0,XMEAS7-XMEAS11,1.0,1
F06,131,1.0,0.0,7.0,XMEAS7-XMEAS11,1.0,1
F06,132,1.0,0.0,7.0,XMEAS7-XMEAS11,1.0,1
F06,133,1.0,0.0,7.0,XMEAS7-XMEAS11,1.0,1
F06,134,1.0,0.0,7.0,XMEAS7-XMEAS11,1.0,1
F06,135,1.0,0.0,7.0,XMEAS7-XMEAS11,1.0,1
F06,136,1.0,0.0,7.0,XMEAS7-XMEAS11,1.0,1
F06,137,1.0,0.0,7.0,XMEAS7-XMEAS11,1.0,1
F06,138,1.0,0.0,7.0,XMEAS7-XMEAS11,1.0,1
F06,139,1.0,0.0,7.0,XMEAS7-XMEAS11,1.0,1
F06,140,1.0,0.0,7.0,XMEAS7-XMEAS11,1.0,1
F06,141,1.0,0.0,7.0,XMEAS7-XMEAS11,1.0,1
F06,142,1.0,0.0,7.0,XMEAS7-XMEAS11,1.0,1
F06,143,1.0,0.0,7.0,XMEAS7-XMEAS11,1.0,1
F06,144,1.0,0.0,7.0,XMEAS7-XMEAS11,1.0,1
F06,145,1.0,0.0,7.0,XMEAS7-XMEAS11,1.0,1
F06,146,1.0,0.0,7.0,XMEAS7-XMEAS11,1.0,1
F06,147,1.0,0.0,7.0,XMEAS7-XMEAS11,1.0,1
F06,148,1.0,0.0,7.0,XMEAS7-XMEAS11,1.0,1
F06,149,1.0,0.0,7.0,XMEAS7-XMEAS11,1.0,1
F06,150,1.0,0.0,7.0,XMEAS7-XMEAS11,1.0,1
F06,151,1.0,0.0,7.0,XMEAS7-XMEAS11,1.0,1
F06,152,1.0,0.0,7.0,XMEAS7-XMEAS11,1.0,1
F06,153,1.0,0.0,7.0,XMEAS7-XMEAS11,1.0,1
F06,154,1.0,0.0,7.0,XMEAS7-XMEAS11,1.0,1
F06,155,1.0,0.0,7.0,XMEAS7-XMEAS11,1.0,1
F06,156,1.0,0.0,7.0,XMEAS7-XMEAS11,1.0,1
F06,157,1.0,0.0,7.0,XMEAS7-XMEAS11,1.0,1
F06,158,1.0,0.0,7.0,XMEAS7-XMEAS11,1.0,1
F06,159,1.0,0.0,7.0,XMEAS7-XMEAS11,1.0,1
F06,160,1.0,0.0,7.0,XMEAS7-XMEAS11,1.0,1
F06,161,1.0,0.0,7.0,XMEAS7-XMEAS11,1.0,1
F06,162,1.0,0.0,7.0,XMEAS7-XMEAS11,1.0,1
F06,163,1.0,0.0,7.0,XMEAS7-XMEAS11,1.0,1
F06,164,1.0,0.0,7.0,XMEAS7-XMEAS11,1.0,1
F06,165,1.0,0.0,7.0,XMEAS7-XMEAS11,1.0,1
F06,166,1.0,0.0,7.0,XMEAS7-XMEAS11,1.0,1
F06,167,1.0,0.0,7.0,XMEAS7-XMEAS11,1.0,1
F06,168,1.0,0.0,7.0,XMEAS7-XMEAS11,1.0,1
F06,169,1.0,0.0,7.0,XMEAS7-XMEAS11,1.0,1
F06,170,1.0,0.0,7.0,XMEAS7-XMEAS11,1.0,1
F06,171,1.0,0.0,7.0,XMEAS7-XMEAS11,1.0,1
F06,172,1.0,0.0,7.0,XMEAS7-XMEAS11,1.0,1
F06,173,1.0,0.0,7.0,XMEAS7-XMEAS11,1.0,1
F06,174,1.0,0.0,7.0,XMEAS7-XMEAS11,1.0,1
F06,175,1.0,0.0,7.0,XMEAS7-XMEAS11,1.0,1
F06,176,1.0,0.0,7.0,XMEAS7-XMEAS11,1.0,1
F06,177,1.0,0.0,7.0,XMEAS7-XMEAS11,1.0,1
F06,178,1.0,0.0,7.0,XMEAS7-XMEAS11,1.0,1
F06,179,1.0,0.0,7.0,XMEAS7-XMEAS11,1.0,1
F06,180,1.0,0.0,7.0,XMEAS7-XMEAS11,1.0,1
F06,181,1.0,0.0,7.0,XMEAS7-XMEAS11,1.0,1
F06,182,1.0,0.0,7.0,XMEAS7-XMEAS11,1.0,1
F06,183,1.0,0.0,7.0,XMEAS7-XMEAS11,1.0,1
F06,184,1.0,0.0,7.0,XMEAS7-XMEAS11,1.0,1
F06,185,1.0,0.0,7.0,XMEAS7-XMEAS11,1.0,1
F06,186,1.0,0.0,7.0,XMEAS7-XMEAS11,1.0,1
F06,187,1.0,0.0,7.0,XMEAS7-XMEAS11,1.0,1
F06,188,1.0,0.0,7.0,XMEAS7-XMEAS11,1.0,1
F06,189,1.0,0.0,7.0,XMEAS7-XMEAS11,1.0,1
F06,190,1.0,0.0,7.0,XMEAS7-XMEAS11,1.0,1
F06,191,1.0,0.0,7.0,XMEAS7-XMEAS11,1.0,1
F06,192,1.0,0.0,7.0,XMEAS7-XMEAS11,1.0,1
F06,193,1.0,0.0,7.0,XMEAS7-XMEAS11,1.0,1
F06,194,1.0,0.0,7.0,XMEAS7-XMEAS11,1.0,1
F06,195,1.0,0.0,7.0,XMEAS7-XMEAS11,1.0,1
F06,196,1.0,0.0,7.0,XMEAS7-XMEAS11,1.0,1
F06,197,1.0,0.0,7.0,XMEAS7-XMEAS11,1.0,1
F06,198,1.0,0.0,7.0,XMEAS7-XMEAS11,1.0,1
F06,199,1.0,0.0,7.0,XMEAS7-XMEAS11,1.0,1
F06,200,1.0,0.0,7.0,XMEAS7-XMEAS11,1.0,1
F06,201,1.0,0.0,7.0,XMEAS7-XMEAS11,1.0,1
F06,202,1.0,0.0,7.0,XMEAS7-XMEAS11,1.0,1
F06,203,1.0,0.0,7.0,XMEAS7-XMEAS11,1.0,1
F06,204,1.0,0.0,7.0,XMEAS7-XMEAS11,1.0,1
F06,205,1.0,0.0,7.0,XMEAS7-XMEAS11,1.0,1
F06,206,1.0,0.0,7.0,XMEAS7-XMEAS11,1.0,1
F06,207,1.0,0.0,7.0,XMEAS7-XMEAS11,1.0,1
F06,208,1.0,0.0,7.0,XMEAS7-XMEAS11,1.0,1
F06,209,1.0,0.0,7.0,XMEAS7-XMEAS11,1.0,1
F06,210,1.0,0.0,7.0,XMEAS7-XMEAS11,1.0,1
F06,211,1.0,0.0,7.0,XMEAS7-XMEAS11,1.0,1
F06,212,1.0,0.0,7.0,XMEAS7-XMEAS11,1.0,1
F06,213,1.0,0.0,7.0,XMEAS7-XMEAS11,1.0,1
F06,214,1.0,0.0,7.0,XMEAS7-XMEAS11,1.0,1
F06,215,1.0,0.0,7.0,XMEAS7-XMEAS11,1.0,1
F06,216,1.0,0.0,7.0,XMEAS7-XMEAS11,1.0,1
F06,217,1.0,0.0,7.0,XMEAS7-XMEAS11,1.0,1
F06,218,1.0,0.0,7.0,XMEAS7-XMEAS11,1.0,1
F06,219,1.0,0.0,7.0,XMEAS7-XMEAS11,1.0,1
F06,220,1.0,0.0,7.0,XMEAS7-XMEAS11,1.0,1
F06,221,1.0,0.0,7.0,XMEAS7-XMEAS11,1.0,1
F06,222,1.0,0.0,7.0,XMEAS7-XMEAS11,1.0,1
F06,223,1.0,0.0,7.0,XMEAS7-XMEAS11,1.0,1
F06,224,1.0,0.0,7.0,XMEAS7-XMEAS11,1.0,1
F06,225,1.0,0.0,7.0,XMEAS7-XMEAS11,1.0,1
F06,226,1.0,0.0,7.0,XMEAS7-XMEAS11,1.0,1
F06,227,1.0,0.0,7.0,XMEAS7-XMEAS11,1.0,1
F06,228,1.0,0.0,7.0,XMEAS7-XMEAS11,1.0,1
F06,229,1.0,0.0,7.0,XMEAS7-XMEAS11,1.0,1
F06,230,1.0,0.0,7.0,XMEAS7-XMEAS11,1.0,1
F06,231,1.0,0.0,7.0,XMEAS7-XMEAS11,1.0,1
F06,232,1.0,0.0,7.0,XMEAS7-XMEAS11,1.0,1
F06,233,1.0,0.0,7.0,XMEAS7-XMEAS11,1.0,1
F06,234,1.0,0.0,7.0,XMEAS7-XMEAS11,1.0,1
F06,235,1.0,0.0,7.0,XMEAS7-XMEAS11,1.0,1
F06,236,1.0,0.0,7.0,XMEAS7-XMEAS11,1.0,1
F06,237,1.0,0.0,7.0,XMEAS7-XMEAS11,1.0,1
F06,238,1.0,0.0,7.0,XMEAS7-XMEAS11,1.0,1
F06,239,1.0,0.0,7.0,XMEAS7-XMEAS11,1.0,1
F06,240,1.0,0.0,7.0,XMEAS7-XMEAS11,1.0,1
F06,241,1.0,0.0,7.0,XMEAS7-XMEAS11,1.0,1
F06,242,1.0,0.0,7.0,XMEAS7-XMEAS11,1.0,1
F06,243,1.0,0.0,7.0,XMEAS7-XMEAS11,1.0,1
F06,244,1.0,0.0,7.0,XMEAS7-XMEAS11,1.0,1
F06,245,1.0,0.0,7.0,XMEAS7-XMEAS11,1.0,1
F06,246,1.0,0.0,7.0,XMEAS7-XMEAS11,1.0,1
F06,247,1.0,0.0,7.0,XMEAS7-XMEAS11,1.0,1
F06,248,1.0,0.0,7.0,XMEAS7-XMEAS11,1.0,1
F06,249,1.0,0.0,7.0,XMEAS7-XMEAS11,1.0,1
F06,250,1.0,0.0,7.0,XMEAS7-XMEAS11,1.0,1
F06,251,1.0,0.0,7.0,XMEAS7-XMEAS11,1.0,1
F06,252,1.0,0.0,7.0,XMEAS7-XMEAS11,1.0,1
F06,253,1.0,0.0,7.0,XMEAS7-XMEAS11,1.0,1
F06,254,1.0,0.0,7.0,XMEAS7-XMEAS11,1.0,1
F06,255,1.0,0.0,7.0,XMEAS7-XMEAS11,1.0,1
F06,256,1.0,0.0,7.0,XMEAS7-XMEAS11,1.0,1
F06,257,1.0,0.0,7.0,XMEAS7-XMEAS11,1.0,1
F06,258,1.0,0.0,7.0,XMEAS7-XMEAS11,1.0,1
F06,259,1.0,0.0,7.0,XMEAS7-XMEAS11,1.0,1
F06,260,1.0,0.0,7.0,XMEAS7-XMEAS11,1.0,1
F06,261,1.0,0.0,7.0,XMEAS7-XMEAS11,1.0,1
F06,262,1.0,0.0,7.0,XMEAS7-XMEAS11,1.0,1
F06,263,1.0,0.0,7.0,XMEAS7-XMEAS11,1.0,1
F06,264,1.0,0.0,7.0,XMEAS7-XMEAS11,1.0,1
F06,265,1.0,0.0,7.0,XMEAS7-XMEAS11,1.0,1
F06,266,1.0,0.0,7.0,XMEAS7-XMEAS11,1.0,1
F06,267,1.0,0.0,7.0,XMEAS7-XMEAS11,1.0,1
F06,268,1.0,0.0,7.0,XMEAS7-XMEAS11,1.0,1
F06,269,1.0,0.0,7.0,XMEAS7-XMEAS11,1.0,1
F06,270,1.0,0.0,7.0,XMEAS7-XMEAS11,1.0,1
F06,271,1.0,0.0,7.0,XMEAS7-XMEAS11,1.0,1
F06,272,1.0,0.0,7.0,XMEAS7-XMEAS11,1.0,1
F06,273,1.0,0.0,7.0,XMEAS7-XMEAS11,1.0,1
F06,274,1.0,0.0,7.0,XMEAS7-XMEAS11,1.0,1
F06,275,1.0,0.0,7.0,XMEAS7-XMEAS11,1.0,1
F06,276,1.0,0.0,7.0,XMEAS7-XMEAS11,1.0,1
F06,277,1.0,0.0,7.0,XMEAS7-XMEAS11,1.0,1
F06,278,1.0,0.0,7.0,XMEAS7-XMEAS11,1.0,1
F06,279,1.0,0.0,7.0,XMEAS7-XMEAS11,1.0,1
F06,280,1.0,0.0,7.0,XMEAS7-XMEAS11,1.0,1
F06,281,1.0,0.0,7.0,XMEAS7-XMEAS11,1.0,1
F06,282,1.0,0.0,7.0,XMEAS7-XMEAS11,1.0,1
F06,283,1.0,0.0,7.0,XMEAS7-XMEAS11,1.0,1
F06,284,1.0,0.0,7.0,XMEAS7-XMEAS11,1.0,1
F06,285,1.0,0.0,7.0,XMEAS7-XMEAS11,1.0,1
F06,286,1.0,0.0,7.0,XMEAS7-XMEAS11,1.0,1
F06,287,1.0,0.0,7.0,XMEAS7-XMEAS11,1.0,1
F06,288,1.0,0.0,7.0,XMEAS7-XMEAS11,1.0,1
F06,289,1.0,0.0,7.0,XMEAS7-XMEAS11,1.0,1
F06,290,1.0,0.0,7.0,XMEAS7-XMEAS11,1.0,1
F06,291,1.0,0.0,7.0,XMEAS7-XMEAS11,1.0,1
F06,292,1.0,0.0,7.0,XMEAS7-XMEAS11,1.0,1
F06,293,1.0,0.0,7.0,XMEAS7-XMEAS11,1.0,1
F06,294,1.0,0.0,7.0,XMEAS7-XMEAS11,1.0,1
F06,295,1.0,0.0,7.0,XMEAS7-XMEAS11,1.0,1
F06,296,1.0,0.0,7.0,XMEAS7-XMEAS11,1.0,1
F06,297,1.0,0.0,7.0,XMEAS7-XMEAS11,1.0,1
F06,298,1.0,0.0,7.0,XMEAS7-XMEAS11,1.0,1
F06,299,1.0,0.0,7.0,XMEAS7-XMEAS11,1.0,1
F06,300,1.0,0.0,7.0,XMEAS7-XMEAS11,1.0,1
F06,301,1.0,0.0,7.0,XMEAS7-XMEAS11,1.0,1
F06,302,1.0,0.0,7.0,XMEAS7-XMEAS11,1.0,1
F06,303,1.0,0.0,7.0,XMEAS7-XMEAS11,1.0,1
F06,304,1.0,0.0,7.0,XMEAS7-XMEAS11,1.0,1
F06,305,1.0,0.0,7.0,XMEAS7-XMEAS11,1.0,1
F06,306,1.0,0.0,7.0,XMEAS7-XMEAS11,1.0,1
F06,307,1.0,0.0,7.0,XMEAS7-XMEAS11,1.0,1
F06,308,1.0,0.0,7.0,XMEAS7-XMEAS11,1.0,1
F06,309,1.0,0.0,7.0,XMEAS7-XMEAS11,1.0,1
F06,310,1.0,0.0,7.0,XMEAS7-XMEAS11,1.0,1
F06,311,1.0,0.0,7.0,XMEAS7-XMEAS11,1.0,1
F06,312,1.0,0.0,7.0,XMEAS7-XMEAS11,1.0,1
F06,313,1.0,0.0,7.0,XMEAS7-XMEAS11,1.0,1
F06,314,1.0,0.0,7.0,XMEAS7-XMEAS11,1.0,1
F06,315,1.0,0.0,7.0,XMEAS7-XMEAS11,1.0,1
F06,316,1.0,0.0,7.0,XMEAS7-XMEAS11,1.0,1
F06,317,1.0,0.0,7.0,XMEAS7-XMEAS11,1.0,1
F06,318,1.0,0.0,7.0,XMEAS7-XMEAS11,1.0,1
F06,319,1.0,0.0,7.0,XMEAS7-XMEAS11,1.0,1
F06,320,1.0,0.0,7.0,XMEAS7-XMEAS11,1.0,1
F06,321,1.0,0.0,7.0,XMEAS7-XMEAS11,1.0,1
F06,322,1.0,0.0,7.0,XMEAS7-XMEAS11,1.0,1
F06,323,1.0,0.0,7.0,XMEAS7-XMEAS11,1.0,1
F06,324,1.0,0.0,7.0,XMEAS7-XMEAS11,1.0,1
F06,325,1.0,0.0,7.0,XMEAS7-XMEAS11,1.0,1
F06,326,1.0,0.0,7.0,XMEAS7-XMEAS11,1.0,1
F06,327,1.0,0.0,7.0,XMEAS7-XMEAS11,1.0,1
F06,328,1.0,0.0,7.0,XMEAS7-XMEAS11,1.0,1
F06,329,1.0,0.0,7.0,XMEAS7-XMEAS11,1.0,1
F06,330,1.0,0.0,7.0,XMEAS7-XMEAS11,1.0,1
F06,331,1.0,0.0,7.0,XMEAS7-XMEAS11,1.0,1
F06,332,1.0,0.0,7.0,XMEAS7-XMEAS11,1.0,1
F06,333,1.0,0.0,7.0,XMEAS7-XMEAS11,1.0,1
F06,334,1.0,0.0,7.0,XMEAS7-XMEAS11,1.0,1
F06,335,1.0,0.0,7.0,XMEAS7-XMEAS11,1.0,1
F06,336,1.0,0.0,7.0,XMEAS7-XMEAS11,1.0,1
F06,337,1.0,0.0,7.0,XMEAS7-XMEAS11,1.0,1
F06,338,1.0,0.0,7.0,XMEAS7-XMEAS11,1.0,1
F06,339,1.0,0.0,7.0,XMEAS7-XMEAS11,1.0,1
F06,340,1.0,0.0,7.0,XMEAS7-XMEAS11,1.0,1
F06,341,1.0,0.0,7.0,XMEAS7-XMEAS11,1.0,1
F06,342,1.0,0.0,7.0,XMEAS7-XMEAS11,1.0,1
F06,343,1.0,0.0,7.0,XMEAS7-XMEAS11,1.0,1
F06,344,1.0,0.0,7.0,XMEAS7-XMEAS11,1.0,1
F06,345,1.0,0.0,7.0,XMEAS7-XMEAS11,1.0,1
F06,346,1.0,0.0,7.0,XMEAS7-XMEAS11,1.0,1
F06,347,1.0,0.0,7.0,XMEAS7-XMEAS11,1.0,1
F06,348,1.0,0.0,7.0,XMEAS7-XMEAS11,1.0,1
F06,349,1.0,0.0,7.0,XMEAS7-XMEAS11,1.0,1
F06,350,1.0,0.0,7.0,XMEAS7-XMEAS11,1.0,1
F06,351,1.0,0.0,7.0,XMEAS7-XMEAS11,1.0,1
F06,352,1.0,0.0,7.0,XMEAS7-XMEAS11,1.0,1
F06,353,1.0,0.0,7.0,XMEAS7-XMEAS11,1.0,1
F06,354,1.0,0.0,7.0,XMEAS7-XMEAS11,1.0,1
F06,355,1.0,0.0,7.0,XMEAS7-XMEAS11,1.0,1
F06,356,1.0,0.0,7.0,XMEAS7-XMEAS11,1.0,1
F06,357,1.0,0.0,7.0,XMEAS7-XMEAS11,1.0,1
F06,358,1.0,0.0,7.0,XMEAS7-XMEAS11,1.0,1
F06,359,1.0,0.0,7.0,XMEAS7-XMEAS11,1.0,1
F06,360,1.0,0.0,7.0,XMEAS7-XMEAS11,1.0,1
F06,361,1.0,0.0,7.0,XMEAS7-XMEAS11,1.0,1
F06,362,1.0,0.0,7.0,XMEAS7-XMEAS11,1.0,1
F06,363,1.0,0.0,7.0,XMEAS7-XMEAS11,1.0,1
F06,364,1.0,0.0,7.0,XMEAS7-XMEAS11,1.0,1
F06,365,1.0,0.0,7.0,XMEAS7-XMEAS11,1.0,1
F06,366,1.0,0.0,7.0,XMEAS7-XMEAS11,1.0,1
F06,367,1.0,0.0,7.0,XMEAS7-XMEAS11,1.0,1
F06,368,1.0,0.0,7.0,XMEAS7-XMEAS11,1.0,1
F06,369,1.0,0.0,7.0,XMEAS7-XMEAS11,1.0,1
F06,370,1.0,0.0,7.0,XMEAS7-XMEAS11,1.0,1
F06,371,1.0,0.0,7.0,XMEAS7-XMEAS11,1.0,1
F06,372,1.0,0.0,7.0,XMEAS7-XMEAS11,1.0,1
F06,373,1.0,0.0,7.0,XMEAS7-XMEAS11,1.0,1
F06,374,1.0,0.0,7.0,XMEAS7-XMEAS11,1.0,1
F06,375,1.0,0.0,7.0,XMEAS7-XMEAS11,1.0,1
F06,376,1.0,0.0,7.0,XMEAS7-XMEAS11,1.0,1
F06,377,1.0,0.0,7.0,XMEAS7-XMEAS11,1.0,1
F06,378,1.0,0.0,7.0,XMEAS7-XMEAS11,1.0,1
F06,379,1.0,0.0,7.0,XMEAS7-XMEAS11,1.0,1
F06,380,1.0,0.0,7.0,XMEAS7-XMEAS11,1.0,1
F06,381,1.0,0.0,7.0,XMEAS7-XMEAS11,1.0,1
F06,382,1.0,0.0,7.0,XMEAS7-XMEAS11,1.0,1
F06,383,1.0,0.0,7.0,XMEAS7-XMEAS11,1.0,1
F06,384,1.0,0.0,7.0,XMEAS7-XMEAS11,1.0,1
F06,385,1.0,0.0,7.0,XMEAS7-XMEAS11,1.0,1
F06,386,1.0,0.0,7.0,XMEAS7-XMEAS11,1.0,1
F06,387,1.0,0.0,7.0,XMEAS7-XMEAS11,1.0,1
F06,388,1.0,0.0,7.0,XMEAS7-XMEAS11,1.0,1
F06,389,1.0,0.0,7.0,XMEAS7-XMEAS11,1.0,1
F06,390,1.0,0.0,7.0,XMEAS7-XMEAS11,1.0,1
F06,391,1.0,0.0,7.0,XMEAS7-XMEAS11,1.0,1
F06,392,1.0,0.0,7.0,XMEAS7-XMEAS11,1.0,1
F06,393,1.0,0.0,7.0,XMEAS7-XMEAS11,1.0,1
F06,394,1.0,0.0,7.0,XMEAS7-XMEAS11,1.0,1
F06,395,1.0,0.0,7.0,XMEAS7-XMEAS11,1.0,1
F06,396,1.0,0.0,7.0,XMEAS7-XMEAS11,1.0,1
F06,397,1.0,0.0,7.0,XMEAS7-XMEAS11,1.0,1
F06,398,1.0,0.0,7.0,XMEAS7-XMEAS11,1.0,1
F06,399,1.0,0.0,7.0,XMEAS7-XMEAS11,1.0,1
F06,400,1.0,0.0,7.0,XMEAS7-XMEAS11,1.0,1
F06,401,1.0,0.0,7.0,XMEAS7-XMEAS11,1.0,1
F06,402,1.0,0.0,7.0,XMEAS7-XMEAS11,1.0,1
F06,403,1.0,0.0,7.0,XMEAS7-XMEAS11,1.0,1
F06,404,1.0,0.0,7.0,XMEAS7-XMEAS11,1.0,1
F06,405,1.0,0.0,7.0,XMEAS7-XMEAS11,1.0,1
F06,406,1.0,0.0,7.0,XMEAS7-XMEAS11,1.0,1
F06,407,1.0,0.0,7.0,XMEAS7-XMEAS11,1.0,1
F06,408,1.0,0.0,7.0,XMEAS7-XMEAS11,1.0,1
F06,409,1.0,0.0,7.0,XMEAS7-XMEAS11,1.0,1
F06,410,1.0,0.0,7.0,XMEAS7-XMEAS11,1.0,1
F06,411,1.0,0.0,7.0,XMEAS7-XMEAS11,1.0,1
F06,412,1.0,0.0,7.0,XMEAS7-XMEAS11,1.0,1
F06,413,1.0,0.0,7.0,XMEAS7-XMEAS11,1.0,1
F06,414,1.0,0.0,7.0,XMEAS7-XMEAS11,1.0,1
F06,415,1.0,0.0,7.0,XMEAS7-XMEAS11,1.0,1
F06,416,1.0,0.0,7.0,XMEAS7-XMEAS11,1.0,1
F06,417,1.0,0.0,7.0,XMEAS7-XMEAS11,1.0,1
F06,418,1.0,0.0,7.0,XMEAS7-XMEAS11,1.0,1
F06,419,1.0,0.0,7.0,XMEAS7-XMEAS11,1.0,1
F06,420,1.0,0.0,7.0,XMEAS7-XMEAS11,1.0,1
F06,421,1.0,0.0,7.0,XMEAS7-XMEAS11,1.0,1
F06,422,1.0,0.0,7.0,XMEAS7-XMEAS11,1.0,1
F06,423,1.0,0.0,7.0,XMEAS7-XMEAS11,1.0,1
F06,424,1.0,0.0,7.0,XMEAS7-XMEAS11,1.0,1
F06,425,1.0,0.0,7.0,XMEAS7-XMEAS11,1.0,1
F06,426,1.0,0.0,7.0,XMEAS7-XMEAS11,1.0,1
F06,427,1.0,0.0,7.0,XMEAS7-XMEAS11,1.0,1
F06,428,1.0,0.0,7.0,XMEAS7-XMEAS11,1.0,1
F06,429,1.0,0.0,7.0,XMEAS7-XMEAS11,1.0,1
F06,430,1.0,0.0,7.0,XMEAS7-XMEAS11,1.0,1
F06,431,1.0,0.0,7.0,XMEAS7-XMEAS11,1.0,1
F06,432,1.0,0.0,7.0,XMEAS7-XMEAS11,1.0,1
F06,433,1.0,0.0,7.0,XMEAS7-XMEAS11,1.0,1
F06,434,1.0,0.0,7.0,XMEAS7-XMEAS11,1.0,1
F06,435,1.0,0.0,7.0,XMEAS7-XMEAS11,1.0,1
F06,436,1.0,0.0,7.0,XMEAS7-XMEAS11,1.0,1
F06,437,1.0,0.0,7.0,XMEAS7-XMEAS11,1.0,1
F06,438,1.0,0.0,7.0,XMEAS7-XMEAS11,1.0,1
F06,439,0.8571428571428571,0.410116318288409,3.5,XMEAS7-XMEAS11,0.8571428571428571,2
F06,440,1.0,0.0,7.0,XMEAS7-XMEAS11,1.0,1
F06,441,1.0,0.0,7.0,XMEAS7-XMEAS11,1.0,1
F06,442,1.0,0.0,7.0,XMEAS7-XMEAS11,1.0,1
F06,443,1.0,0.0,7.0,XMEAS7-XMEAS11,1.0,1
F06,444,1.0,0.0,7.0,XMEAS7-XMEAS11,1.0,1
F06,445,1.0,0.0,7.0,XMEAS7-XMEAS11,1.0,1
F06,446,1.0,0.0,7.0,XMEAS7-XMEAS11,1.0,1
F06,447,1.0,0.0,7.0,XMEAS7-XMEAS11,1.0,1
F06,448,1.0,0.0,7.0,XMEAS7-XMEAS11,1.0,1
F06,449,1.0,0.0,7.0,XMEAS7-XMEAS11,1.0,1
F06,450,1.0,0.0,7.0,XMEAS7-XMEAS11,1.0,1
F06,451,1.0,0.0,7.0,XMEAS7-XMEAS11,1.0,1
F06,452,1.0,0.0,7.0,XMEAS7-XMEAS11,1.0,1
F06,453,1.0,0.0,7.0,XMEAS7-XMEAS11,1.0,1
F06,454,1.0,0.0,7.0,XMEAS7-XMEAS11,1.0,1
F06,455,1.0,0.0,7.0,XMEAS7-XMEAS11,1.0,1
F06,456,1.0,0.0,7.0,XMEAS7-XMEAS11,1.0,1
F06,457,1.0,0.0,7.0,XMEAS7-XMEAS11,1.0,1
F06,458,1.0,0.0,7.0,XMEAS7-XMEAS11,1.0,1
F06,459,1.0,0.0,7.0,XMEAS7-XMEAS11,1.0,1
F06,460,1.0,0.0,7.0,XMEAS7-XMEAS11,1.0,1
F06,461,1.0,0.0,7.0,XMEAS7-XMEAS11,1.0,1
F06,462,1.0,0.0,7.0,XMEAS7-XMEAS11,1.0,1
F06,463,1.0,0.0,7.0,XMEAS7-XMEAS11,1.0,1
F06,464,1.0,0.0,7.0,XMEAS7-XMEAS11,1.0,1
F06,465,1.0,0.0,7.0,XMEAS7-XMEAS11,1.0,1
F06,466,1.0,0.0,7.0,XMEAS7-XMEAS11,1.0,1
F06,467,1.0,0.0,7.0,XMEAS7-XMEAS11,1.0,1
F06,468,1.0,0.0,7.0,XMEAS7-XMEAS11,1.0,1
F06,469,1.0,0.0,7.0,XMEAS7-XMEAS11,1.0,1
F06,470,1.0,0.0,7.0,XMEAS7-XMEAS11,1.0,1
F06,471,1.0,0.0,7.0,XMEAS7-XMEAS11,1.0,1
F06,472,1.0,0.0,7.0,XMEAS7-XMEAS11,1.0,1
F06,473,1.0,0.0,7.0,XMEAS7-XMEAS11,1.0,1
F06,474,1.0,0.0,7.0,XMEAS7-XMEAS11,1.0,1
F06,475,1.0,0.0,7.0,XMEAS7-XMEAS11,1.0,1
F06,476,1.0,0.0,7.0,XMEAS7-XMEAS11,1.0,1
F06,477,1.0,0.0,7.0,XMEAS7-XMEAS11,1.0,1
F06,478,1.0,0.0,7.0,XMEAS7-XMEAS11,1.0,1
F06,479,1.0,0.0,7.0,XMEAS7-XMEAS11,1.0,1
F06,480,1.0,0.0,7.0,XMEAS7-XMEAS11,1.0,1
F06,481,1.0,0.0,7.0,XMEAS7-XMEAS11,1.0,1
F06,482,1.0,0.0,7.0,XMEAS7-XMEAS11,1.0,1
F06,483,1.0,0.0,7.0,XMEAS7-XMEAS11,1.0,1
F06,484,1.0,0.0,7.0,XMEAS7-XMEAS11,1.0,1
F06,485,1.0,0.0,7.0,XMEAS7-XMEAS11,1.0,1
F06,486,1.0,0.0,7.0,XMEAS7-XMEAS11,1.0,1
F06,487,1.0,0.0,7.0,XMEAS7-XMEAS11,1.0,1
F06,488,1.0,0.0,7.0,XMEAS7-XMEAS11,1.0,1
F06,489,1.0,0.0,7.0,XMEAS7-XMEAS11,1.0,1
F06,490,1.0,0.0,7.0,XMEAS7-XMEAS11,1.0,1
F06,491,1.0,0.0,7.0,XMEAS7-XMEAS11,1.0,1
F06,492,1.0,0.0,7.0,XMEAS7-XMEAS11,1.0,1
F06,493,1.0,0.0,7.0,XMEAS7-XMEAS11,1.0,1
F06,494,1.0,0.0,7.0,XMEAS7-XMEAS11,1.0,1
F06,495,1.0,0.0,7.0,XMEAS7-XMEAS11,1.0,1
F06,496,1.0,0.0,7.0,XMEAS7-XMEAS11,1.0,1
F06,497,1.0,0.0,7.0,XMEAS7-XMEAS11,1.0,1
F06,498,1.0,0.0,7.0,XMEAS7-XMEAS11,1.0,1
F06,499,1.0,0.0,7.0,XMEAS7-XMEAS11,1.0,1
F06,500,1.0,0.0,7.0,XMEAS7-XMEAS11,1.0,1
F07,1,0.2857142857142857,1.549826045878202,1.1666666666666667,XMEAS7-XMEAS11,0.2857142857142857,5
F07,2,0.2857142857142857,1.549826045878202,1.1666666666666667,XMEAS7-XMEAS11,0.2857142857142857,5
F07,3,0.2857142857142857,1.351783994289646,1.75,XMEAS7-XMEAS11,0.2857142857142857,4
F07,4,0.2857142857142857,1.549826045878202,1.1666666666666667,XMEAS7-XMEAS11,0.2857142857142857,5
F07,5,0.42857142857142855,1.475076311054695,1.4,XMEAS7-XMEAS11,0.42857142857142855,5
F07,6,0.42857142857142855,1.2770342594661392,1.1666666666666667,XMEAS10-XMEAS11,0.42857142857142855,4
F07,7,0.42857142857142855,1.475076311054695,1.4,XMEAS7-XMEAS11,0.42857142857142855,5
F07,8,0.2857142857142857,1.549826045878202,1.1666666666666667,XMEAS7-XMEAS11,0.2857142857142857,5
F07,9,0.2857142857142857,1.7478680974667578,1.1666666666666667,XMEAS7-XMEAS11,0.2857142857142857,6
F07,10,0.42857142857142855,1.2770342594661392,1.75,XMEAS7-XMEAS11,0.42857142857142855,4
F07,11,0.2857142857142857,1.351783994289646,1.4,XMEAS7-XMEAS11,0.2857142857142857,4
F07,12,0.42857142857142855,1.277034259466139,1.4,XMEAS10-XMEAS11,0.42857142857142855,4
F07,13,0.2857142857142857,1.549826045878202,1.4,XMEAS7-XMEAS11,0.2857142857142857,5
F07,14,0.2857142857142857,1.351783994289646,1.1666666666666667,XMEAS7-XMEAS11,0.2857142857142857,4
F07,15,0.2857142857142857,1.5498260458782016,1.1666666666666667,XMEAS7-XMEAS11,0.2857142857142857,5
F07,16,0.42857142857142855,1.2770342594661392,1.4,XMEAS7-XMEAS11,0.42857142857142855,4
F07,17,0.2857142857142857,1.7478680974667578,1.1666666666666667,XMEAS7-XMEAS11,0.2857142857142857,6
F07,18,0.42857142857142855,1.2770342594661392,1.1666666666666667,XMEAS8-XMEAS9,0.42857142857142855,4
F07,19,0.42857142857142855,1.2770342594661392,1.4,XMEAS8-XMEAS9,0.42857142857142855,4
F07,20,0.42857142857142855,1.277034259466139,1.1666666666666667,XMEAS7-XMEAS11,0.42857142857142855,4
F07,21,0.2857142857142857,1.7478680974667578,1.1666666666666667,XMEAS7-XMEAS11,0.2857142857142857,6
F07,22,0.2857142857142857,1.549826045878202,1.4,XMEAS7-XMEAS11,0.2857142857142857,5
F07,23,0.2857142857142857,1.549826045878202,1.1666666666666667,XMEAS7-XMEAS11,0.2857142857142857,5
F07,24,0.2857142857142857,1.549826045878202,1.4,XMEAS7-XMEAS11,0.2857142857142857,5
F07,25,0.2857142857142857,1.5498260458782018,1.4,XMEAS7-XMEAS11,0.2857142857142857,5
F07,26,0.2857142857142857,1.351783994289646,1.4,XMEAS7-XMEAS11,0.2857142857142857,4
F07,27,0.42857142857142855,1.277034259466139,1.75,XMEAS8-XMEAS9,0.42857142857142855,4
F07,28,0.2857142857142857,1.5498260458782016,1.4,XMEAS7-XMEAS11,0.2857142857142857,5
F07,29,0.2857142857142857,1.351783994289646,1.75,XMEAS7-XMEAS11,0.2857142857142857,4
F07,30,0.42857142857142855,1.475076311054695,1.4,XMEAS7-XMEAS11,0.42857142857142855,5
F07,31,0.2857142857142857,1.549826045878202,1.1666666666666667,XMEAS7-XMEAS11,0.2857142857142857,5
F07,32,0.2857142857142857,1.7478680974667578,1.1666666666666667,XMEAS7-XMEAS11,0.2857142857142857,6
F07,33,0.42857142857142855,1.2770342594661392,1.1666666666666667,XMEAS7-XMEAS11,0.42857142857142855,4
F07,34,0.2857142857142857,1.549826045878202,1.1666666666666667,XMEAS7-XMEAS11,0.2857142857142857,5
F07,35,0.42857142857142855,1.475076311054695,1.1666666666666667,XMEAS7-XMEAS11,0.42857142857142855,5
F07,36,0.42857142857142855,1.2770342594661392,1.4,XMEAS8-XMEAS9,0.42857142857142855,4
F07,37,0.2857142857142857,1.549826045878202,1.1666666666666667,XMEAS7-XMEAS11,0.2857142857142857,5
F07,38,0.2857142857142857,1.7478680974667578,1.1666666666666667,XMEAS7-XMEAS11,0.2857142857142857,6
F07,39,0.2857142857142857,1.549826045878202,1.1666666666666667,XMEAS7-XMEAS11,0.2857142857142857,5
F07,40,0.2857142857142857,1.7478680974667578,1.1666666666666667,XMEAS7-XMEAS11,0.2857142857142857,6
F07,41,0.2857142857142857,1.7478680974667578,1.1666666666666667,XMEAS7-XMEAS11,0.2857142857142857,6
F07,42,0.42857142857142855,1.2770342594661392,1.4,XMEAS10-XMEAS11,0.42857142857142855,4
F07,43,0.42857142857142855,1.0789922078775833,2.3333333333333335,XMEAS7-XMEAS11,0.42857142857142855,3
F07,44,0.2857142857142857,1.549826045878202,1.4,XMEAS7-XMEAS11,0.2857142857142857,5
F07,45,0.42857142857142855,1.0789922078775833,1.4,XMEAS7-XMEAS11,0.42857142857142855,3
F07,46,0.2857142857142857,1.5498260458782018,1.4,XMEAS7-XMEAS11,0.2857142857142857,5
F07,47,0.5714285714285714,1.1537419427010902,1.75,XMEAS7-XMEAS11,0.5714285714285714,4
F07,48,0.2857142857142857,1.5498260458782018,1.4,XMEAS7-XMEAS11,0.2857142857142857,5
F07,49,0.42857142857142855,1.475076311054695,1.4,XMEAS7-XMEAS11,0.42857142857142855,5
F07,50,0.2857142857142857,1.7478680974667578,1.1666666666666667,XMEAS7-XMEAS11,0.2857142857142857,6
F07,51,0.2857142857142857,1.7478680974667578,1.1666666666666667,XMEAS7-XMEAS11,0.2857142857142857,6
F07,52,0.2857142857142857,1.5498260458782016,1.4,XMEAS7-XMEAS11,0.2857142857142857,5
F07,53,0.42857142857142855,1.277034259466139,1.1666666666666667,XMEAS7-XMEAS11,0.42857142857142855,4
F07,54,0.2857142857142857,1.351783994289646,1.4,XMEAS7-XMEAS11,0.2857142857142857,4
F07,55,0.2857142857142857,1.351783994289646,1.4,XMEAS7-XMEAS11,0.2857142857142857,4
F07,56,0.42857142857142855,1.475076311054695,1.4,XMEAS7-XMEAS11,0.42857142857142855,5
F07,57,0.42857142857142855,1.2770342594661392,1.4,XMEAS8-XMEAS9,0.42857142857142855,4
F07,58,0.2857142857142857,1.549826045878202,1.1666666666666667,XMEAS7-XMEAS11,0.2857142857142857,5
F07,59,0.2857142857142857,1.549826045878202,1.1666666666666667,XMEAS7-XMEAS11,0.2857142857142857,5
F07,60,0.2857142857142857,1.5498260458782016,1.1666666666666667,XMEAS7-XMEAS11,0.2857142857142857,5
F07,61,0.2857142857142857,1.351783994289646,1.75,XMEAS7-XMEAS11,0.2857142857142857,4
F07,62,0.2857142857142857,1.7478680974667578,1.1666666666666667,XMEAS7-XMEAS11,0.2857142857142857,6
F07,63,0.2857142857142857,1.7478680974667578,1.1666666666666667,XMEAS7-XMEAS11,0.2857142857142857,6
F07,64,0.2857142857142857,1.549826045878202,1.1666666666666667,XMEAS7-XMEAS11,0.2857142857142857,5
F07,65,0.2857142857142857,1.5498260458782016,1.1666666666666667,XMEAS7-XMEAS11,0.2857142857142857,5
F07,66,0.42857142857142855,1.2770342594661392,1.4,XMEAS8-XMEAS9,0.42857142857142855,4
F07,67,0.2857142857142857,1.351783994289646,1.4,XMEAS7-XMEAS11,0.2857142857142857,4
F07,68,0.42857142857142855,1.475076311054695,1.1666666666666667,XMEAS7-XMEAS11,0.42857142857142855,5
F07,69,0.2857142857142857,1.5498260458782016,1.1666666666666667,XMEAS7-XMEAS11,0.2857142857142857,5
F07,70,0.42857142857142855,1.2770342594661392,1.1666666666666667,XMEAS8-XMEAS9,0.42857142857142855,4
F07,71,0.42857142857142855,1.475076311054695,1.4,XMEAS7-XMEAS11,0.42857142857142855,5
F07,72,0.2857142857142857,1.7478680974667578,1.1666666666666667,XMEAS7-XMEAS11,0.2857142857142857,6
F07,73,0.2857142857142857,1.7478680974667578,1.1666666666666667,XMEAS7-XMEAS11,0.2857142857142857,6
F07,74,0.2857142857142857,1.351783994289646,1.1666666666666667,XMEAS7-XMEAS11,0.2857142857142857,4
F07,75,0.42857142857142855,1.2770342594661392,1.4,XMEAS7-XMEAS11,0.42857142857142855,4
F07,76,0.2857142857142857,1.549826045878202,1.1666666666666667,XMEAS7-XMEAS11,0.2857142857142857,5
F07,77,0.5714285714285714,1.1537419427010902,1.1666666666666667,XMEAS7-XMEAS11,0.5714285714285714,4
F07,78,0.2857142857142857,1.351783994289646,1.4,XMEAS7-XMEAS11,0.2857142857142857,4
F07,79,0.42857142857142855,1.2770342594661392,1.4,XMEAS7-XMEAS11,0.42857142857142855,4
F07,80,0.42857142857142855,1.0789922078775833,1.4,XMEAS8-XMEAS10,0.42857142857142855,3
F07,81,0.2857142857142857,1.5498260458782016,1.4,XMEAS7-XMEAS11,0.2857142857142857,5
F07,82,0.2857142857142857,1.549826045878202,1.4,XMEAS7-XMEAS11,0.2857142857142857,5
F07,83,0.2857142857142857,1.549826045878202,1.1666666666666667,XMEAS7-XMEAS11,0.2857142857142857,5
F07,84,0.2857142857142857,1.5498260458782018,1.4,XMEAS7-XMEAS11,0.2857142857142857,5
F07,85,0.2857142857142857,1.7478680974667578,1.1666666666666667,XMEAS7-XMEAS11,0.2857142857142857,6
F07,86,0.42857142857142855,1.475076311054695,1.4,XMEAS7-XMEAS11,0.42857142857142855,5
F07,87,0.2857142857142857,1.7478680974667578,1.1666666666666667,XMEAS7-XMEAS11,0.2857142857142857,6
F07,88,0.5714285714285714,0.9556998911125343,1.4,XMEAS7-XMEAS11,0.5714285714285714,3
F07,89,0.2857142857142857,1.549826045878202,1.4,XMEAS7-XMEAS11,0.2857142857142857,5
F07,90,0.42857142857142855,1.475076311054695,1.4,XMEAS7-XMEAS11,0.42857142857142855,5
F07,91,0.2857142857142857,1.351783994289646,1.75,XMEAS7-XMEAS11,0.2857142857142857,4
F07,92,0.2857142857142857,1.7478680974667578,1.1666666666666667,XMEAS7-XMEAS9,0.2857142857142857,6
F07,93,0.42857142857142855,1.2770342594661392,1.4,XMEAS7-XMEAS11,0.42857142857142855,4
F07,94,0.42857142857142855,1.475076311054695,1.4,XMEAS7-XMEAS11,0.42857142857142855,5
F07,95,0.2857142857142857,1.7478680974667578,1.1666666666666667,XMEAS7-XMEAS11,0.2857142857142857,6
F07,96,0.2857142857142857,1.549826045878202,1.4,XMEAS7-XMEAS11,0.2857142857142857,5
F07,97,0.2857142857142857,1.5498260458782016,1.4,XMEAS7-XMEAS11,0.2857142857142857,5
F07,98,0.2857142857142857,1.7478680974667578,1.1666666666666667,XMEAS7-XMEAS11,0.2857142857142857,6
F07,99,0.2857142857142857,1.5498260458782016,1.4,XMEAS7-XMEAS11,0.2857142857142857,5
F07,100,0.42857142857142855,1.2770342594661392,1.4,XMEAS7-XMEAS11,0.42857142857142855,4
F07,101,0.2857142857142857,1.549826045878202,1.1666666666666667,XMEAS7-XMEAS11,0.2857142857142857,5
F07,102,0.5714285714285714,0.9556998911125343,1.75,XMEAS7-XMEAS11,0.5714285714285714,3
F07,103,0.42857142857142855,1.277034259466139,1.75,XMEAS7-XMEAS11,0.42857142857142855,4
F07,104,0.2857142857142857,1.351783994289646,1.75,XMEAS7-XMEAS11,0.2857142857142857,4
F07,105,0.42857142857142855,1.2770342594661392,1.75,XMEAS7-XMEAS11,0.42857142857142855,4
F07,106,0.2857142857142857,1.5498260458782018,1.4,XMEAS7-XMEAS11,0.2857142857142857,5
F07,107,0.2857142857142857,1.351783994289646,1.4,XMEAS7-XMEAS11,0.2857142857142857,4
F07,108,0.2857142857142857,1.5498260458782016,1.1666666666666667,XMEAS7-XMEAS11,0.2857142857142857,5
F07,109,0.2857142857142857,1.7478680974667578,1.1666666666666667,XMEAS7-XMEAS11,0.2857142857142857,6
F07,110,0.2857142857142857,1.549826045878202,1.1666666666666667,XMEAS7-XMEAS11,0.2857142857142857,5
F07,111,0.42857142857142855,1.475076311054695,1.4,XMEAS7-XMEAS11,0.42857142857142855,5
F07,112,0.2857142857142857,1.351783994289646,1.1666666666666667,XMEAS7-XMEAS11,0.2857142857142857,4
F07,113,0.2857142857142857,1.7478680974667578,1.1666666666666667,XMEAS7-XMEAS11,0.2857142857142857,6
F07,114,0.42857142857142855,1.2770342594661392,1.1666666666666667,XMEAS7-XMEAS11,0.42857142857142855,4
F07,115,0.42857142857142855,1.475076311054695,1.4,XMEAS7-XMEAS11,0.42857142857142855,5
F07,116,0.2857142857142857,1.351783994289646,1.1666666666666667,XMEAS7-XMEAS11,0.2857142857142857,4
F07,117,0.42857142857142855,1.475076311054695,1.4,XMEAS7-XMEAS11,0.42857142857142855,5
F07,118,0.2857142857142857,1.549826045878202,1.4,XMEAS7-XMEAS11,0.2857142857142857,5
F07,119,0.42857142857142855,1.2770342594661392,1.4,XMEAS7-XMEAS11,0.42857142857142855,4
F07,120,0.42857142857142855,1.2770342594661392,1.4,XMEAS9-XMEAS10,0.42857142857142855,4
F07,121,0.2857142857142857,1.7478680974667578,1.1666666666666667,XMEAS7-XMEAS11,0.2857142857142857,6
F07,122,0.2857142857142857,1.7478680974667578,1.1666666666666667,XMEAS7-XMEAS11,0.2857142857142857,6
F07,123,0.5714285714285714,1.1537419427010902,1.4,XMEAS7-XMEAS11,0.5714285714285714,4
F07,124,0.2857142857142857,1.351783994289646,1.4,XMEAS7-XMEAS11,0.2857142857142857,4
F07,125,0.2857142857142857,1.7478680974667578,1.1666666666666667,XMEAS7-XMEAS11,0.2857142857142857,6
F07,126,0.2857142857142857,1.549826045878202,1.1666666666666667,XMEAS7-XMEAS11,0.2857142857142857,5
F07,127,0.2857142857142857,1.7478680974667578,1.1666666666666667,XMEAS7-XMEAS11,0.2857142857142857,6
F07,128,0.2857142857142857,1.549826045878202,1.1666666666666667,XMEAS7-XMEAS11,0.2857142857142857,5
F07,129,0.2857142857142857,1.351783994289646,1.4,XMEAS7-XMEAS11,0.2857142857142857,4
F07,130,0.2857142857142857,1.7478680974667578,1.1666666666666667,XMEAS7-XMEAS11,0.2857142857142857,6
F07,131,0.2857142857142857,1.549826045878202,1.1666666666666667,XMEAS7-XMEAS11,0.2857142857142857,5
F07,132,0.42857142857142855,1.277034259466139,1.4,XMEAS7-XMEAS11,0.42857142857142855,4
F07,133,0.2857142857142857,1.7478680974667578,1.1666666666666667,XMEAS7-XMEAS11,0.2857142857142857,6
F07,134,0.42857142857142855,1.2770342594661392,1.4,XMEAS7-XMEAS11,0.42857142857142855,4
F07,135,0.42857142857142855,1.277034259466139,1.75,XMEAS7-XMEAS9,0.42857142857142855,4
F07,136,0.42857142857142855,1.475076311054695,1.4,XMEAS7-XMEAS11,0.42857142857142855,5
F07,137,0.2857142857142857,1.351783994289646,1.4,XMEAS7-XMEAS11,0.2857142857142857,4
F07,138,0.42857142857142855,1.475076311054695,1.4,XMEAS7-XMEAS11,0.42857142857142855,5
F07,139,0.42857142857142855,1.277034259466139,1.75,XMEAS7-XMEAS11,0.42857142857142855,4
F07,140,0.42857142857142855,1.2770342594661392,1.75,XMEAS7-XMEAS11,0.42857142857142855,4
F07,141,0.2857142857142857,1.7478680974667578,1.1666666666666667,XMEAS7-XMEAS11,0.2857142857142857,6
F07,142,0.2857142857142857,1.549826045878202,1.1666666666666667,XMEAS7-XMEAS11,0.2857142857142857,5
F07,143,0.2857142857142857,1.549826045878202,1.4,XMEAS7-XMEAS11,0.2857142857142857,5
F07,144,0.42857142857142855,1.2770342594661392,1.75,XMEAS7-XMEAS11,0.42857142857142855,4
F07,145,0.2857142857142857,1.7478680974667578,1.1666666666666667,XMEAS7-XMEAS11,0.2857142857142857,6
F07,146,0.5714285714285714,1.1537419427010902,1.4,XMEAS7-XMEAS11,0.5714285714285714,4
F07,147,0.2857142857142857,1.5498260458782016,1.4,XMEAS7-XMEAS11,0.2857142857142857,5
F07,148,0.42857142857142855,1.2770342594661392,1.4,XMEAS8-XMEAS9,0.42857142857142855,4
F07,149,0.42857142857142855,1.2770342594661392,1.4,XMEAS10-XMEAS11,0.42857142857142855,4
F07,150,0.42857142857142855,1.277034259466139,1.75,XMEAS7-XMEAS11,0.42857142857142855,4
F07,151,0.42857142857142855,1.2770342594661392,1.75,XMEAS7-XMEAS11,0.42857142857142855,4
F07,152,0.2857142857142857,1.549826045878202,1.1666666666666667,XMEAS7-XMEAS11,0.2857142857142857,5
F07,153,0.2857142857142857,1.351783994289646,1.4,XMEAS7-XMEAS11,0.2857142857142857,4
F07,154,0.2857142857142857,1.7478680974667578,1.1666666666666667,XMEAS7-XMEAS11,0.2857142857142857,6
F07,155,0.2857142857142857,1.7478680974667578,1.1666666666666667,XMEAS7-XMEAS11,0.2857142857142857,6
F07,156,0.42857142857142855,1.475076311054695,1.4,XMEAS7-XMEAS11,0.42857142857142855,5
F07,157,0.2857142857142857,1.549826045878202,1.1666666666666667,XMEAS7-XMEAS11,0.2857142857142857,5
F07,158,0.42857142857142855,1.475076311054695,1.4,XMEAS7-XMEAS11,0.42857142857142855,5
F07,159,0.42857142857142855,1.277034259466139,1.4,XMEAS7-XMEAS11,0.42857142857142855,4
F07,160,0.2857142857142857,1.351783994289646,1.4,XMEAS7-XMEAS11,0.2857142857142857,4
F07,161,0.5714285714285714,1.1537419427010902,1.4,XMEAS7-XMEAS11,0.5714285714285714,4
F07,162,0.42857142857142855,1.2770342594661392,1.4,XMEAS7-XMEAS11,0.42857142857142855,4
F07,163,0.42857142857142855,1.277034259466139,1.75,XMEAS7-XMEAS11,0.42857142857142855,4
F07,164,0.2857142857142857,1.7478680974667578,1.1666666666666667,XMEAS7-XMEAS11,0.2857142857142857,6
F07,165,0.2857142857142857,1.5498260458782016,1.1666666666666667,XMEAS7-XMEAS11,0.2857142857142857,5
F07,166,0.42857142857142855,1.2770342594661392,1.4,XMEAS7-XMEAS11,0.42857142857142855,4
F07,167,0.2857142857142857,1.351783994289646,1.1666666666666667,XMEAS7-XMEAS11,0.2857142857142857,4
F07,168,0.2857142857142857,1.5498260458782016,1.4,XMEAS7-XMEAS11,0.2857142857142857,5
F07,169,0.2857142857142857,1.7478680974667578,1.1666666666666667,XMEAS7-XMEAS11,0.2857142857142857,6
F07,170,0.2857142857142857,1.549826045878202,1.1666666666666667,XMEAS7-XMEAS11,0.2857142857142857,5
F07,171,0.2857142857142857,1.351783994289646,1.1666666666666667,XMEAS7-XMEAS11,0.2857142857142857,4
F07,172,0.42857142857142855,1.0042424730540764,2.3333333333333335,XMEAS7-XMEAS11,0.42857142857142855,3
F07,173,0.42857142857142855,1.0042424730540764,1.75,XMEAS7-XMEAS11,0.42857142857142855,3
F07,174,0.42857142857142855,1.2770342594661392,1.75,XMEAS7-XMEAS11,0.42857142857142855,4
F07,175,0.2857142857142857,1.351783994289646,1.4,XMEAS7-XMEAS11,0.2857142857142857,4
F07,176,0.2857142857142857,1.7478680974667578,1.1666666666666667,XMEAS7-XMEAS11,0.2857142857142857,6
F07,177,0.2857142857142857,1.5498260458782016,1.4,XMEAS7-XMEAS11,0.2857142857142857,5
F07,178,0.2857142857142857,1.351783994289646,1.1666666666666667,XMEAS7-XMEAS11,0.2857142857142857,4
F07,179,0.2857142857142857,1.5498260458782016,1.4,XMEAS7-XMEAS11,0.2857142857142857,5
F07,180,0.42857142857142855,1.2770342594661392,1.75,XMEAS7-XMEAS11,0.42857142857142855,4
F07,181,0.2857142857142857,1.549826045878202,1.1666666666666667,XMEAS7-XMEAS11,0.2857142857142857,5
F07,182,0.42857142857142855,1.277034259466139,1.4,XMEAS8-XMEAS9,0.42857142857142855,4
F07,183,0.2857142857142857,1.549826045878202,1.4,XMEAS7-XMEAS11,0.2857142857142857,5
F07,184,0.2857142857142857,1.549826045878202,1.1666666666666667,XMEAS7-XMEAS11,0.2857142857142857,5
F07,185,0.2857142857142857,1.549826045878202,1.1666666666666667,XMEAS7-XMEAS11,0.2857142857142857,5
F07,186,0.42857142857142855,1.475076311054695,1.1666666666666667,XMEAS7-XMEAS11,0.42857142857142855,5
F07,187,0.42857142857142855,1.475076311054695,1.4,XMEAS7-XMEAS11,0.42857142857142855,5
F07,188,0.2857142857142857,1.549826045878202,1.1666666666666667,XMEAS7-XMEAS11,0.2857142857142857,5
F07,189,0.42857142857142855,1.0789922078775833,1.4,XMEAS8-XMEAS10,0.42857142857142855,3
F07,190,0.2857142857142857,1.549826045878202,1.1666666666666667,XMEAS7-XMEAS11,0.2857142857142857,5
F07,191,0.42857142857142855,1.277034259466139,1.4,XMEAS7-XMEAS11,0.42857142857142855,4
F07,192,0.2857142857142857,1.549826045878202,1.4,XMEAS7-XMEAS11,0.2857142857142857,5
F07,193,0.42857142857142855,1.475076311054695,1.4,XMEAS7-XMEAS11,0.42857142857142855,5
F07,194,0.42857142857142855,1.0042424730540764,1.75,XMEAS7-XMEAS11,0.42857142857142855,3
F07,195,0.2857142857142857,1.549826045878202,1.4,XMEAS7-XMEAS11,0.2857142857142857,5
F07,196,0.42857142857142855,1.277034259466139,1.4,XMEAS7-XMEAS11,0.42857142857142855,4
F07,197,0.2857142857142857,1.7478680974667578,1.1666666666666667,XMEAS7-XMEAS11,0.2857142857142857,6
F07,198,0.42857142857142855,1.475076311054695,1.4,XMEAS7-XMEAS11,0.42857142857142855,5
F07,199,0.5714285714285714,0.9556998911125343,1.75,XMEAS7-XMEAS11,0.5714285714285714,3
F07,200,0.2857142857142857,1.5498260458782016,1.1666666666666667,XMEAS8-XMEAS9,0.2857142857142857,5
F07,201,0.42857142857142855,1.2770342594661392,1.4,XMEAS7-XMEAS11,0.42857142857142855,4
F07,202,0.2857142857142857,1.549826045878202,1.4,XMEAS7-XMEAS11,0.2857142857142857,5
F07,203,0.2857142857142857,1.7478680974667578,1.1666666666666667,XMEAS7-XMEAS11,0.2857142857142857,6
F07,204,0.2857142857142857,1.549826045878202,1.1666666666666667,XMEAS7-XMEAS11,0.2857142857142857,5
F07,205,0.42857142857142855,1.2770342594661392,1.75,XMEAS7-XMEAS11,0.42857142857142855,4
F07,206,0.2857142857142857,1.5498260458782018,1.4,XMEAS7-XMEAS11,0.2857142857142857,5
F07,207,0.2857142857142857,1.351783994289646,1.75,XMEAS7-XMEAS11,0.2857142857142857,4
F07,208,0.2857142857142857,1.351783994289646,1.1666666666666667,XMEAS7-XMEAS11,0.2857142857142857,4
F07,209,0.2857142857142857,1.5498260458782016,1.4,XMEAS7-XMEAS11,0.2857142857142857,5
F07,210,0.2857142857142857,1.5498260458782018,1.4,XMEAS7-XMEAS11,0.2857142857142857,5
F07,211,0.2857142857142857,1.549826045878202,1.1666666666666667,XMEAS7-XMEAS11,0.2857142857142857,5
F07,212,0.42857142857142855,1.2770342594661392,1.75,XMEAS7-XMEAS11,0.42857142857142855,4
F07,213,0.42857142857142855,1.2770342594661392,1.75,XMEAS7-XMEAS11,0.42857142857142855,4
F07,214,0.2857142857142857,1.5498260458782016,1.1666666666666667,XMEAS7-XMEAS11,0.2857142857142857,5
F07,215,0.2857142857142857,1.549826045878202,1.1666666666666667,XMEAS7-XMEAS11,0.2857142857142857,5
F07,216,0.2857142857142857,1.549826045878202,1.1666666666666667,XMEAS7-XMEAS11,0.2857142857142857,5
F07,217,0.2857142857142857,1.549826045878202,1.1666666666666667,XMEAS7-XMEAS11,0.2857142857142857,5
F07,218,0.2857142857142857,1.7478680974667578,1.1666666666666667,XMEAS7-XMEAS11,0.2857142857142857,6
F07,219,0.2857142857142857,1.549826045878202,1.1666666666666667,XMEAS7-XMEAS11,0.2857142857142857,5
F07,220,0.2857142857142857,1.7478680974667578,1.1666666666666667,XMEAS7-XMEAS11,0.2857142857142857,6
F07,221,0.2857142857142857,1.7478680974667578,1.1666666666666667,XMEAS7-XMEAS11,0.2857142857142857,6
F07,222,0.2857142857142857,1.351783994289646,1.1666666666666667,XMEAS7-XMEAS11,0.2857142857142857,4
F07,223,0.42857142857142855,1.475076311054695,1.4,XMEAS7-XMEAS11,0.42857142857142855,5
F07,224,0.2857142857142857,1.549826045878202,1.4,XMEAS7-XMEAS11,0.2857142857142857,5
F07,225,0.2857142857142857,1.351783994289646,1.4,XMEAS7-XMEAS11,0.2857142857142857,4
F07,226,0.2857142857142857,1.549826045878202,1.1666666666666667,XMEAS7-XMEAS11,0.2857142857142857,5
F07,227,0.2857142857142857,1.549826045878202,1.4,XMEAS7-XMEAS11,0.2857142857142857,5
F07,228,0.2857142857142857,1.351783994289646,1.1666666666666667,XMEAS7-XMEAS11,0.2857142857142857,4
F07,229,0.2857142857142857,1.549826045878202,1.1666666666666667,XMEAS7-XMEAS11,0.2857142857142857,5
F07,230,0.42857142857142855,1.0789922078775833,1.75,XMEAS7-XMEAS11,0.42857142857142855,3
F07,231,0.2857142857142857,1.549826045878202,1.1666666666666667,XMEAS7-XMEAS11,0.2857142857142857,5
F07,232,0.42857142857142855,1.0789922078775833,1.75,XMEAS7-XMEAS11,0.42857142857142855,3
F07,233,0.5714285714285714,0.9556998911125343,2.3333333333333335,XMEAS7-XMEAS11,0.5714285714285714,3
F07,234,0.2857142857142857,1.7478680974667578,1.1666666666666667,XMEAS7-XMEAS11,0.2857142857142857,6
F07,235,0.2857142857142857,1.7478680974667578,1.1666666666666667,XMEAS7-XMEAS11,0.2857142857142857,6
F07,236,0.2857142857142857,1.351783994289646,1.1666666666666667,XMEAS7-XMEAS11,0.2857142857142857,4
F07,237,0.2857142857142857,1.549826045878202,1.1666666666666667,XMEAS7-XMEAS11,0.2857142857142857,5
F07,238,0.2857142857142857,1.7478680974667578,1.1666666666666667,XMEAS7-XMEAS11,0.2857142857142857,6
F07,239,0.2857142857142857,1.549826045878202,1.1666666666666667,XMEAS7-XMEAS11,0.2857142857142857,5
F07,240,0.2857142857142857,1.7478680974667578,1.1666666666666667,XMEAS7-XMEAS11,0.2857142857142857,6
F07,241,0.2857142857142857,1.351783994289646,1.1666666666666667,XMEAS7-XMEAS11,0.2857142857142857,4
F07,242,0.2857142857142857,1.7478680974667578,1.1666666666666667,XMEAS7-XMEAS11,0.2857142857142857,6
F07,243,0.42857142857142855,1.475076311054695,1.1666666666666667,XMEAS7-XMEAS11,0.42857142857142855,5
F07,244,0.2857142857142857,1.7478680974667578,1.1666666666666667,XMEAS7-XMEAS11,0.2857142857142857,6
F07,245,0.42857142857142855,1.475076311054695,1.4,XMEAS7-XMEAS11,0.42857142857142855,5
F07,246,0.42857142857142855,1.0789922078775833,1.4,XMEAS8-XMEAS11,0.42857142857142855,3
F07,247,0.2857142857142857,1.549826045878202,1.1666666666666667,XMEAS7-XMEAS11,0.2857142857142857,5
F07,248,0.2857142857142857,1.549826045878202,1.4,XMEAS7-XMEAS11,0.2857142857142857,5
F07,249,0.42857142857142855,1.2770342594661392,1.4,XMEAS8-XMEAS9,0.42857142857142855,4
F07,250,0.42857142857142855,1.475076311054695,1.4,XMEAS7-XMEAS11,0.42857142857142855,5
F07,251,0.42857142857142855,1.277034259466139,1.4,XMEAS8-XMEAS10,0.42857142857142855,4
F07,252,0.2857142857142857,1.351783994289646,1.1666666666666667,XMEAS7-XMEAS11,0.2857142857142857,4
F07,253,0.2857142857142857,1.5498260458782018,1.0,XMEAS8-XMEAS9,0.2857142857142857,5
F07,254,0.2857142857142857,1.7478680974667578,1.1666666666666667,XMEAS7-XMEAS11,0.2857142857142857,6
F07,255,0.2857142857142857,1.7478680974667578,1.1666666666666667,XMEAS7-XMEAS11,0.2857142857142857,6
F07,256,0.42857142857142855,1.277034259466139,1.75,XMEAS8-XMEAS9,0.42857142857142855,4
F07,257,0.2857142857142857,1.7478680974667578,1.0,XMEAS7-XMEAS11,0.2857142857142857,6
F07,258,0.2857142857142857,1.5498260458782016,1.4,XMEAS7-XMEAS11,0.2857142857142857,5
F07,259,0.42857142857142855,1.0789922078775833,2.3333333333333335,XMEAS7-XMEAS11,0.42857142857142855,3
F07,260,0.2857142857142857,1.351783994289646,1.1666666666666667,XMEAS7-XMEAS11,0.2857142857142857,4
F07,261,0.2857142857142857,1.7478680974667578,1.1666666666666667,XMEAS7-XMEAS11,0.2857142857142857,6
F07,262,0.2857142857142857,1.5498260458782016,1.1666666666666667,XMEAS7-XMEAS11,0.2857142857142857,5
F07,263,0.2857142857142857,1.7478680974667578,1.0,XMEAS7-XMEAS11,0.2857142857142857,6
F07,264,0.2857142857142857,1.351783994289646,1.75,XMEAS7-XMEAS11,0.2857142857142857,4
F07,265,0.2857142857142857,1.549826045878202,1.1666666666666667,XMEAS7-XMEAS11,0.2857142857142857,5
F07,266,0.2857142857142857,1.5498260458782016,1.1666666666666667,XMEAS7-XMEAS11,0.2857142857142857,5
F07,267,0.42857142857142855,1.277034259466139,1.75,XMEAS7-XMEAS11,0.42857142857142855,4
F07,268,0.42857142857142855,1.2770342594661392,1.4,XMEAS7-XMEAS11,0.42857142857142855,4
F07,269,0.42857142857142855,1.277034259466139,1.4,XMEAS7-XMEAS11,0.42857142857142855,4
F07,270,0.42857142857142855,1.2770342594661392,1.75,XMEAS7-XMEAS11,0.42857142857142855,4
F07,271,0.42857142857142855,1.2770342594661392,1.1666666666666667,XMEAS9-XMEAS11,0.42857142857142855,4
F07,272,0.2857142857142857,1.549826045878202,1.4,XMEAS7-XMEAS11,0.2857142857142857,5
F07,273,0.42857142857142855,1.475076311054695,1.4,XMEAS7-XMEAS11,0.42857142857142855,5
F07,274,0.2857142857142857,1.7478680974667578,1.1666666666666667,XMEAS7-XMEAS11,0.2857142857142857,6
F07,275,0.42857142857142855,1.0789922078775833,1.4,XMEAS7-XMEAS11,0.42857142857142855,3
F07,276,0.42857142857142855,1.2770342594661392,1.75,XMEAS7-XMEAS11,0.42857142857142855,4
F07,277,0.2857142857142857,1.5498260458782016,1.4,XMEAS7-XMEAS11,0.2857142857142857,5
F07,278,0.2857142857142857,1.549826045878202,1.1666666666666667,XMEAS7-XMEAS11,0.2857142857142857,5
F07,279,0.2857142857142857,1.5498260458782018,1.4,XMEAS7-XMEAS11,0.2857142857142857,5
F07,280,0.2857142857142857,1.7478680974667578,1.1666666666666667,XMEAS7-XMEAS11,0.2857142857142857,6
F07,281,0.2857142857142857,1.549826045878202,1.1666666666666667,XMEAS7-XMEAS11,0.2857142857142857,5
F07,282,0.2857142857142857,1.5498260458782018,1.4,XMEAS7-XMEAS11,0.2857142857142857,5
F07,283,0.42857142857142855,1.0789922078775833,1.4,XMEAS7-XMEAS11,0.42857142857142855,3
F07,284,0.2857142857142857,1.549826045878202,1.1666666666666667,XMEAS7-XMEAS11,0.2857142857142857,5
F07,285,0.5714285714285714,1.1537419427010902,1.4,XMEAS7-XMEAS11,0.5714285714285714,4
F07,286,0.2857142857142857,1.5498260458782016,1.4,XMEAS7-XMEAS11,0.2857142857142857,5
F07,287,0.42857142857142855,1.0042424730540764,1.75,XMEAS7-XMEAS11,0.42857142857142855,3
F07,288,0.42857142857142855,1.475076311054695,1.1666666666666667,XMEAS7-XMEAS11,0.42857142857142855,5
F07,289,0.2857142857142857,1.351783994289646,1.1666666666666667,XMEAS7-XMEAS11,0.2857142857142857,4
F07,290,0.2857142857142857,1.5498260458782016,1.4,XMEAS7-XMEAS11,0.2857142857142857,5
F07,291,0.2857142857142857,1.549826045878202,1.4,XMEAS7-XMEAS11,0.2857142857142857,5
F07,292,0.2857142857142857,1.7478680974667578,1.1666666666666667,XMEAS7-XMEAS11,0.2857142857142857,6
F07,293,0.42857142857142855,1.277034259466139,1.75,XMEAS7-XMEAS11,0.42857142857142855,4
F07,294,0.42857142857142855,1.475076311054695,1.4,XMEAS7-XMEAS11,0.42857142857142855,5
F07,295,0.42857142857142855,1.2770342594661392,1.4,XMEAS8-XMEAS11,0.42857142857142855,4
F07,296,0.42857142857142855,1.2770342594661392,1.4,XMEAS8-XMEAS9,0.42857142857142855,4
F07,297,0.42857142857142855,1.2770342594661392,1.1666666666666667,XMEAS8-XMEAS9,0.42857142857142855,4
F07,298,0.2857142857142857,1.7478680974667578,1.1666666666666667,XMEAS7-XMEAS11,0.2857142857142857,6
F07,299,0.2857142857142857,1.351783994289646,1.4,XMEAS7-XMEAS11,0.2857142857142857,4
F07,300,0.2857142857142857,1.351783994289646,1.4,XMEAS7-XMEAS11,0.2857142857142857,4
F07,301,0.2857142857142857,1.5498260458782018,1.4,XMEAS7-XMEAS11,0.2857142857142857,5
F07,302,0.2857142857142857,1.549826045878202,1.1666666666666667,XMEAS7-XMEAS11,0.2857142857142857,5
F07,303,0.2857142857142857,1.5498260458782018,1.4,XMEAS7-XMEAS11,0.2857142857142857,5
F07,304,0.2857142857142857,1.549826045878202,1.1666666666666667,XMEAS7-XMEAS11,0.2857142857142857,5
F07,305,0.2857142857142857,1.7478680974667578,1.1666666666666667,XMEAS7-XMEAS11,0.2857142857142857,6
F07,306,0.2857142857142857,1.5498260458782018,1.4,XMEAS7-XMEAS11,0.2857142857142857,5
F07,307,0.42857142857142855,1.475076311054695,1.4,XMEAS7-XMEAS11,0.42857142857142855,5
F07,308,0.42857142857142855,1.475076311054695,1.4,XMEAS7-XMEAS11,0.42857142857142855,5
F07,309,0.42857142857142855,1.2770342594661392,1.4,XMEAS7-XMEAS11,0.42857142857142855,4
F07,310,0.2857142857142857,1.549826045878202,1.1666666666666667,XMEAS7-XMEAS11,0.2857142857142857,5
F07,311,0.5714285714285714,0.9556998911125343,1.75,XMEAS8-XMEAS9,0.5714285714285714,3
F07,312,0.2857142857142857,1.549826045878202,1.1666666666666667,XMEAS7-XMEAS11,0.2857142857142857,5
F07,313,0.42857142857142855,1.2770342594661392,1.75,XMEAS7-XMEAS11,0.42857142857142855,4
F07,314,0.5714285714285714,0.9556998911125343,1.75,XMEAS8-XMEAS9,0.5714285714285714,3
F07,315,0.2857142857142857,1.549826045878202,1.1666666666666667,XMEAS7-XMEAS11,0.2857142857142857,5
F07,316,0.2857142857142857,1.549826045878202,1.1666666666666667,XMEAS7-XMEAS11,0.2857142857142857,5
F07,317,0.2857142857142857,1.549826045878202,1.1666666666666667,XMEAS7-XMEAS11,0.2857142857142857,5
F07,318,0.2857142857142857,1.7478680974667578,1.1666666666666667,XMEAS7-XMEAS11,0.2857142857142857,6
F07,319,0.2857142857142857,1.549826045878202,1.4,XMEAS7-XMEAS11,0.2857142857142857,5
F07,320,0.2857142857142857,1.5498260458782016,1.1666666666666667,XMEAS7-XMEAS11,0.2857142857142857,5
F07,321,0.2857142857142857,1.5498260458782018,1.4,XMEAS7-XMEAS11,0.2857142857142857,5
F07,322,0.42857142857142855,1.2770342594661392,1.4,XMEAS7-XMEAS8,0.42857142857142855,4
F07,323,0.42857142857142855,1.277034259466139,1.75,XMEAS7-XMEAS8,0.42857142857142855,4
F07,324,0.2857142857142857,1.351783994289646,1.75,XMEAS7-XMEAS11,0.2857142857142857,4
F07,325,0.5714285714285714,0.9556998911125343,2.3333333333333335,XMEAS7-XMEAS11,0.5714285714285714,3
F07,326,0.2857142857142857,1.549826045878202,1.1666666666666667,XMEAS7-XMEAS11,0.2857142857142857,5
F07,327,0.42857142857142855,1.277034259466139,1.0,XMEAS8-XMEAS9,0.42857142857142855,4
F07,328,0.42857142857142855,1.0042424730540764,1.75,XMEAS7-XMEAS11,0.42857142857142855,3
F07,329,0.2857142857142857,1.7478680974667578,1.1666666666666667,XMEAS7-XMEAS11,0.2857142857142857,6
F07,330,0.5714285714285714,0.9556998911125343,1.75,XMEAS8-XMEAS9,0.5714285714285714,3
F07,331,0.2857142857142857,1.351783994289646,1.4,XMEAS7-XMEAS11,0.2857142857142857,4
F07,332,0.42857142857142855,1.277034259466139,1.4,XMEAS9-XMEAS10,0.42857142857142855,4
F07,333,0.2857142857142857,1.549826045878202,1.1666666666666667,XMEAS7-XMEAS11,0.2857142857142857,5
F07,334,0.2857142857142857,1.351783994289646,1.1666666666666667,XMEAS7-XMEAS11,0.2857142857142857,4
F07,335,0.2857142857142857,1.7478680974667578,1.1666666666666667,XMEAS7-XMEAS11,0.2857142857142857,6
F07,336,0.2857142857142857,1.7478680974667578,1.1666666666666667,XMEAS7-XMEAS11,0.2857142857142857,6
F07,337,0.2857142857142857,1.5498260458782016,1.1666666666666667,XMEAS7-XMEAS11,0.2857142857142857,5
F07,338,0.2857142857142857,1.7478680974667578,1.1666666666666667,XMEAS7-XMEAS11,0.2857142857142857,6
F07,339,0.42857142857142855,1.277034259466139,1.1666666666666667,XMEAS7-XMEAS11,0.42857142857142855,4
F07,340,0.42857142857142855,1.475076311054695,1.4,XMEAS7-XMEAS11,0.42857142857142855,5
F07,341,0.2857142857142857,1.5498260458782018,1.4,XMEAS7-XMEAS11,0.2857142857142857,5
F07,342,0.2857142857142857,1.351783994289646,1.75,XMEAS7-XMEAS11,0.2857142857142857,4
F07,343,0.42857142857142855,1.277034259466139,1.75,XMEAS7-XMEAS11,0.42857142857142855,4
F07,344,0.42857142857142855,1.2770342594661392,1.75,XMEAS7-XMEAS11,0.42857142857142855,4
F07,345,0.2857142857142857,1.7478680974667578,1.1666666666666667,XMEAS7-XMEAS11,0.2857142857142857,6
F07,346,0.2857142857142857,1.549826045878202,1.1666666666666667,XMEAS7-XMEAS11,0.2857142857142857,5
F07,347,0.2857142857142857,1.5498260458782018,1.4,XMEAS7-XMEAS11,0.2857142857142857,5
F07,348,0.42857142857142855,1.475076311054695,1.4,XMEAS7-XMEAS11,0.42857142857142855,5
F07,349,0.42857142857142855,1.475076311054695,1.4,XMEAS7-XMEAS11,0.42857142857142855,5
F07,350,0.42857142857142855,1.2770342594661392,1.4,XMEAS7-XMEAS11,0.42857142857142855,4
F07,351,0.2857142857142857,1.351783994289646,1.4,XMEAS7-XMEAS11,0.2857142857142857,4
F07,352,0.42857142857142855,1.2770342594661392,1.4,XMEAS7-XMEAS11,0.42857142857142855,4
F07,353,0.2857142857142857,1.549826045878202,1.1666666666666667,XMEAS7-XMEAS11,0.2857142857142857,5
F07,354,0.42857142857142855,1.2770342594661392,1.75,XMEAS7-XMEAS11,0.42857142857142855,4
F07,355,0.42857142857142855,1.475076311054695,1.1666666666666667,XMEAS7-XMEAS11,0.42857142857142855,5
F07,356,0.42857142857142855,1.2770342594661392,1.4,XMEAS10-XMEAS11,0.42857142857142855,4
F07,357,0.42857142857142855,1.2770342594661392,1.4,XMEAS8-XMEAS9,0.42857142857142855,4
F07,358,0.2857142857142857,1.549826045878202,1.1666666666666667,XMEAS7-XMEAS11,0.2857142857142857,5
F07,359,0.2857142857142857,1.549826045878202,1.4,XMEAS7-XMEAS11,0.2857142857142857,5
F07,360,0.42857142857142855,1.475076311054695,1.4,XMEAS7-XMEAS11,0.42857142857142855,5
F07,361,0.2857142857142857,1.7478680974667578,1.1666666666666667,XMEAS7-XMEAS11,0.2857142857142857,6
F07,362,0.5714285714285714,0.9556998911125343,1.4,XMEAS7-XMEAS11,0.5714285714285714,3
F07,363,0.2857142857142857,1.7478680974667578,1.1666666666666667,XMEAS7-XMEAS11,0.2857142857142857,6
F07,364,0.2857142857142857,1.351783994289646,1.1666666666666667,XMEAS7-XMEAS11,0.2857142857142857,4
F07,365,0.42857142857142855,1.475076311054695,1.4,XMEAS7-XMEAS11,0.42857142857142855,5
F07,366,0.2857142857142857,1.351783994289646,1.4,XMEAS7-XMEAS11,0.2857142857142857,4
F07,367,0.42857142857142855,1.2770342594661392,1.4,XMEAS7-XMEAS11,0.42857142857142855,4
F07,368,0.2857142857142857,1.5498260458782018,1.4,XMEAS7-XMEAS11,0.2857142857142857,5
F07,369,0.2857142857142857,1.351783994289646,1.4,XMEAS7-XMEAS11,0.2857142857142857,4
F07,370,0.2857142857142857,1.7478680974667578,1.1666666666666667,XMEAS8-XMEAS9,0.2857142857142857,6
F07,371,0.2857142857142857,1.549826045878202,1.1666666666666667,XMEAS7-XMEAS11,0.2857142857142857,5
F07,372,0.42857142857142855,1.2770342594661392,1.4,XMEAS8-XMEAS9,0.42857142857142855,4
F07,373,0.2857142857142857,1.5498260458782018,1.4,XMEAS7-XMEAS11,0.2857142857142857,5
F07,374,0.42857142857142855,1.277034259466139,1.75,XMEAS8-XMEAS9,0.42857142857142855,4
F07,375,0.2857142857142857,1.351783994289646,1.4,XMEAS7-XMEAS11,0.2857142857142857,4
F07,376,0.2857142857142857,1.549826045878202,1.4,XMEAS7-XMEAS11,0.2857142857142857,5
F07,377,0.2857142857142857,1.7478680974667578,1.1666666666666667,XMEAS7-XMEAS11,0.2857142857142857,6
F07,378,0.2857142857142857,1.5498260458782016,1.0,XMEAS8-XMEAS10,0.2857142857142857,5
F07,379,0.7142857142857143,0.7963116401738131,1.75,XMEAS7-XMEAS11,0.7142857142857143,3
F07,380,0.2857142857142857,1.549826045878202,1.1666666666666667,XMEAS7-XMEAS11,0.2857142857142857,5
F07,381,0.42857142857142855,1.475076311054695,1.4,XMEAS7-XMEAS11,0.42857142857142855,5
F07,382,0.42857142857142855,1.2770342594661392,1.1666666666666667,XMEAS7-XMEAS9,0.42857142857142855,4
F07,383,0.42857142857142855,1.2770342594661392,1.4,XMEAS7-XMEAS11,0.42857142857142855,4
F07,384,0.2857142857142857,1.351783994289646,1.75,XMEAS7-XMEAS11,0.2857142857142857,4
F07,385,0.5714285714285714,1.1537419427010902,1.75,XMEAS7-XMEAS11,0.5714285714285714,4
F07,386,0.42857142857142855,1.2770342594661392,1.4,XMEAS8-XMEAS9,0.42857142857142855,4
F07,387,0.2857142857142857,1.549826045878202,1.1666666666666667,XMEAS7-XMEAS11,0.2857142857142857,5
F07,388,0.2857142857142857,1.351783994289646,1.75,XMEAS7-XMEAS11,0.2857142857142857,4
F07,389,0.2857142857142857,1.549826045878202,1.1666666666666667,XMEAS7-XMEAS11,0.2857142857142857,5
F07,390,0.42857142857142855,1.277034259466139,1.4,XMEAS7-XMEAS11,0.42857142857142855,4
F07,391,0.2857142857142857,1.351783994289646,1.4,XMEAS7-XMEAS11,0.2857142857142857,4
F07,392,0.42857142857142855,1.475076311054695,1.4,XMEAS7-XMEAS11,0.42857142857142855,5
F07,393,0.42857142857142855,1.2770342594661392,1.75,XMEAS7-XMEAS11,0.42857142857142855,4
F07,394,0.42857142857142855,1.277034259466139,1.75,XMEAS7-XMEAS11,0.42857142857142855,4
F07,395,0.2857142857142857,1.7478680974667578,1.1666666666666667,XMEAS7-XMEAS11,0.2857142857142857,6
F07,396,0.2857142857142857,1.351783994289646,1.1666666666666667,XMEAS7-XMEAS11,0.2857142857142857,4
F07,397,0.2857142857142857,1.549826045878202,1.4,XMEAS7-XMEAS11,0.2857142857142857,5
F07,398,0.2857142857142857,1.549826045878202,1.4,XMEAS7-XMEAS11,0.2857142857142857,5
F07,399,0.2857142857142857,1.7478680974667578,1.1666666666666667,XMEAS7-XMEAS11,0.2857142857142857,6
F07,400,0.42857142857142855,1.277034259466139,1.75,XMEAS8-XMEAS10,0.42857142857142855,4
F07,401,0.42857142857142855,1.0789922078775833,1.4,XMEAS8-XMEAS9,0.42857142857142855,3
F07,402,0.42857142857142855,1.475076311054695,1.1666666666666667,XMEAS7-XMEAS11,0.42857142857142855,5
F07,403,0.2857142857142857,1.549826045878202,1.4,XMEAS7-XMEAS11,0.2857142857142857,5
F07,404,0.2857142857142857,1.7478680974667578,1.1666666666666667,XMEAS7-XMEAS11,0.2857142857142857,6
F07,405,0.42857142857142855,1.277034259466139,1.4,XMEAS7-XMEAS11,0.42857142857142855,4
F07,406,0.42857142857142855,1.475076311054695,1.4,XMEAS7-XMEAS11,0.42857142857142855,5
F07,407,0.42857142857142855,1.0042424730540764,2.3333333333333335,XMEAS7-XMEAS11,0.42857142857142855,3
F07,408,0.42857142857142855,1.2770342594661392,1.75,XMEAS7-XMEAS11,0.42857142857142855,4
F07,409,0.42857142857142855,1.2770342594661392,1.4,XMEAS7-XMEAS11,0.42857142857142855,4
F07,410,0.42857142857142855,1.475076311054695,1.4,XMEAS7-XMEAS11,0.42857142857142855,5
F07,411,0.2857142857142857,1.351783994289646,1.1666666666666667,XMEAS7-XMEAS11,0.2857142857142857,4
F07,412,0.2857142857142857,1.549826045878202,1.1666666666666667,XMEAS7-XMEAS11,0.2857142857142857,5
F07,413,0.5714285714285714,0.9556998911125343,1.75,XMEAS7-XMEAS11,0.5714285714285714,3
F07,414,0.2857142857142857,1.549826045878202,1.4,XMEAS7-XMEAS11,0.2857142857142857,5
F07,415,0.42857142857142855,1.277034259466139,1.4,XMEAS8-XMEAS9,0.42857142857142855,4
F07,416,0.2857142857142857,1.549826045878202,1.1666666666666667,XMEAS7-XMEAS11,0.2857142857142857,5
F07,417,0.42857142857142855,1.475076311054695,1.4,XMEAS7-XMEAS11,0.42857142857142855,5
F07,418,0.2857142857142857,1.351783994289646,1.4,XMEAS7-XMEAS11,0.2857142857142857,4
F07,419,0.42857142857142855,1.0042424730540764,1.4,XMEAS7-XMEAS11,0.42857142857142855,3
F07,420,0.2857142857142857,1.7478680974667578,1.1666666666666667,XMEAS8-XMEAS9,0.2857142857142857,6
F07,421,0.2857142857142857,1.549826045878202,1.1666666666666667,XMEAS7-XMEAS11,0.2857142857142857,5
F07,422,0.42857142857142855,1.2770342594661392,1.75,XMEAS7-XMEAS11,0.42857142857142855,4
F07,423,0.2857142857142857,1.7478680974667578,1.1666666666666667,XMEAS7-XMEAS11,0.2857142857142857,6
F07,424,0.2857142857142857,1.549826045878202,1.4,XMEAS7-XMEAS11,0.2857142857142857,5
F07,425,0.2857142857142857,1.5498260458782018,1.4,XMEAS7-XMEAS11,0.2857142857142857,5
F07,426,0.2857142857142857,1.351783994289646,1.1666666666666667,XMEAS7-XMEAS11,0.2857142857142857,4
F07,427,0.2857142857142857,1.549826045878202,1.1666666666666667,XMEAS7-XMEAS11,0.2857142857142857,5
F07,428,0.2857142857142857,1.351783994289646,1.1666666666666667,XMEAS7-XMEAS11,0.2857142857142857,4
F07,429,0.2857142857142857,1.549826045878202,1.1666666666666667,XMEAS7-XMEAS11,0.2857142857142857,5
F07,430,0.42857142857142855,1.475076311054695,1.4,XMEAS7-XMEAS11,0.42857142857142855,5
F07,431,0.42857142857142855,1.2770342594661392,1.4,XMEAS7-XMEAS11,0.42857142857142855,4
F07,432,0.42857142857142855,1.277034259466139,1.4,XMEAS7-XMEAS11,0.42857142857142855,4
F07,433,0.2857142857142857,1.549826045878202,1.4,XMEAS7-XMEAS11,0.2857142857142857,5
F07,434,0.42857142857142855,1.2770342594661392,1.75,XMEAS7-XMEAS11,0.42857142857142855,4
F07,435,0.2857142857142857,1.7478680974667578,1.0,XMEAS8-XMEAS10,0.2857142857142857,6
F07,436,0.2857142857142857,1.351783994289646,1.75,XMEAS7-XMEAS11,0.2857142857142857,4
F07,437,0.42857142857142855,1.475076311054695,1.4,XMEAS7-XMEAS11,0.42857142857142855,5
F07,438,0.42857142857142855,1.2770342594661392,1.4,XMEAS8-XMEAS10,0.42857142857142855,4
F07,439,0.2857142857142857,1.549826045878202,1.0,XMEAS7-XMEAS11,0.2857142857142857,5
F07,440,0.2857142857142857,1.351783994289646,1.1666666666666667,XMEAS7-XMEAS11,0.2857142857142857,4
F07,441,0.2857142857142857,1.5498260458782018,1.4,XMEAS7-XMEAS11,0.2857142857142857,5
F07,442,0.2857142857142857,1.7478680974667578,1.1666666666666667,XMEAS7-XMEAS11,0.2857142857142857,6
F07,443,0.2857142857142857,1.549826045878202,1.4,XMEAS7-XMEAS11,0.2857142857142857,5
F07,444,0.42857142857142855,1.2770342594661392,1.75,XMEAS7-XMEAS11,0.42857142857142855,4
F07,445,0.2857142857142857,1.7478680974667578,1.1666666666666667,XMEAS7-XMEAS11,0.2857142857142857,6
F07,446,0.42857142857142855,1.277034259466139,1.4,XMEAS8-XMEAS9,0.42857142857142855,4
F07,447,0.2857142857142857,1.351783994289646,1.1666666666666667,XMEAS7-XMEAS11,0.2857142857142857,4
F07,448,0.2857142857142857,1.7478680974667578,1.1666666666666667,XMEAS7-XMEAS11,0.2857142857142857,6
F07,449,0.42857142857142855,1.2770342594661392,1.4,XMEAS8-XMEAS9,0.42857142857142855,4
F07,450,0.42857142857142855,1.475076311054695,1.4,XMEAS7-XMEAS11,0.42857142857142855,5
F07,451,0.42857142857142855,1.277034259466139,1.75,XMEAS7-XMEAS11,0.42857142857142855,4
F07,452,0.42857142857142855,1.475076311054695,1.1666666666666667,XMEAS7-XMEAS11,0.42857142857142855,5
F07,453,0.2857142857142857,1.549826045878202,1.1666666666666667,XMEAS7-XMEAS11,0.2857142857142857,5
F07,454,0.42857142857142855,1.475076311054695,1.4,XMEAS7-XMEAS11,0.42857142857142855,5
F07,455,0.2857142857142857,1.549826045878202,1.1666666666666667,XMEAS7-XMEAS11,0.2857142857142857,5
F07,456,0.42857142857142855,1.277034259466139,1.4,XMEAS10-XMEAS11,0.42857142857142855,4
F07,457,0.42857142857142855,1.2770342594661392,1.4,XMEAS8-XMEAS9,0.42857142857142855,4
F07,458,0.2857142857142857,1.549826045878202,1.1666666666666667,XMEAS7-XMEAS11,0.2857142857142857,5
F07,459,0.42857142857142855,1.475076311054695,1.4,XMEAS7-XMEAS11,0.42857142857142855,5
F07,460,0.42857142857142855,1.2770342594661392,1.1666666666666667,XMEAS7-XMEAS11,0.42857142857142855,4
F07,461,0.2857142857142857,1.549826045878202,1.1666666666666667,XMEAS7-XMEAS11,0.2857142857142857,5
F07,462,0.2857142857142857,1.351783994289646,1.4,XMEAS7-XMEAS11,0.2857142857142857,4
F07,463,0.2857142857142857,1.5498260458782018,1.4,XMEAS7-XMEAS11,0.2857142857142857,5
F07,464,0.42857142857142855,1.277034259466139,1.75,XMEAS7-XMEAS11,0.42857142857142855,4
F07,465,0.2857142857142857,1.549826045878202,1.1666666666666667,XMEAS7-XMEAS11,0.2857142857142857,5
F07,466,0.2857142857142857,1.549826045878202,1.1666666666666667,XMEAS7-XMEAS11,0.2857142857142857,5
F07,467,0.2857142857142857,1.351783994289646,1.4,XMEAS7-XMEAS11,0.2857142857142857,4
F07,468,0.42857142857142855,1.475076311054695,1.4,XMEAS7-XMEAS11,0.42857142857142855,5
F07,469,0.42857142857142855,1.2770342594661392,1.4,XMEAS7-XMEAS11,0.42857142857142855,4
F07,470,0.2857142857142857,1.549826045878202,1.1666666666666667,XMEAS7-XMEAS11,0.2857142857142857,5
F07,471,0.42857142857142855,1.2770342594661392,1.75,XMEAS7-XMEAS11,0.42857142857142855,4
F07,472,0.2857142857142857,1.549826045878202,1.4,XMEAS7-XMEAS11,0.2857142857142857,5
F07,473,0.42857142857142855,1.475076311054695,1.4,XMEAS7-XMEAS11,0.42857142857142855,5
F07,474,0.42857142857142855,1.277034259466139,1.75,XMEAS8-XMEAS9,0.42857142857142855,4
F07,475,0.42857142857142855,1.277034259466139,1.75,XMEAS10-XMEAS11,0.42857142857142855,4
F07,476,0.2857142857142857,1.5498260458782016,1.4,XMEAS7-XMEAS11,0.2857142857142857,5
F07,477,0.42857142857142855,1.475076311054695,1.4,XMEAS7-XMEAS11,0.42857142857142855,5
F07,478,0.2857142857142857,1.549826045878202,1.1666666666666667,XMEAS7-XMEAS11,0.2857142857142857,5
F07,479,0.2857142857142857,1.7478680974667578,1.1666666666666667,XMEAS7-XMEAS11,0.2857142857142857,6
F07,480,0.42857142857142855,1.0042424730540764,1.1666666666666667,XMEAS7-XMEAS11,0.42857142857142855,3
F07,481,0.2857142857142857,1.549826045878202,1.1666666666666667,XMEAS7-XMEAS11,0.2857142857142857,5
F07,482,0.2857142857142857,1.5498260458782016,1.1666666666666667,XMEAS7-XMEAS11,0.2857142857142857,5
F07,483,0.42857142857142855,1.0789922078775833,1.1666666666666667,XMEAS9-XMEAS10,0.42857142857142855,3
F07,484,0.2857142857142857,1.5498260458782018,1.4,XMEAS7-XMEAS11,0.2857142857142857,5
F07,485,0.2857142857142857,1.5498260458782018,1.4,XMEAS7-XMEAS11,0.2857142857142857,5
F07,486,0.2857142857142857,1.7478680974667578,1.1666666666666667,XMEAS7-XMEAS11,0.2857142857142857,6
F07,487,0.2857142857142857,1.549826045878202,1.4,XMEAS7-XMEAS11,0.2857142857142857,5
F07,488,0.42857142857142855,1.475076311054695,1.4,XMEAS7-XMEAS11,0.42857142857142855,5
F07,489,0.2857142857142857,1.7478680974667578,1.1666666666666667,XMEAS7-XMEAS11,0.2857142857142857,6
F07,490,0.2857142857142857,1.549826045878202,1.1666666666666667,XMEAS7-XMEAS11,0.2857142857142857,5
F07,491,0.2857142857142857,1.549826045878202,1.4,XMEAS7-XMEAS11,0.2857142857142857,5
F07,492,0.5714285714285714,0.6829081047004717,1.75,XMEAS8-XMEAS9,0.5714285714285714,2
F07,493,0.2857142857142857,1.549826045878202,1.1666666666666667,XMEAS7-XMEAS11,0.2857142857142857,5
F07,494,0.42857142857142855,1.475076311054695,1.4,XMEAS7-XMEAS11,0.42857142857142855,5
F07,495,0.2857142857142857,1.7478680974667578,1.1666666666666667,XMEAS7-XMEAS11,0.2857142857142857,6
F07,496,0.7142857142857143,0.5982695885852573,3.5,XMEAS8-XMEAS9,0.7142857142857143,2
F07,497,0.2857142857142857,1.549826045878202,1.4,XMEAS7-XMEAS11,0.2857142857142857,5
F07,498,0.2857142857142857,1.549826045878202,1.1666666666666667,XMEAS7-XMEAS11,0.2857142857142857,5
F07,499,0.42857142857142855,1.475076311054695,1.4,XMEAS7-XMEAS11,0.42857142857142855,5
F07,500,0.42857142857142855,1.2770342594661392,1.4,XMEAS7-XMEAS11,0.42857142857142855,4
F08,1,1.0,0.0,7.0,XMEAS7-XMEAS11,1.0,1
F08,2,1.0,0.0,7.0,XMEAS7-XMEAS11,1.0,1
F08,3,1.0,0.0,7.0,XMEAS7-XMEAS11,1.0,1
F08,4,1.0,0.0,7.0,XMEAS7-XMEAS11,1.0,1
F08,5,1.0,0.0,7.0,XMEAS7-XMEAS11,1.0,1
F08,6,1.0,0.0,7.0,XMEAS7-XMEAS11,1.0,1
F08,7,1.0,0.0,7.0,XMEAS7-XMEAS11,1.0,1
F08,8,1.0,0.0,7.0,XMEAS7-XMEAS11,1.0,1
F08,9,1.0,0.0,7.0,XMEAS7-XMEAS11,1.0,1
F08,10,1.0,0.0,7.0,XMEAS7-XMEAS11,1.0,1
F08,11,1.0,0.0,7.0,XMEAS7-XMEAS11,1.0,1
F08,12,1.0,0.0,7.0,XMEAS7-XMEAS11,1.0,1
F08,13,1.0,0.0,7.0,XMEAS7-XMEAS11,1.0,1
F08,14,1.0,0.0,7.0,XMEAS7-XMEAS11,1.0,1
F08,15,1.0,0.0,7.0,XMEAS7-XMEAS11,1.0,1
F08,16,1.0,0.0,7.0,XMEAS7-XMEAS11,1.0,1
F08,17,1.0,0.0,7.0,XMEAS7-XMEAS11,1.0,1
F08,18,1.0,0.0,7.0,XMEAS7-XMEAS11,1.0,1
F08,19,1.0,0.0,7.0,XMEAS7-XMEAS11,1.0,1
F08,20,1.0,0.0,7.0,XMEAS7-XMEAS11,1.0,1
F08,21,1.0,0.0,7.0,XMEAS7-XMEAS11,1.0,1
F08,22,1.0,0.0,7.0,XMEAS7-XMEAS11,1.0,1
F08,23,1.0,0.0,7.0,XMEAS7-XMEAS11,1.0,1
F08,24,1.0,0.0,7.0,XMEAS7-XMEAS11,1.0,1
F08,25,1.0,0.0,7.0,XMEAS7-XMEAS11,1.0,1
F08,26,1.0,0.0,7.0,XMEAS7-XMEAS11,1.0,1
F08,27,1.0,0.0,7.0,XMEAS7-XMEAS11,1.0,1
F08,28,1.0,0.0,7.0,XMEAS7-XMEAS11,1.0,1
F08,29,1.0,0.0,7.0,XMEAS7-XMEAS11,1.0,1
F08,30,1.0,0.0,7.0,XMEAS7-XMEAS11,1.0,1
F08,31,1.0,0.0,7.0,XMEAS7-XMEAS11,1.0,1
F08,32,1.0,0.0,7.0,XMEAS7-XMEAS11,1.0,1
F08,33,1.0,0.0,7.0,XMEAS7-XMEAS11,1.0,1
F08,34,1.0,0.0,7.0,XMEAS7-XMEAS11,1.0,1
F08,35,1.0,0.0,7.0,XMEAS7-XMEAS11,1.0,1
F08,36,1.0,0.0,7.0,XMEAS7-XMEAS11,1.0,1
F08,37,1.0,0.0,7.0,XMEAS7-XMEAS11,1.0,1
F08,38,1.0,0.0,7.0,XMEAS7-XMEAS11,1.0,1
F08,39,1.0,0.0,7.0,XMEAS7-XMEAS11,1.0,1
F08,40,1.0,0.0,7.0,XMEAS7-XMEAS11,1.0,1
F08,41,1.0,0.0,7.0,XMEAS7-XMEAS11,1.0,1
F08,42,1.0,0.0,7.0,XMEAS7-XMEAS11,1.0,1
F08,43,1.0,0.0,7.0,XMEAS7-XMEAS11,1.0,1
F08,44,1.0,0.0,7.0,XMEAS7-XMEAS11,1.0,1
F08,45,1.0,0.0,7.0,XMEAS7-XMEAS11,1.0,1
F08,46,1.0,0.0,7.0,XMEAS7-XMEAS11,1.0,1
F08,47,1.0,0.0,7.0,XMEAS7-XMEAS11,1.0,1
F08,48,1.0,0.0,7.0,XMEAS7-XMEAS11,1.0,1
F08,49,1.0,0.0,7.0,XMEAS7-XMEAS11,1.0,1
F08,50,1.0,0.0,7.0,XMEAS7-XMEAS11,1.0,1
F08,51,0.8571428571428571,0.410116318288409,3.5,XMEAS7-XMEAS11,0.8571428571428571,2
F08,52,1.0,0.0,7.0,XMEAS7-XMEAS11,1.0,1
F08,53,1.0,0.0,7.0,XMEAS7-XMEAS11,1.0,1
F08,54,1.0,0.0,7.0,XMEAS7-XMEAS11,1.0,1
F08,55,1.0,0.0,7.0,XMEAS7-XMEAS11,1.0,1
F08,56,1.0,0.0,7.0,XMEAS7-XMEAS11,1.0,1
F08,57,1.0,0.0,7.0,XMEAS7-XMEAS11,1.0,1
F08,58,1.0,0.0,7.0,XMEAS7-XMEAS11,1.0,1
F08,59,1.0,0.0,7.0,XMEAS7-XMEAS11,1.0,1
F08,60,1.0,0.0,7.0,XMEAS7-XMEAS11,1.0,1
F08,61,1.0,0.0,7.0,XMEAS7-XMEAS11,1.0,1
F08,62,1.0,0.0,7.0,XMEAS7-XMEAS11,1.0,1
F08,63,1.0,0.0,7.0,XMEAS7-XMEAS11,1.0,1
F08,64,1.0,0.0,7.0,XMEAS7-XMEAS11,1.0,1
F08,65,1.0,0.0,7.0,XMEAS7-XMEAS11,1.0,1
F08,66,1.0,0.0,7.0,XMEAS7-XMEAS11,1.0,1
F08,67,1.0,0.0,7.0,XMEAS7-XMEAS11,1.0,1
F08,68,1.0,0.0,7.0,XMEAS7-XMEAS11,1.0,1
F08,69,0.8571428571428571,0.410116318288409,2.3333333333333335,XMEAS7-XMEAS11,0.8571428571428571,2
F08,70,1.0,0.0,7.0,XMEAS7-XMEAS11,1.0,1
F08,71,1.0,0.0,7.0,XMEAS7-XMEAS11,1.0,1
F08,72,1.0,0.0,7.0,XMEAS7-XMEAS11,1.0,1
F08,73,1.0,0.0,7.0,XMEAS7-XMEAS11,1.0,1
F08,74,1.0,0.0,7.0,XMEAS7-XMEAS11,1.0,1
F08,75,1.0,0.0,7.0,XMEAS7-XMEAS11,1.0,1
F08,76,1.0,0.0,7.0,XMEAS7-XMEAS11,1.0,1
F08,77,1.0,0.0,7.0,XMEAS7-XMEAS11,1.0,1
F08,78,1.0,0.0,7.0,XMEAS7-XMEAS11,1.0,1
F08,79,1.0,0.0,7.0,XMEAS7-XMEAS11,1.0,1
F08,80,1.0,0.0,7.0,XMEAS7-XMEAS11,1.0,1
F08,81,1.0,0.0,7.0,XMEAS7-XMEAS11,1.0,1
F08,82,1.0,0.0,7.0,XMEAS7-XMEAS11,1.0,1
F08,83,1.0,0.0,7.0,XMEAS7-XMEAS11,1.0,1
F08,84,1.0,0.0,7.0,XMEAS7-XMEAS11,1.0,1
F08,85,1.0,0.0,7.0,XMEAS7-XMEAS11,1.0,1
F08,86,1.0,0.0,7.0,XMEAS7-XMEAS11,1.0,1
F08,87,1.0,0.0,7.0,XMEAS7-XMEAS11,1.0,1
F08,88,1.0,0.0,7.0,XMEAS7-XMEAS11,1.0,1
F08,89,1.0,0.0,7.0,XMEAS7-XMEAS11,1.0,1
F08,90,1.0,0.0,7.0,XMEAS7-XMEAS11,1.0,1
F08,91,1.0,0.0,7.0,XMEAS7-XMEAS11,1.0,1
F08,92,1.0,0.0,7.0,XMEAS7-XMEAS11,1.0,1
F08,93,1.0,0.0,7.0,XMEAS7-XMEAS11,1.0,1
F08,94,1.0,0.0,7.0,XMEAS7-XMEAS11,1.0,1
F08,95,1.0,0.0,7.0,XMEAS7-XMEAS11,1.0,1
F08,96,1.0,0.0,7.0,XMEAS7-XMEAS11,1.0,1
F08,97,1.0,0.0,7.0,XMEAS7-XMEAS11,1.0,1
F08,98,1.0,0.0,7.0,XMEAS7-XMEAS11,1.0,1
F08,99,1.0,0.0,7.0,XMEAS7-XMEAS11,1.0,1
F08,100,1.0,0.0,7.0,XMEAS7-XMEAS11,1.0,1
F08,101,1.0,0.0,7.0,XMEAS7-XMEAS11,1.0,1
F08,102,1.0,0.0,7.0,XMEAS7-XMEAS11,1.0,1
F08,103,1.0,0.0,7.0,XMEAS7-XMEAS11,1.0,1
F08,104,1.0,0.0,7.0,XMEAS7-XMEAS11,1.0,1
F08,105,1.0,0.0,7.0,XMEAS7-XMEAS11,1.0,1
F08,106,0.8571428571428571,0.410116318288409,3.5,XMEAS7-XMEAS11,0.8571428571428571,2
F08,107,1.0,0.0,7.0,XMEAS7-XMEAS11,1.0,1
F08,108,1.0,0.0,7.0,XMEAS7-XMEAS11,1.0,1
F08,109,1.0,0.0,7.0,XMEAS7-XMEAS11,1.0,1
F08,110,1.0,0.0,7.0,XMEAS7-XMEAS11,1.0,1
F08,111,1.0,0.0,7.0,XMEAS7-XMEAS11,1.0,1
F08,112,1.0,0.0,7.0,XMEAS7-XMEAS11,1.0,1
F08,113,1.0,0.0,7.0,XMEAS7-XMEAS11,1.0,1
F08,114,1.0,0.0,7.0,XMEAS7-XMEAS11,1.0,1
F08,115,1.0,0.0,7.0,XMEAS7-XMEAS11,1.0,1
F08,116,1.0,0.0,7.0,XMEAS7-XMEAS11,1.0,1
F08,117,1.0,0.0,7.0,XMEAS7-XMEAS11,1.0,1
F08,118,1.0,0.0,7.0,XMEAS7-XMEAS11,1.0,1
F08,119,1.0,0.0,7.0,XMEAS7-XMEAS11,1.0,1
F08,120,1.0,0.0,7.0,XMEAS7-XMEAS11,1.0,1
F08,121,1.0,0.0,7.0,XMEAS7-XMEAS11,1.0,1
F08,122,1.0,0.0,7.0,XMEAS7-XMEAS11,1.0,1
F08,123,0.8571428571428571,0.410116318288409,2.3333333333333335,XMEAS7-XMEAS11,0.8571428571428571,2
F08,124,1.0,0.0,7.0,XMEAS7-XMEAS11,1.0,1
F08,125,1.0,0.0,7.0,XMEAS7-XMEAS11,1.0,1
F08,126,1.0,0.0,7.0,XMEAS7-XMEAS11,1.0,1
F08,127,1.0,0.0,7.0,XMEAS7-XMEAS11,1.0,1
F08,128,1.0,0.0,7.0,XMEAS7-XMEAS11,1.0,1
F08,129,1.0,0.0,7.0,XMEAS7-XMEAS11,1.0,1
F08,130,0.8571428571428571,0.410116318288409,3.5,XMEAS7-XMEAS11,0.8571428571428571,2
F08,131,1.0,0.0,7.0,XMEAS7-XMEAS11,1.0,1
F08,132,1.0,0.0,7.0,XMEAS7-XMEAS11,1.0,1
F08,133,1.0,0.0,7.0,XMEAS7-XMEAS11,1.0,1
F08,134,1.0,0.0,7.0,XMEAS7-XMEAS11,1.0,1
F08,135,1.0,0.0,7.0,XMEAS7-XMEAS11,1.0,1
F08,136,1.0,0.0,7.0,XMEAS7-XMEAS11,1.0,1
F08,137,1.0,0.0,7.0,XMEAS7-XMEAS11,1.0,1
F08,138,1.0,0.0,7.0,XMEAS7-XMEAS11,1.0,1
F08,139,0.8571428571428571,0.410116318288409,3.5,XMEAS7-XMEAS11,0.8571428571428571,2
F08,140,1.0,0.0,7.0,XMEAS7-XMEAS11,1.0,1
F08,141,1.0,0.0,7.0,XMEAS7-XMEAS11,1.0,1
F08,142,1.0,0.0,7.0,XMEAS7-XMEAS11,1.0,1
F08,143,1.0,0.0,7.0,XMEAS7-XMEAS11,1.0,1
F08,144,1.0,0.0,7.0,XMEAS7-XMEAS11,1.0,1
F08,145,0.7142857142857143,0.7963116401738131,1.75,XMEAS7-XMEAS11,0.7142857142857143,3
F08,146,1.0,0.0,7.0,XMEAS7-XMEAS11,1.0,1
F08,147,0.8571428571428571,0.410116318288409,2.3333333333333335,XMEAS7-XMEAS11,0.8571428571428571,2
F08,148,1.0,0.0,7.0,XMEAS7-XMEAS11,1.0,1
F08,149,1.0,0.0,7.0,XMEAS7-XMEAS11,1.0,1
F08,150,1.0,0.0,7.0,XMEAS7-XMEAS11,1.0,1
F08,151,1.0,0.0,7.0,XMEAS7-XMEAS11,1.0,1
F08,152,1.0,0.0,7.0,XMEAS7-XMEAS11,1.0,1
F08,153,0.8571428571428571,0.410116318288409,2.3333333333333335,XMEAS7-XMEAS11,0.8571428571428571,2
F08,154,1.0,0.0,7.0,XMEAS7-XMEAS11,1.0,1
F08,155,1.0,0.0,7.0,XMEAS7-XMEAS11,1.0,1
F08,156,1.0,0.0,7.0,XMEAS7-XMEAS11,1.0,1
F08,157,1.0,0.0,7.0,XMEAS7-XMEAS11,1.0,1
F08,158,1.0,0.0,7.0,XMEAS7-XMEAS11,1.0,1
F08,159,1.0,0.0,7.0,XMEAS7-XMEAS11,1.0,1
F08,160,1.0,0.0,7.0,XMEAS7-XMEAS11,1.0,1
F08,161,1.0,0.0,7.0,XMEAS7-XMEAS11,1.0,1
F08,162,1.0,0.0,7.0,XMEAS7-XMEAS11,1.0,1
F08,163,1.0,0.0,7.0,XMEAS7-XMEAS11,1.0,1
F08,164,1.0,0.0,7.0,XMEAS7-XMEAS11,1.0,1
F08,165,1.0,0.0,7.0,XMEAS7-XMEAS11,1.0,1
F08,166,1.0,0.0,7.0,XMEAS7-XMEAS11,1.0,1
F08,167,1.0,0.0,7.0,XMEAS7-XMEAS11,1.0,1
F08,168,1.0,0.0,7.0,XMEAS7-XMEAS11,1.0,1
F08,169,1.0,0.0,7.0,XMEAS7-XMEAS11,1.0,1
F08,170,1.0,0.0,7.0,XMEAS7-XMEAS11,1.0,1
F08,171,1.0,0.0,7.0,XMEAS7-XMEAS11,1.0,1
F08,172,1.0,0.0,7.0,XMEAS7-XMEAS11,1.0,1
F08,173,1.0,0.0,7.0,XMEAS7-XMEAS11,1.0,1
F08,174,1.0,0.0,7.0,XMEAS7-XMEAS11,1.0,1
F08,175,1.0,0.0,7.0,XMEAS7-XMEAS11,1.0,1
F08,176,1.0,0.0,7.0,XMEAS7-XMEAS11,1.0,1
F08,177,1.0,0.0,7.0,XMEAS7-XMEAS11,1.0,1
F08,178,1.0,0.0,7.0,XMEAS7-XMEAS11,1.0,1
F08,179,1.0,0.0,7.0,XMEAS7-XMEAS11,1.0,1
F08,180,1.0,0.0,7.0,XMEAS7-XMEAS11,1.0,1
F08,181,1.0,0.0,7.0,XMEAS7-XMEAS11,1.0,1
F08,182,1.0,0.0,7.0,XMEAS7-XMEAS11,1.0,1
F08,183,1.0,0.0,7.0,XMEAS7-XMEAS11,1.0,1
F08,184,0.8571428571428571,0.410116318288409,3.5,XMEAS7-XMEAS11,0.8571428571428571,2
F08,185,1.0,0.0,7.0,XMEAS7-XMEAS11,1.0,1
F08,186,1.0,0.0,7.0,XMEAS7-XMEAS11,1.0,1
F08,187,1.0,0.0,7.0,XMEAS7-XMEAS11,1.0,1
F08,188,1.0,0.0,7.0,XMEAS7-XMEAS11,1.0,1
F08,189,1.0,0.0,7.0,XMEAS7-XMEAS11,1.0,1
F08,190,1.0,0.0,7.0,XMEAS7-XMEAS11,1.0,1
F08,191,1.0,0.0,7.0,XMEAS7-XMEAS11,1.0,1
F08,192,1.0,0.0,7.0,XMEAS7-XMEAS11,1.0,1
F08,193,0.8571428571428571,0.410116318288409,2.3333333333333335,XMEAS7-XMEAS11,0.8571428571428571,2
F08,194,1.0,0.0,7.0,XMEAS7-XMEAS11,1.0,1
F08,195,1.0,0.0,7.0,XMEAS7-XMEAS11,1.0,1
F08,196,1.0,0.0,7.0,XMEAS7-XMEAS11,1.0,1
F08,197,1.0,0.0,7.0,XMEAS7-XMEAS11,1.0,1
F08,198,1.0,0.0,7.0,XMEAS7-XMEAS11,1.0,1
F08,199,1.0,0.0,7.0,XMEAS7-XMEAS11,1.0,1
F08,200,1.0,0.0,7.0,XMEAS7-XMEAS11,1.0,1
F08,201,1.0,0.0,7.0,XMEAS7-XMEAS11,1.0,1
F08,202,1.0,0.0,7.0,XMEAS7-XMEAS11,1.0,1
F08,203,1.0,0.0,7.0,XMEAS7-XMEAS11,1.0,1
F08,204,1.0,0.0,7.0,XMEAS7-XMEAS11,1.0,1
F08,205,1.0,0.0,7.0,XMEAS7-XMEAS11,1.0,1
F08,206,1.0,0.0,7.0,XMEAS7-XMEAS11,1.0,1
F08,207,1.0,0.0,7.0,XMEAS7-XMEAS11,1.0,1
F08,208,1.0,0.0,7.0,XMEAS7-XMEAS11,1.0,1
F08,209,1.0,0.0,7.0,XMEAS7-XMEAS11,1.0,1
F08,210,1.0,0.0,7.0,XMEAS7-XMEAS11,1.0,1
F08,211,1.0,0.0,7.0,XMEAS7-XMEAS11,1.0,1
F08,212,1.0,0.0,7.0,XMEAS7-XMEAS11,1.0,1
F08,213,1.0,0.0,7.0,XMEAS7-XMEAS11,1.0,1
F08,214,1.0,0.0,7.0,XMEAS7-XMEAS11,1.0,1
F08,215,1.0,0.0,7.0,XMEAS7-XMEAS11,1.0,1
F08,216,1.0,0.0,7.0,XMEAS7-XMEAS11,1.0,1
F08,217,1.0,0.0,7.0,XMEAS7-XMEAS11,1.0,1
F08,218,1.0,0.0,7.0,XMEAS7-XMEAS11,1.0,1
F08,219,1.0,0.0,7.0,XMEAS7-XMEAS11,1.0,1
F08,220,1.0,0.0,7.0,XMEAS7-XMEAS11,1.0,1
F08,221,1.0,0.0,7.0,XMEAS7-XMEAS11,1.0,1
F08,222,1.0,0.0,7.0,XMEAS7-XMEAS11,1.0,1
F08,223,1.0,0.0,7.0,XMEAS7-XMEAS11,1.0,1
F08,224,1.0,0.0,7.0,XMEAS7-XMEAS11,1.0,1
F08,225,1.0,0.0,7.0,XMEAS7-XMEAS11,1.0,1
F08,226,1.0,0.0,7.0,XMEAS7-XMEAS11,1.0,1
F08,227,1.0,0.0,7.0,XMEAS7-XMEAS11,1.0,1
F08,228,1.0,0.0,7.0,XMEAS7-XMEAS11,1.0,1
F08,229,1.0,0.0,7.0,XMEAS7-XMEAS11,1.0,1
F08,230,1.0,0.0,7.0,XMEAS7-XMEAS11,1.0,1
F08,231,1.0,0.0,7.0,XMEAS7-XMEAS11,1.0,1
F08,232,1.0,0.0,7.0,XMEAS7-XMEAS11,1.0,1
F08,233,1.0,0.0,7.0,XMEAS7-XMEAS11,1.0,1
F08,234,1.0,0.0,7.0,XMEAS7-XMEAS11,1.0,1
F08,235,1.0,0.0,7.0,XMEAS7-XMEAS11,1.0,1
F08,236,1.0,0.0,7.0,XMEAS7-XMEAS11,1.0,1
F08,237,1.0,0.0,7.0,XMEAS7-XMEAS11,1.0,1
F08,238,1.0,0.0,7.0,XMEAS7-XMEAS11,1.0,1
F08,239,1.0,0.0,7.0,XMEAS7-XMEAS11,1.0,1
F08,240,1.0,0.0,7.0,XMEAS7-XMEAS11,1.0,1
F08,241,1.0,0.0,7.0,XMEAS7-XMEAS11,1.0,1
F08,242,1.0,0.0,7.0,XMEAS7-XMEAS11,1.0,1
F08,243,1.0,0.0,7.0,XMEAS7-XMEAS11,1.0,1
F08,244,1.0,0.0,7.0,XMEAS7-XMEAS11,1.0,1
F08,245,1.0,0.0,7.0,XMEAS7-XMEAS11,1.0,1
F08,246,1.0,0.0,7.0,XMEAS7-XMEAS11,1.0,1
F08,247,1.0,0.0,7.0,XMEAS7-XMEAS11,1.0,1
F08,248,1.0,0.0,7.0,XMEAS7-XMEAS11,1.0,1
F08,249,1.0,0.0,7.0,XMEAS7-XMEAS11,1.0,1
F08,250,1.0,0.0,7.0,XMEAS7-XMEAS11,1.0,1
F08,251,1.0,0.0,7.0,XMEAS7-XMEAS11,1.0,1
F08,252,1.0,0.0,7.0,XMEAS7-XMEAS11,1.0,1
F08,253,1.0,0.0,7.0,XMEAS7-XMEAS11,1.0,1
F08,254,1.0,0.0,7.0,XMEAS7-XMEAS11,1.0,1
F08,255,1.0,0.0,7.0,XMEAS7-XMEAS11,1.0,1
F08,256,1.0,0.0,7.0,XMEAS7-XMEAS11,1.0,1
F08,257,1.0,0.0,7.0,XMEAS7-XMEAS11,1.0,1
F08,258,1.0,0.0,7.0,XMEAS7-XMEAS11,1.0,1
F08,259,1.0,0.0,7.0,XMEAS7-XMEAS11,1.0,1
F08,260,1.0,0.0,7.0,XMEAS7-XMEAS11,1.0,1
F08,261,1.0,0.0,7.0,XMEAS7-XMEAS11,1.0,1
F08,262,1.0,0.0,7.0,XMEAS7-XMEAS11,1.0,1
F08,263,1.0,0.0,7.0,XMEAS7-XMEAS11,1.0,1
F08,264,1.0,0.0,7.0,XMEAS7-XMEAS11,1.0,1
F08,265,1.0,0.0,7.0,XMEAS7-XMEAS11,1.0,1
F08,266,1.0,0.0,7.0,XMEAS7-XMEAS11,1.0,1
F08,267,1.0,0.0,7.0,XMEAS7-XMEAS11,1.0,1
F08,268,1.0,0.0,7.0,XMEAS7-XMEAS11,1.0,1
F08,269,1.0,0.0,7.0,XMEAS7-XMEAS11,1.0,1
F08,270,1.0,0.0,7.0,XMEAS7-XMEAS11,1.0,1
F08,271,0.8571428571428571,0.410116318288409,2.3333333333333335,XMEAS7-XMEAS11,0.8571428571428571,2
F08,272,1.0,0.0,7.0,XMEAS7-XMEAS11,1.0,1
F08,273,1.0,0.0,7.0,XMEAS7-XMEAS11,1.0,1
F08,274,1.0,0.0,7.0,XMEAS7-XMEAS11,1.0,1
F08,275,1.0,0.0,7.0,XMEAS7-XMEAS11,1.0,1
F08,276,1.0,0.0,7.0,XMEAS7-XMEAS11,1.0,1
F08,277,1.0,0.0,7.0,XMEAS7-XMEAS11,1.0,1
F08,278,1.0,0.0,7.0,XMEAS7-XMEAS11,1.0,1
F08,279,1.0,0.0,7.0,XMEAS7-XMEAS11,1.0,1
F08,280,1.0,0.0,7.0,XMEAS7-XMEAS11,1.0,1
F08,281,1.0,0.0,7.0,XMEAS7-XMEAS11,1.0,1
F08,282,1.0,0.0,7.0,XMEAS7-XMEAS11,1.0,1
F08,283,1.0,0.0,7.0,XMEAS7-XMEAS11,1.0,1
F08,284,1.0,0.0,7.0,XMEAS7-XMEAS11,1.0,1
F08,285,1.0,0.0,7.0,XMEAS7-XMEAS11,1.0,1
F08,286,1.0,0.0,7.0,XMEAS7-XMEAS11,1.0,1
F08,287,1.0,0.0,7.0,XMEAS7-XMEAS11,1.0,1
F08,288,1.0,0.0,7.0,XMEAS7-XMEAS11,1.0,1
F08,289,1.0,0.0,7.0,XMEAS7-XMEAS11,1.0,1
F08,290,1.0,0.0,7.0,XMEAS7-XMEAS11,1.0,1
F08,291,1.0,0.0,7.0,XMEAS7-XMEAS11,1.0,1
F08,292,1.0,0.0,7.0,XMEAS7-XMEAS11,1.0,1
F08,293,1.0,0.0,7.0,XMEAS7-XMEAS11,1.0,1
F08,294,1.0,0.0,7.0,XMEAS7-XMEAS11,1.0,1
F08,295,1.0,0.0,7.0,XMEAS7-XMEAS11,1.0,1
F08,296,1.0,0.0,7.0,XMEAS7-XMEAS11,1.0,1
F08,297,1.0,0.0,7.0,XMEAS7-XMEAS11,1.0,1
F08,298,1.0,0.0,7.0,XMEAS7-XMEAS11,1.0,1
F08,299,1.0,0.0,7.0,XMEAS7-XMEAS11,1.0,1
F08,300,1.0,0.0,7.0,XMEAS7-XMEAS11,1.0,1
F08,301,1.0,0.0,7.0,XMEAS7-XMEAS11,1.0,1
F08,302,1.0,0.0,7.0,XMEAS7-XMEAS11,1.0,1
F08,303,1.0,0.0,7.0,XMEAS7-XMEAS11,1.0,1
F08,304,1.0,0.0,7.0,XMEAS7-XMEAS11,1.0,1
F08,305,0.8571428571428571,0.410116318288409,2.3333333333333335,XMEAS7-XMEAS11,0.8571428571428571,2
F08,306,1.0,0.0,7.0,XMEAS7-XMEAS11,1.0,1
F08,307,1.0,0.0,7.0,XMEAS7-XMEAS11,1.0,1
F08,308,0.8571428571428571,0.410116318288409,2.3333333333333335,XMEAS7-XMEAS11,0.8571428571428571,2
F08,309,1.0,0.0,7.0,XMEAS7-XMEAS11,1.0,1
F08,310,1.0,0.0,7.0,XMEAS7-XMEAS11,1.0,1
F08,311,1.0,0.0,7.0,XMEAS7-XMEAS11,1.0,1
F08,312,1.0,0.0,7.0,XMEAS7-XMEAS11,1.0,1
F08,313,1.0,0.0,7.0,XMEAS7-XMEAS11,1.0,1
F08,314,1.0,0.0,7.0,XMEAS7-XMEAS11,1.0,1
F08,315,1.0,0.0,7.0,XMEAS7-XMEAS11,1.0,1
F08,316,1.0,0.0,7.0,XMEAS7-XMEAS11,1.0,1
F08,317,1.0,0.0,7.0,XMEAS7-XMEAS11,1.0,1
F08,318,1.0,0.0,7.0,XMEAS7-XMEAS11,1.0,1
F08,319,1.0,0.0,7.0,XMEAS7-XMEAS11,1.0,1
F08,320,1.0,0.0,7.0,XMEAS7-XMEAS11,1.0,1
F08,321,1.0,0.0,7.0,XMEAS7-XMEAS11,1.0,1
F08,322,1.0,0.0,7.0,XMEAS7-XMEAS11,1.0,1
F08,323,1.0,0.0,7.0,XMEAS7-XMEAS11,1.0,1
F08,324,1.0,0.0,7.0,XMEAS7-XMEAS11,1.0,1
F08,325,1.0,0.0,7.0,XMEAS7-XMEAS11,1.0,1
F08,326,1.0,0.0,7.0,XMEAS7-XMEAS11,1.0,1
F08,327,1.0,0.0,7.0,XMEAS7-XMEAS11,1.0,1
F08,328,1.0,0.0,7.0,XMEAS7-XMEAS11,1.0,1
F08,329,1.0,0.0,7.0,XMEAS7-XMEAS11,1.0,1
F08,330,1.0,0.0,7.0,XMEAS7-XMEAS11,1.0,1
F08,331,1.0,0.0,7.0,XMEAS7-XMEAS11,1.0,1
F08,332,1.0,0.0,7.0,XMEAS7-XMEAS11,1.0,1
F08,333,1.0,0.0,7.0,XMEAS7-XMEAS11,1.0,1
F08,334,1.0,0.0,7.0,XMEAS7-XMEAS11,1.0,1
F08,335,1.0,0.0,7.0,XMEAS7-XMEAS11,1.0,1
F08,336,1.0,0.0,7.0,XMEAS7-XMEAS11,1.0,1
F08,337,1.0,0.0,7.0,XMEAS7-XMEAS11,1.0,1
F08,338,1.0,0.0,7.0,XMEAS7-XMEAS11,1.0,1
F08,339,1.0,0.0,7.0,XMEAS7-XMEAS11,1.0,1
F08,340,1.0,0.0,7.0,XMEAS7-XMEAS11,1.0,1
F08,341,1.0,0.0,7.0,XMEAS7-XMEAS11,1.0,1
F08,342,1.0,0.0,7.0,XMEAS7-XMEAS11,1.0,1
F08,343,1.0,0.0,7.0,XMEAS7-XMEAS11,1.0,1
F08,344,1.0,0.0,7.0,XMEAS7-XMEAS11,1.0,1
F08,345,1.0,0.0,7.0,XMEAS7-XMEAS11,1.0,1
F08,346,1.0,0.0,7.0,XMEAS7-XMEAS11,1.0,1
F08,347,1.0,0.0,7.0,XMEAS7-XMEAS11,1.0,1
F08,348,1.0,0.0,7.0,XMEAS7-XMEAS11,1.0,1
F08,349,1.0,0.0,7.0,XMEAS7-XMEAS11,1.0,1
F08,350,1.0,0.0,7.0,XMEAS7-XMEAS11,1.0,1
F08,351,1.0,0.0,7.0,XMEAS7-XMEAS11,1.0,1
F08,352,0.8571428571428571,0.410116318288409,2.3333333333333335,XMEAS7-XMEAS11,0.8571428571428571,2
F08,353,1.0,0.0,7.0,XMEAS7-XMEAS11,1.0,1
F08,354,1.0,0.0,7.0,XMEAS7-XMEAS11,1.0,1
F08,355,1.0,0.0,7.0,XMEAS7-XMEAS11,1.0,1
F08,356,1.0,0.0,7.0,XMEAS7-XMEAS11,1.0,1
F08,357,1.0,0.0,7.0,XMEAS7-XMEAS11,1.0,1
F08,358,1.0,0.0,7.0,XMEAS7-XMEAS11,1.0,1
F08,359,1.0,0.0,7.0,XMEAS7-XMEAS11,1.0,1
F08,360,1.0,0.0,7.0,XMEAS7-XMEAS11,1.0,1
F08,361,1.0,0.0,7.0,XMEAS7-XMEAS11,1.0,1
F08,362,1.0,0.0,7.0,XMEAS7-XMEAS11,1.0,1
F08,363,1.0,0.0,7.0,XMEAS7-XMEAS11,1.0,1
F08,364,1.0,0.0,7.0,XMEAS7-XMEAS11,1.0,1
F08,365,1.0,0.0,7.0,XMEAS7-XMEAS11,1.0,1
F08,366,1.0,0.0,7.0,XMEAS7-XMEAS11,1.0,1
F08,367,1.0,0.0,7.0,XMEAS7-XMEAS11,1.0,1
F08,368,1.0,0.0,7.0,XMEAS7-XMEAS11,1.0,1
F08,369,1.0,0.0,7.0,XMEAS7-XMEAS11,1.0,1
F08,370,1.0,0.0,7.0,XMEAS7-XMEAS11,1.0,1
F08,371,1.0,0.0,7.0,XMEAS7-XMEAS11,1.0,1
F08,372,1.0,0.0,7.0,XMEAS7-XMEAS11,1.0,1
F08,373,1.0,0.0,7.0,XMEAS7-XMEAS11,1.0,1
F08,374,1.0,0.0,7.0,XMEAS7-XMEAS11,1.0,1
F08,375,1.0,0.0,7.0,XMEAS7-XMEAS11,1.0,1
F08,376,1.0,0.0,7.0,XMEAS7-XMEAS11,1.0,1
F08,377,1.0,0.0,7.0,XMEAS7-XMEAS11,1.0,1
F08,378,1.0,0.0,7.0,XMEAS7-XMEAS11,1.0,1
F08,379,1.0,0.0,7.0,XMEAS7-XMEAS11,1.0,1
F08,380,0.8571428571428571,0.410116318288409,3.5,XMEAS7-XMEAS11,0.8571428571428571,2
F08,381,1.0,0.0,7.0,XMEAS7-XMEAS11,1.0,1
F08,382,1.0,0.0,7.0,XMEAS7-XMEAS11,1.0,1
F08,383,1.0,0.0,7.0,XMEAS7-XMEAS11,1.0,1
F08,384,1.0,0.0,7.0,XMEAS7-XMEAS11,1.0,1
F08,385,1.0,0.0,7.0,XMEAS7-XMEAS11,1.0,1
F08,386,1.0,0.0,7.0,XMEAS7-XMEAS11,1.0,1
F08,387,1.0,0.0,7.0,XMEAS7-XMEAS11,1.0,1
F08,388,1.0,0.0,7.0,XMEAS7-XMEAS11,1.0,1
F08,389,1.0,0.0,7.0,XMEAS7-XMEAS11,1.0,1
F08,390,1.0,0.0,7.0,XMEAS7-XMEAS11,1.0,1
F08,391,1.0,0.0,7.0,XMEAS7-XMEAS11,1.0,1
F08,392,1.0,0.0,7.0,XMEAS7-XMEAS11,1.0,1
F08,393,1.0,0.0,7.0,XMEAS7-XMEAS11,1.0,1
F08,394,1.0,0.0,7.0,XMEAS7-XMEAS11,1.0,1
F08,395,1.0,0.0,7.0,XMEAS7-XMEAS11,1.0,1
F08,396,1.0,0.0,7.0,XMEAS7-XMEAS11,1.0,1
F08,397,1.0,0.0,7.0,XMEAS7-XMEAS11,1.0,1
F08,398,1.0,0.0,7.0,XMEAS7-XMEAS11,1.0,1
F08,399,1.0,0.0,7.0,XMEAS7-XMEAS11,1.0,1
F08,400,1.0,0.0,7.0,XMEAS7-XMEAS11,1.0,1
F08,401,1.0,0.0,7.0,XMEAS7-XMEAS11,1.0,1
F08,402,1.0,0.0,7.0,XMEAS7-XMEAS11,1.0,1
F08,403,1.0,0.0,7.0,XMEAS7-XMEAS11,1.0,1
F08,404,1.0,0.0,7.0,XMEAS7-XMEAS11,1.0,1
F08,405,1.0,0.0,7.0,XMEAS7-XMEAS11,1.0,1
F08,406,1.0,0.0,7.0,XMEAS7-XMEAS11,1.0,1
F08,407,1.0,0.0,7.0,XMEAS7-XMEAS11,1.0,1
F08,408,0.8571428571428571,0.410116318288409,3.5,XMEAS7-XMEAS11,0.8571428571428571,2
F08,409,1.0,0.0,7.0,XMEAS7-XMEAS11,1.0,1
F08,410,1.0,0.0,7.0,XMEAS7-XMEAS11,1.0,1
F08,411,1.0,0.0,7.0,XMEAS7-XMEAS11,1.0,1
F08,412,1.0,0.0,7.0,XMEAS7-XMEAS11,1.0,1
F08,413,1.0,0.0,7.0,XMEAS7-XMEAS11,1.0,1
F08,414,1.0,0.0,7.0,XMEAS7-XMEAS11,1.0,1
F08,415,1.0,0.0,7.0,XMEAS7-XMEAS11,1.0,1
F08,416,1.0,0.0,7.0,XMEAS7-XMEAS11,1.0,1
F08,417,1.0,0.0,7.0,XMEAS7-XMEAS11,1.0,1
F08,418,1.0,0.0,7.0,XMEAS7-XMEAS11,1.0,1
F08,419,1.0,0.0,7.0,XMEAS7-XMEAS11,1.0,1
F08,420,1.0,0.0,7.0,XMEAS7-XMEAS11,1.0,1
F08,421,1.0,0.0,7.0,XMEAS7-XMEAS11,1.0,1
F08,422,1.0,0.0,7.0,XMEAS7-XMEAS11,1.0,1
F08,423,1.0,0.0,7.0,XMEAS7-XMEAS11,1.0,1
F08,424,1.0,0.0,7.0,XMEAS7-XMEAS11,1.0,1
F08,425,1.0,0.0,7.0,XMEAS7-XMEAS11,1.0,1
F08,426,1.0,0.0,7.0,XMEAS7-XMEAS11,1.0,1
F08,427,1.0,0.0,7.0,XMEAS7-XMEAS11,1.0,1
F08,428,1.0,0.0,7.0,XMEAS7-XMEAS11,1.0,1
F08,429,1.0,0.0,7.0,XMEAS7-XMEAS11,1.0,1
F08,430,1.0,0.0,7.0,XMEAS7-XMEAS11,1.0,1
F08,431,1.0,0.0,7.0,XMEAS7-XMEAS11,1.0,1
F08,432,1.0,0.0,7.0,XMEAS7-XMEAS11,1.0,1
F08,433,1.0,0.0,7.0,XMEAS7-XMEAS11,1.0,1
F08,434,1.0,0.0,7.0,XMEAS7-XMEAS11,1.0,1
F08,435,1.0,0.0,7.0,XMEAS7-XMEAS11,1.0,1
F08,436,1.0,0.0,7.0,XMEAS7-XMEAS11,1.0,1
F08,437,1.0,0.0,7.0,XMEAS7-XMEAS11,1.0,1
F08,438,1.0,0.0,7.0,XMEAS7-XMEAS11,1.0,1
F08,439,1.0,0.0,7.0,XMEAS7-XMEAS11,1.0,1
F08,440,1.0,0.0,7.0,XMEAS7-XMEAS11,1.0,1
F08,441,1.0,0.0,7.0,XMEAS7-XMEAS11,1.0,1
F08,442,1.0,0.0,7.0,XMEAS7-XMEAS11,1.0,1
F08,443,0.8571428571428571,0.410116318288409,2.3333333333333335,XMEAS7-XMEAS11,0.8571428571428571,2
F08,444,1.0,0.0,7.0,XMEAS7-XMEAS11,1.0,1
F08,445,1.0,0.0,7.0,XMEAS7-XMEAS11,1.0,1
F08,446,1.0,0.0,7.0,XMEAS7-XMEAS11,1.0,1
F08,447,1.0,0.0,7.0,XMEAS7-XMEAS11,1.0,1
F08,448,1.0,0.0,7.0,XMEAS7-XMEAS11,1.0,1
F08,449,1.0,0.0,7.0,XMEAS7-XMEAS11,1.0,1
F08,450,1.0,0.0,7.0,XMEAS7-XMEAS11,1.0,1
F08,451,0.8571428571428571,0.410116318288409,3.5,XMEAS7-XMEAS11,0.8571428571428571,2
F08,452,1.0,0.0,7.0,XMEAS7-XMEAS11,1.0,1
F08,453,1.0,0.0,7.0,XMEAS7-XMEAS11,1.0,1
F08,454,1.0,0.0,7.0,XMEAS7-XMEAS11,1.0,1
F08,455,1.0,0.0,7.0,XMEAS7-XMEAS11,1.0,1
F08,456,1.0,0.0,7.0,XMEAS7-XMEAS11,1.0,1
F08,457,1.0,0.0,7.0,XMEAS7-XMEAS11,1.0,1
F08,458,1.0,0.0,7.0,XMEAS7-XMEAS11,1.0,1
F08,459,1.0,0.0,7.0,XMEAS7-XMEAS11,1.0,1
F08,460,0.8571428571428571,0.410116318288409,2.3333333333333335,XMEAS7-XMEAS11,0.8571428571428571,2
F08,461,1.0,0.0,7.0,XMEAS7-XMEAS11,1.0,1
F08,462,1.0,0.0,7.0,XMEAS7-XMEAS11,1.0,1
F08,463,1.0,0.0,7.0,XMEAS7-XMEAS11,1.0,1
F08,464,1.0,0.0,7.0,XMEAS7-XMEAS11,1.0,1
F08,465,1.0,0.0,7.0,XMEAS7-XMEAS11,1.0,1
F08,466,1.0,0.0,7.0,XMEAS7-XMEAS11,1.0,1
F08,467,1.0,0.0,7.0,XMEAS7-XMEAS11,1.0,1
F08,468,1.0,0.0,7.0,XMEAS7-XMEAS11,1.0,1
F08,469,1.0,0.0,7.0,XMEAS7-XMEAS11,1.0,1
F08,470,1.0,0.0,7.0,XMEAS7-XMEAS11,1.0,1
F08,471,1.0,0.0,7.0,XMEAS7-XMEAS11,1.0,1
F08,472,1.0,0.0,7.0,XMEAS7-XMEAS11,1.0,1
F08,473,1.0,0.0,7.0,XMEAS7-XMEAS11,1.0,1
F08,474,1.0,0.0,7.0,XMEAS7-XMEAS11,1.0,1
F08,475,1.0,0.0,7.0,XMEAS7-XMEAS11,1.0,1
F08,476,1.0,0.0,7.0,XMEAS7-XMEAS11,1.0,1
F08,477,1.0,0.0,7.0,XMEAS7-XMEAS11,1.0,1
F08,478,1.0,0.0,7.0,XMEAS7-XMEAS11,1.0,1
F08,479,0.8571428571428571,0.410116318288409,2.3333333333333335,XMEAS7-XMEAS11,0.8571428571428571,2
F08,480,1.0,0.0,7.0,XMEAS7-XMEAS11,1.0,1
F08,481,1.0,0.0,7.0,XMEAS7-XMEAS11,1.0,1
F08,482,1.0,0.0,7.0,XMEAS7-XMEAS11,1.0,1
F08,483,1.0,0.0,7.0,XMEAS7-XMEAS11,1.0,1
F08,484,1.0,0.0,7.0,XMEAS7-XMEAS11,1.0,1
F08,485,1.0,0.0,7.0,XMEAS7-XMEAS11,1.0,1
F08,486,1.0,0.0,7.0,XMEAS7-XMEAS11,1.0,1
F08,487,1.0,0.0,7.0,XMEAS7-XMEAS11,1.0,1
F08,488,1.0,0.0,7.0,XMEAS7-XMEAS11,1.0,1
F08,489,1.0,0.0,7.0,XMEAS7-XMEAS11,1.0,1
F08,490,1.0,0.0,7.0,XMEAS7-XMEAS11,1.0,1
F08,491,1.0,0.0,7.0,XMEAS7-XMEAS11,1.0,1
F08,492,1.0,0.0,7.0,XMEAS7-XMEAS11,1.0,1
F08,493,1.0,0.0,7.0,XMEAS7-XMEAS11,1.0,1
F08,494,1.0,0.0,7.0,XMEAS7-XMEAS11,1.0,1
F08,495,1.0,0.0,7.0,XMEAS7-XMEAS11,1.0,1
F08,496,1.0,0.0,7.0,XMEAS7-XMEAS11,1.0,1
F08,497,1.0,0.0,7.0,XMEAS7-XMEAS11,1.0,1
F08,498,1.0,0.0,7.0,XMEAS7-XMEAS11,1.0,1
F08,499,1.0,0.0,7.0,XMEAS7-XMEAS11,1.0,1
F08,500,1.0,0.0,7.0,XMEAS7-XMEAS11,1.0,1
F09,1,0.2857142857142857,1.549826045878202,1.1666666666666667,XMEAS9-XMEAS11,0.2857142857142857,5
F09,2,0.2857142857142857,1.7478680974667578,1.1666666666666667,XMEAS8-XMEAS9,0.2857142857142857,6
F09,3,0.14285714285714285,1.945910149055314,1.0,XMEAS9-XMEAS10,0.14285714285714285,7
F09,4,0.2857142857142857,1.7478680974667578,1.0,XMEAS8-XMEAS11,0.2857142857142857,6
F09,5,0.2857142857142857,1.351783994289646,1.0,XMEAS10-XMEAS11,0.2857142857142857,4
F09,6,0.42857142857142855,1.2770342594661392,1.1666666666666667,XMEAS10-XMEAS11,0.42857142857142855,4
F09,7,0.2857142857142857,1.7478680974667578,1.0,XMEAS7-XMEAS10,0.2857142857142857,6
F09,8,0.42857142857142855,1.475076311054695,1.0,XMEAS8-XMEAS10,0.42857142857142855,5
F09,9,0.2857142857142857,1.549826045878202,1.0,XMEAS10-XMEAS11,0.2857142857142857,5
F09,10,0.2857142857142857,1.351783994289646,1.1666666666666667,XMEAS10-XMEAS11,0.2857142857142857,4
F09,11,0.2857142857142857,1.5498260458782016,1.1666666666666667,XMEAS8-XMEAS10,0.2857142857142857,5
F09,12,0.42857142857142855,1.277034259466139,1.1666666666666667,XMEAS10-XMEAS11,0.42857142857142855,4
F09,13,0.2857142857142857,1.7478680974667578,1.1666666666666667,XMEAS7-XMEAS9,0.2857142857142857,6
F09,14,0.2857142857142857,1.5498260458782016,1.0,XMEAS8-XMEAS9,0.2857142857142857,5
F09,15,0.2857142857142857,1.351783994289646,1.0,XMEAS7-XMEAS10,0.2857142857142857,4
F09,16,0.42857142857142855,1.277034259466139,1.1666666666666667,XMEAS10-XMEAS11,0.42857142857142855,4
F09,17,0.14285714285714285,1.945910149055314,1.0,XMEAS7-XMEAS10,0.14285714285714285,7
F09,18,0.2857142857142857,1.5498260458782018,1.4,XMEAS7-XMEAS10,0.2857142857142857,5
F09,19,0.42857142857142855,1.475076311054695,1.1666666666666667,XMEAS8-XMEAS9,0.42857142857142855,5
F09,20,0.2857142857142857,1.549826045878202,1.1666666666666667,XMEAS8-XMEAS9,0.2857142857142857,5
F09,21,0.2857142857142857,1.7478680974667578,1.0,XMEAS9-XMEAS10,0.2857142857142857,6
F09,22,0.42857142857142855,1.277034259466139,1.4,XMEAS8-XMEAS10,0.42857142857142855,4
F09,23,0.2857142857142857,1.549826045878202,1.0,XMEAS8-XMEAS9,0.2857142857142857,5
F09,24,0.42857142857142855,1.277034259466139,1.1666666666666667,XMEAS8-XMEAS9,0.42857142857142855,4
F09,25,0.2857142857142857,1.5498260458782018,1.1666666666666667,XMEAS7-XMEAS10,0.2857142857142857,5
F09,26,0.2857142857142857,1.549826045878202,1.1666666666666667,XMEAS9-XMEAS11,0.2857142857142857,5
F09,27,0.42857142857142855,1.4750763110546947,1.4,XMEAS8-XMEAS9,0.42857142857142855,5
F09,28,0.2857142857142857,1.351783994289646,1.1666666666666667,XMEAS8-XMEAS9,0.2857142857142857,4
F09,29,0.2857142857142857,1.7478680974667578,1.1666666666666667,XMEAS8-XMEAS9,0.2857142857142857,6
F09,30,0.2857142857142857,1.549826045878202,1.1666666666666667,XMEAS8-XMEAS11,0.2857142857142857,5
F09,31,0.5714285714285714,1.1537419427010902,1.4,XMEAS8-XMEAS9,0.5714285714285714,4
F09,32,0.2857142857142857,1.7478680974667578,1.1666666666666667,XMEAS8-XMEAS9,0.2857142857142857,6
F09,33,0.2857142857142857,1.549826045878202,1.1666666666666667,XMEAS7-XMEAS10,0.2857142857142857,5
F09,34,0.42857142857142855,1.2770342594661392,1.4,XMEAS7-XMEAS10,0.42857142857142855,4
F09,35,0.2857142857142857,1.7478680974667578,1.0,XMEAS7-XMEAS10,0.2857142857142857,6
F09,36,0.42857142857142855,1.475076311054695,1.1666666666666667,XMEAS8-XMEAS9,0.42857142857142855,5
F09,37,0.2857142857142857,1.549826045878202,1.0,XMEAS8-XMEAS9,0.2857142857142857,5
F09,38,0.2857142857142857,1.7478680974667578,1.0,XMEAS10-XMEAS11,0.2857142857142857,6
F09,39,0.2857142857142857,1.549826045878202,1.0,XMEAS8-XMEAS10,0.2857142857142857,5
F09,40,0.2857142857142857,1.7478680974667578,1.0,XMEAS10-XMEAS11,0.2857142857142857,6
F09,41,0.42857142857142855,1.475076311054695,1.1666666666666667,XMEAS8-XMEAS10,0.42857142857142855,5
F09,42,0.5714285714285714,0.9556998911125343,1.1666666666666667,XMEAS10-XMEAS11,0.5714285714285714,3
F09,43,0.42857142857142855,1.2770342594661392,1.4,XMEAS10-XMEAS11,0.42857142857142855,4
F09,44,0.2857142857142857,1.549826045878202,1.0,XMEAS8-XMEAS11,0.2857142857142857,5
F09,45,0.42857142857142855,1.0042424730540764,1.1666666666666667,XMEAS8-XMEAS9,0.42857142857142855,3
F09,46,0.2857142857142857,1.7478680974667578,1.1666666666666667,XMEAS8-XMEAS10,0.2857142857142857,6
F09,47,0.2857142857142857,1.549826045878202,1.0,XMEAS7-XMEAS10,0.2857142857142857,5
F09,48,0.42857142857142855,1.475076311054695,1.1666666666666667,XMEAS7-XMEAS10,0.42857142857142855,5
F09,49,0.2857142857142857,1.7478680974667578,1.1666666666666667,XMEAS7-XMEAS10,0.2857142857142857,6
F09,50,0.2857142857142857,1.7478680974667578,1.0,XMEAS8-XMEAS9,0.2857142857142857,6
F09,51,0.42857142857142855,1.475076311054695,1.1666666666666667,XMEAS10-XMEAS11,0.42857142857142855,5
F09,52,0.2857142857142857,1.351783994289646,1.1666666666666667,XMEAS8-XMEAS11,0.2857142857142857,4
F09,53,0.42857142857142855,1.2770342594661392,1.0,XMEAS7-XMEAS8,0.42857142857142855,4
F09,54,0.42857142857142855,1.277034259466139,1.4,XMEAS8-XMEAS9,0.42857142857142855,4
F09,55,0.2857142857142857,1.5498260458782016,1.1666666666666667,XMEAS10-XMEAS11,0.2857142857142857,5
F09,56,0.42857142857142855,1.2770342594661392,1.1666666666666667,XMEAS8-XMEAS10,0.42857142857142855,4
F09,57,0.42857142857142855,1.277034259466139,1.1666666666666667,XMEAS8-XMEAS9,0.42857142857142855,4
F09,58,0.42857142857142855,1.475076311054695,1.0,XMEAS8-XMEAS9,0.42857142857142855,5
F09,59,0.42857142857142855,1.2770342594661392,1.4,XMEAS8-XMEAS9,0.42857142857142855,4
F09,60,0.42857142857142855,1.277034259466139,1.4,XMEAS8-XMEAS10,0.42857142857142855,4
F09,61,0.42857142857142855,1.277034259466139,1.4,XMEAS7-XMEAS10,0.42857142857142855,4
F09,62,0.2857142857142857,1.7478680974667578,1.1666666666666667,XMEAS8-XMEAS10,0.2857142857142857,6
F09,63,0.42857142857142855,1.475076311054695,1.1666666666666667,XMEAS8-XMEAS9,0.42857142857142855,5
F09,64,0.42857142857142855,1.277034259466139,1.1666666666666667,XMEAS8-XMEAS11,0.42857142857142855,4
F09,65,0.2857142857142857,1.549826045878202,1.0,XMEAS10-XMEAS11,0.2857142857142857,5
F09,66,0.42857142857142855,1.277034259466139,1.1666666666666667,XMEAS8-XMEAS9,0.42857142857142855,4
F09,67,0.5714285714285714,0.9556998911125343,1.4,XMEAS8-XMEAS9,0.5714285714285714,3
F09,68,0.42857142857142855,1.475076311054695,1.4,XMEAS8-XMEAS9,0.42857142857142855,5
F09,69,0.2857142857142857,1.7478680974667573,1.0,XMEAS7-XMEAS10,0.2857142857142857,6
F09,70,0.5714285714285714,0.9556998911125343,1.1666666666666667,XMEAS8-XMEAS9,0.5714285714285714,3
F09,71,0.42857142857142855,1.2770342594661392,1.1666666666666667,XMEAS8-XMEAS11,0.42857142857142855,4
F09,72,0.2857142857142857,1.7478680974667578,1.0,XMEAS8-XMEAS11,0.2857142857142857,6
F09,73,0.42857142857142855,1.475076311054695,1.1666666666666667,XMEAS8-XMEAS10,0.42857142857142855,5
F09,74,0.2857142857142857,1.351783994289646,1.0,XMEAS8-XMEAS9,0.2857142857142857,4
F09,75,0.2857142857142857,1.549826045878202,1.0,XMEAS8-XMEAS9,0.2857142857142857,5
F09,76,0.42857142857142855,1.475076311054695,1.0,XMEAS8-XMEAS9,0.42857142857142855,5
F09,77,0.14285714285714285,1.945910149055314,1.0,XMEAS8-XMEAS9,0.14285714285714285,7
F09,78,0.2857142857142857,1.549826045878202,1.0,XMEAS7-XMEAS10,0.2857142857142857,5
F09,79,0.42857142857142855,1.475076311054695,1.4,XMEAS8-XMEAS10,0.42857142857142855,5
F09,80,0.2857142857142857,1.5498260458782016,1.0,XMEAS10-XMEAS11,0.2857142857142857,5
F09,81,0.2857142857142857,1.5498260458782016,1.4,XMEAS8-XMEAS10,0.2857142857142857,5
F09,82,0.2857142857142857,1.5498260458782016,1.1666666666666667,XMEAS7-XMEAS9,0.2857142857142857,5
F09,83,0.42857142857142855,1.2770342594661392,1.0,XMEAS8-XMEAS9,0.42857142857142855,4
F09,84,0.2857142857142857,1.7478680974667578,1.0,XMEAS7-XMEAS10,0.2857142857142857,6
F09,85,0.42857142857142855,1.475076311054695,1.1666666666666667,XMEAS8-XMEAS9,0.42857142857142855,5
F09,86,0.42857142857142855,1.2770342594661392,1.0,XMEAS8-XMEAS10,0.42857142857142855,4
F09,87,0.2857142857142857,1.7478680974667578,1.1666666666666667,XMEAS8-XMEAS9,0.2857142857142857,6
F09,88,0.2857142857142857,1.549826045878202,1.0,XMEAS8-XMEAS9,0.2857142857142857,5
F09,89,0.2857142857142857,1.549826045878202,1.4,XMEAS7-XMEAS9,0.2857142857142857,5
F09,90,0.2857142857142857,1.549826045878202,1.0,XMEAS7-XMEAS8,0.2857142857142857,5
F09,91,0.5714285714285714,0.9556998911125343,2.3333333333333335,XMEAS10-XMEAS11,0.5714285714285714,3
F09,92,0.2857142857142857,1.549826045878202,1.1666666666666667,XMEAS8-XMEAS11,0.2857142857142857,5
F09,93,0.42857142857142855,1.277034259466139,1.0,XMEAS9-XMEAS10,0.42857142857142855,4
F09,94,0.2857142857142857,1.5498260458782018,1.1666666666666667,XMEAS8-XMEAS9,0.2857142857142857,5
F09,95,0.42857142857142855,1.475076311054695,1.1666666666666667,XMEAS8-XMEAS9,0.42857142857142855,5
F09,96,0.2857142857142857,1.549826045878202,1.1666666666666667,XMEAS7-XMEAS11,0.2857142857142857,5
F09,97,0.42857142857142855,1.475076311054695,1.1666666666666667,XMEAS10-XMEAS11,0.42857142857142855,5
F09,98,0.2857142857142857,1.7478680974667578,1.0,XMEAS8-XMEAS10,0.2857142857142857,6
F09,99,0.2857142857142857,1.5498260458782018,1.1666666666666667,XMEAS7-XMEAS10,0.2857142857142857,5
F09,100,0.2857142857142857,1.5498260458782016,1.0,XMEAS7-XMEAS10,0.2857142857142857,5
F09,101,0.2857142857142857,1.549826045878202,1.1666666666666667,XMEAS8-XMEAS10,0.2857142857142857,5
F09,102,0.2857142857142857,1.5498260458782016,1.0,XMEAS8-XMEAS11,0.2857142857142857,5
F09,103,0.2857142857142857,1.5498260458782016,1.4,XMEAS8-XMEAS9,0.2857142857142857,5
F09,104,0.42857142857142855,1.277034259466139,1.4,XMEAS8-XMEAS11,0.42857142857142855,4
F09,105,0.42857142857142855,1.0042424730540764,1.4,XMEAS10-XMEAS11,0.42857142857142855,3
F09,106,0.42857142857142855,1.0789922078775833,2.3333333333333335,XMEAS8-XMEAS10,0.42857142857142855,3
F09,107,0.42857142857142855,1.277034259466139,1.4,XMEAS9-XMEAS10,0.42857142857142855,4
F09,108,0.2857142857142857,1.5498260458782018,1.0,XMEAS9-XMEAS10,0.2857142857142857,5
F09,109,0.42857142857142855,1.277034259466139,1.4,XMEAS8-XMEAS10,0.42857142857142855,4
F09,110,0.42857142857142855,1.2770342594661392,1.1666666666666667,XMEAS8-XMEAS10,0.42857142857142855,4
F09,111,0.2857142857142857,1.549826045878202,1.0,XMEAS10-XMEAS11,0.2857142857142857,5
F09,112,0.42857142857142855,1.277034259466139,1.1666666666666667,XMEAS9-XMEAS10,0.42857142857142855,4
F09,113,0.2857142857142857,1.7478680974667578,1.0,XMEAS7-XMEAS8,0.2857142857142857,6
F09,114,0.42857142857142855,1.2770342594661392,1.1666666666666667,XMEAS9-XMEAS10,0.42857142857142855,4
F09,115,0.42857142857142855,1.475076311054695,1.0,XMEAS10-XMEAS11,0.42857142857142855,5
F09,116,0.2857142857142857,1.549826045878202,1.0,XMEAS8-XMEAS10,0.2857142857142857,5
F09,117,0.2857142857142857,1.7478680974667578,1.1666666666666667,XMEAS8-XMEAS9,0.2857142857142857,6
F09,118,0.2857142857142857,1.549826045878202,1.1666666666666667,XMEAS8-XMEAS9,0.2857142857142857,5
F09,119,0.42857142857142855,1.475076311054695,1.1666666666666667,XMEAS8-XMEAS10,0.42857142857142855,5
F09,120,0.42857142857142855,1.277034259466139,1.1666666666666667,XMEAS9-XMEAS10,0.42857142857142855,4
F09,121,0.2857142857142857,1.549826045878202,1.0,XMEAS8-XMEAS11,0.2857142857142857,5
F09,122,0.2857142857142857,1.7478680974667578,1.1666666666666667,XMEAS9-XMEAS11,0.2857142857142857,6
F09,123,0.2857142857142857,1.7478680974667578,1.0,XMEAS7-XMEAS8,0.2857142857142857,6
F09,124,0.42857142857142855,1.277034259466139,1.4,XMEAS8-XMEAS10,0.42857142857142855,4
F09,125,0.2857142857142857,1.5498260458782016,1.0,XMEAS10-XMEAS11,0.2857142857142857,5
F09,126,0.42857142857142855,1.2770342594661392,1.0,XMEAS8-XMEAS9,0.42857142857142855,4
F09,127,0.2857142857142857,1.549826045878202,1.0,XMEAS8-XMEAS10,0.2857142857142857,5
F09,128,0.2857142857142857,1.5498260458782016,1.0,XMEAS10-XMEAS11,0.2857142857142857,5
F09,129,0.42857142857142855,1.277034259466139,1.1666666666666667,XMEAS9-XMEAS10,0.42857142857142855,4
F09,130,0.2857142857142857,1.549826045878202,1.0,XMEAS10-XMEAS11,0.2857142857142857,5
F09,131,0.2857142857142857,1.549826045878202,1.1666666666666667,XMEAS8-XMEAS9,0.2857142857142857,5
F09,132,0.2857142857142857,1.5498260458782016,1.1666666666666667,XMEAS9-XMEAS10,0.2857142857142857,5
F09,133,0.2857142857142857,1.7478680974667578,1.0,XMEAS8-XMEAS11,0.2857142857142857,6
F09,134,0.2857142857142857,1.7478680974667578,1.1666666666666667,XMEAS8-XMEAS9,0.2857142857142857,6
F09,135,0.2857142857142857,1.7478680974667578,1.0,XMEAS7-XMEAS10,0.2857142857142857,6
F09,136,0.2857142857142857,1.549826045878202,1.0,XMEAS7-XMEAS10,0.2857142857142857,5
F09,137,0.2857142857142857,1.351783994289646,1.0,XMEAS8-XMEAS11,0.2857142857142857,4
F09,138,0.42857142857142855,1.475076311054695,1.1666666666666667,XMEAS7-XMEAS10,0.42857142857142855,5
F09,139,0.5714285714285714,0.9556998911125343,1.4,XMEAS8-XMEAS9,0.5714285714285714,3
F09,140,0.2857142857142857,1.5498260458782018,1.1666666666666667,XMEAS7-XMEAS9,0.2857142857142857,5
F09,141,0.2857142857142857,1.549826045878202,1.0,XMEAS8-XMEAS9,0.2857142857142857,5
F09,142,0.42857142857142855,1.2770342594661392,1.0,XMEAS10-XMEAS11,0.42857142857142855,4
F09,143,0.2857142857142857,1.549826045878202,1.1666666666666667,XMEAS7-XMEAS8,0.2857142857142857,5
F09,144,0.2857142857142857,1.5498260458782016,1.1666666666666667,XMEAS8-XMEAS11,0.2857142857142857,5
F09,145,0.2857142857142857,1.549826045878202,1.1666666666666667,XMEAS7-XMEAS10,0.2857142857142857,5
F09,146,0.14285714285714285,1.945910149055314,1.0,XMEAS9-XMEAS10,0.14285714285714285,7
F09,147,0.42857142857142855,1.277034259466139,1.4,XMEAS9-XMEAS10,0.42857142857142855,4
F09,148,0.42857142857142855,1.277034259466139,1.1666666666666667,XMEAS8-XMEAS9,0.42857142857142855,4
F09,149,0.42857142857142855,1.2770342594661392,1.4,XMEAS10-XMEAS11,0.42857142857142855,4
F09,150,0.42857142857142855,1.0789922078775833,1.0,XMEAS8-XMEAS9,0.42857142857142855,3
F09,151,0.2857142857142857,1.5498260458782016,1.1666666666666667,XMEAS8-XMEAS10,0.2857142857142857,5
F09,152,0.42857142857142855,1.2770342594661392,1.0,XMEAS9-XMEAS10,0.42857142857142855,4
F09,153,0.2857142857142857,1.549826045878202,1.0,XMEAS8-XMEAS9,0.2857142857142857,5
F09,154,0.14285714285714285,1.945910149055314,1.0,XMEAS8-XMEAS10,0.14285714285714285,7
F09,155,0.2857142857142857,1.7478680974667578,1.0,XMEAS8-XMEAS9,0.2857142857142857,6
F09,156,0.2857142857142857,1.7478680974667578,1.0,XMEAS8-XMEAS9,0.2857142857142857,6
F09,157,0.2857142857142857,1.5498260458782016,1.0,XMEAS7-XMEAS10,0.2857142857142857,5
F09,158,0.2857142857142857,1.7478680974667578,1.1666666666666667,XMEAS8-XMEAS11,0.2857142857142857,6
F09,159,0.42857142857142855,1.475076311054695,1.0,XMEAS8-XMEAS9,0.42857142857142855,5
F09,160,0.2857142857142857,1.549826045878202,1.0,XMEAS10-XMEAS11,0.2857142857142857,5
F09,161,0.2857142857142857,1.549826045878202,1.1666666666666667,XMEAS9-XMEAS11,0.2857142857142857,5
F09,162,0.2857142857142857,1.7478680974667578,1.0,XMEAS8-XMEAS9,0.2857142857142857,6
F09,163,0.2857142857142857,1.7478680974667573,1.1666666666666667,XMEAS10-XMEAS11,0.2857142857142857,6
F09,164,0.2857142857142857,1.7478680974667578,1.0,XMEAS8-XMEAS9,0.2857142857142857,6
F09,165,0.42857142857142855,1.475076311054695,1.1666666666666667,XMEAS7-XMEAS10,0.42857142857142855,5
F09,166,0.5714285714285714,1.1537419427010902,1.1666666666666667,XMEAS8-XMEAS9,0.5714285714285714,4
F09,167,0.42857142857142855,1.277034259466139,1.0,XMEAS8-XMEAS9,0.42857142857142855,4
F09,168,0.2857142857142857,1.351783994289646,1.4,XMEAS10-XMEAS11,0.2857142857142857,4
F09,169,0.2857142857142857,1.549826045878202,1.0,XMEAS8-XMEAS11,0.2857142857142857,5
F09,170,0.42857142857142855,1.277034259466139,1.0,XMEAS8-XMEAS10,0.42857142857142855,4
F09,171,0.2857142857142857,1.5498260458782016,1.0,XMEAS7-XMEAS8,0.2857142857142857,5
F09,172,0.2857142857142857,1.549826045878202,1.0,XMEAS7-XMEAS9,0.2857142857142857,5
F09,173,0.5714285714285714,0.9556998911125343,1.1666666666666667,XMEAS8-XMEAS9,0.5714285714285714,3
F09,174,0.42857142857142855,1.2770342594661392,1.4,XMEAS10-XMEAS11,0.42857142857142855,4
F09,175,0.2857142857142857,1.5498260458782016,1.1666666666666667,XMEAS8-XMEAS10,0.2857142857142857,5
F09,176,0.2857142857142857,1.7478680974667578,1.0,XMEAS8-XMEAS11,0.2857142857142857,6
F09,177,0.42857142857142855,1.2770342594661392,1.1666666666666667,XMEAS9-XMEAS10,0.42857142857142855,4
F09,178,0.42857142857142855,1.0042424730540764,1.4,XMEAS8-XMEAS10,0.42857142857142855,3
F09,179,0.2857142857142857,1.5498260458782018,1.1666666666666667,XMEAS8-XMEAS11,0.2857142857142857,5
F09,180,0.42857142857142855,1.277034259466139,1.4,XMEAS8-XMEAS9,0.42857142857142855,4
F09,181,0.2857142857142857,1.351783994289646,1.0,XMEAS10-XMEAS11,0.2857142857142857,4
F09,182,0.2857142857142857,1.5498260458782018,1.1666666666666667,XMEAS8-XMEAS10,0.2857142857142857,5
F09,183,0.2857142857142857,1.7478680974667578,1.1666666666666667,XMEAS8-XMEAS10,0.2857142857142857,6
F09,184,0.42857142857142855,1.475076311054695,1.1666666666666667,XMEAS10-XMEAS11,0.42857142857142855,5
F09,185,0.2857142857142857,1.7478680974667578,1.0,XMEAS8-XMEAS9,0.2857142857142857,6
F09,186,0.2857142857142857,1.7478680974667578,1.0,XMEAS8-XMEAS9,0.2857142857142857,6
F09,187,0.2857142857142857,1.7478680974667578,1.0,XMEAS8-XMEAS9,0.2857142857142857,6
F09,188,0.2857142857142857,1.549826045878202,1.0,XMEAS9-XMEAS11,0.2857142857142857,5
F09,189,0.42857142857142855,1.277034259466139,1.1666666666666667,XMEAS8-XMEAS10,0.42857142857142855,4
F09,190,0.42857142857142855,1.2770342594661392,1.4,XMEAS8-XMEAS10,0.42857142857142855,4
F09,191,0.42857142857142855,1.277034259466139,1.0,XMEAS8-XMEAS9,0.42857142857142855,4
F09,192,0.42857142857142855,1.277034259466139,1.4,XMEAS8-XMEAS10,0.42857142857142855,4
F09,193,0.14285714285714285,1.945910149055314,1.0,XMEAS8-XMEAS10,0.14285714285714285,7
F09,194,0.42857142857142855,1.277034259466139,1.4,XMEAS10-XMEAS11,0.42857142857142855,4
F09,195,0.2857142857142857,1.549826045878202,1.1666666666666667,XMEAS8-XMEAS9,0.2857142857142857,5
F09,196,0.42857142857142855,1.277034259466139,1.4,XMEAS8-XMEAS9,0.42857142857142855,4
F09,197,0.2857142857142857,1.7478680974667573,1.1666666666666667,XMEAS8-XMEAS11,0.2857142857142857,6
F09,198,0.42857142857142855,1.2770342594661392,1.0,XMEAS7-XMEAS9,0.42857142857142855,4
F09,199,0.42857142857142855,1.4750763110546947,1.1666666666666667,XMEAS8-XMEAS9,0.42857142857142855,5
F09,200,0.2857142857142857,1.5498260458782016,1.1666666666666667,XMEAS8-XMEAS9,0.2857142857142857,5
F09,201,0.5714285714285714,1.1537419427010902,1.4,XMEAS8-XMEAS9,0.5714285714285714,4
F09,202,0.5714285714285714,1.1537419427010902,1.75,XMEAS9-XMEAS10,0.5714285714285714,4
F09,203,0.2857142857142857,1.549826045878202,1.1666666666666667,XMEAS8-XMEAS10,0.2857142857142857,5
F09,204,0.42857142857142855,1.2770342594661392,1.0,XMEAS8-XMEAS10,0.42857142857142855,4
F09,205,0.2857142857142857,1.351783994289646,1.1666666666666667,XMEAS10-XMEAS11,0.2857142857142857,4
F09,206,0.2857142857142857,1.351783994289646,1.1666666666666667,XMEAS8-XMEAS11,0.2857142857142857,4
F09,207,0.2857142857142857,1.5498260458782016,1.4,XMEAS8-XMEAS9,0.2857142857142857,5
F09,208,0.42857142857142855,1.277034259466139,1.0,XMEAS8-XMEAS9,0.42857142857142855,4
F09,209,0.2857142857142857,1.7478680974667573,1.1666666666666667,XMEAS7-XMEAS10,0.2857142857142857,6
F09,210,0.2857142857142857,1.5498260458782018,1.1666666666666667,XMEAS10-XMEAS11,0.2857142857142857,5
F09,211,0.42857142857142855,1.0789922078775833,1.1666666666666667,XMEAS9-XMEAS10,0.42857142857142855,3
F09,212,0.5714285714285714,1.1537419427010902,1.4,XMEAS8-XMEAS10,0.5714285714285714,4
F09,213,0.2857142857142857,1.7478680974667578,1.0,XMEAS7-XMEAS10,0.2857142857142857,6
F09,214,0.2857142857142857,1.5498260458782016,1.0,XMEAS8-XMEAS11,0.2857142857142857,5
F09,215,0.42857142857142855,1.2770342594661392,1.0,XMEAS10-XMEAS11,0.42857142857142855,4
F09,216,0.2857142857142857,1.5498260458782016,1.0,XMEAS8-XMEAS11,0.2857142857142857,5
F09,217,0.2857142857142857,1.5498260458782018,1.1666666666666667,XMEAS8-XMEAS9,0.2857142857142857,5
F09,218,0.5714285714285714,1.1537419427010902,1.75,XMEAS8-XMEAS9,0.5714285714285714,4
F09,219,0.2857142857142857,1.5498260458782016,1.0,XMEAS8-XMEAS10,0.2857142857142857,5
F09,220,0.2857142857142857,1.549826045878202,1.0,XMEAS8-XMEAS9,0.2857142857142857,5
F09,221,0.2857142857142857,1.7478680974667578,1.0,XMEAS10-XMEAS11,0.2857142857142857,6
F09,222,0.42857142857142855,1.475076311054695,1.4,XMEAS8-XMEAS9,0.42857142857142855,5
F09,223,0.2857142857142857,1.549826045878202,1.0,XMEAS8-XMEAS10,0.2857142857142857,5
F09,224,0.42857142857142855,1.475076311054695,1.4,XMEAS8-XMEAS9,0.42857142857142855,5
F09,225,0.2857142857142857,1.5498260458782018,1.1666666666666667,XMEAS10-XMEAS11,0.2857142857142857,5
F09,226,0.2857142857142857,1.5498260458782018,1.0,XMEAS9-XMEAS11,0.2857142857142857,5
F09,227,0.2857142857142857,1.7478680974667578,1.0,XMEAS8-XMEAS9,0.2857142857142857,6
F09,228,0.2857142857142857,1.5498260458782018,1.0,XMEAS8-XMEAS9,0.2857142857142857,5
F09,229,0.2857142857142857,1.351783994289646,1.0,XMEAS8-XMEAS11,0.2857142857142857,4
F09,230,0.2857142857142857,1.351783994289646,1.4,XMEAS8-XMEAS10,0.2857142857142857,4
F09,231,0.42857142857142855,1.475076311054695,1.1666666666666667,XMEAS8-XMEAS10,0.42857142857142855,5
F09,232,0.42857142857142855,1.2770342594661392,1.1666666666666667,XMEAS10-XMEAS11,0.42857142857142855,4
F09,233,0.5714285714285714,1.1537419427010902,1.4,XMEAS8-XMEAS9,0.5714285714285714,4
F09,234,0.2857142857142857,1.549826045878202,1.0,XMEAS8-XMEAS10,0.2857142857142857,5
F09,235,0.2857142857142857,1.549826045878202,1.0,XMEAS8-XMEAS9,0.2857142857142857,5
F09,236,0.42857142857142855,1.2770342594661392,1.0,XMEAS8-XMEAS10,0.42857142857142855,4
F09,237,0.2857142857142857,1.549826045878202,1.0,XMEAS7-XMEAS8,0.2857142857142857,5
F09,238,0.2857142857142857,1.549826045878202,1.0,XMEAS8-XMEAS9,0.2857142857142857,5
F09,239,0.2857142857142857,1.549826045878202,1.1666666666666667,XMEAS8-XMEAS10,0.2857142857142857,5
F09,240,0.2857142857142857,1.7478680974667578,1.1666666666666667,XMEAS8-XMEAS10,0.2857142857142857,6
F09,241,0.2857142857142857,1.5498260458782016,1.0,XMEAS8-XMEAS10,0.2857142857142857,5
F09,242,0.2857142857142857,1.7478680974667578,1.0,XMEAS7-XMEAS8,0.2857142857142857,6
F09,243,0.2857142857142857,1.351783994289646,1.1666666666666667,XMEAS10-XMEAS11,0.2857142857142857,4
F09,244,0.2857142857142857,1.7478680974667578,1.1666666666666667,XMEAS8-XMEAS11,0.2857142857142857,6
F09,245,0.2857142857142857,1.7478680974667578,1.0,XMEAS7-XMEAS11,0.2857142857142857,6
F09,246,0.5714285714285714,0.6829081047004717,1.75,XMEAS8-XMEAS9,0.5714285714285714,2
F09,247,0.2857142857142857,1.7478680974667578,1.0,XMEAS10-XMEAS11,0.2857142857142857,6
F09,248,0.2857142857142857,1.7478680974667578,1.1666666666666667,XMEAS8-XMEAS9,0.2857142857142857,6
F09,249,0.5714285714285714,1.1537419427010902,1.4,XMEAS8-XMEAS9,0.5714285714285714,4
F09,250,0.42857142857142855,1.277034259466139,1.4,XMEAS7-XMEAS9,0.42857142857142855,4
F09,251,0.2857142857142857,1.549826045878202,1.0,XMEAS8-XMEAS10,0.2857142857142857,5
F09,252,0.42857142857142855,1.0789922078775833,1.0,XMEAS8-XMEAS9,0.42857142857142855,3
F09,253,0.2857142857142857,1.7478680974667578,1.0,XMEAS8-XMEAS9,0.2857142857142857,6
F09,254,0.42857142857142855,1.475076311054695,1.1666666666666667,XMEAS9-XMEAS11,0.42857142857142855,5
F09,255,0.2857142857142857,1.7478680974667578,1.0,XMEAS8-XMEAS9,0.2857142857142857,6
F09,256,0.42857142857142855,1.277034259466139,1.75,XMEAS8-XMEAS9,0.42857142857142855,4
F09,257,0.2857142857142857,1.7478680974667578,1.0,XMEAS7-XMEAS8,0.2857142857142857,6
F09,258,0.42857142857142855,1.475076311054695,1.1666666666666667,XMEAS8-XMEAS9,0.42857142857142855,5
F09,259,0.42857142857142855,1.2770342594661392,1.4,XMEAS10-XMEAS11,0.42857142857142855,4
F09,260,0.2857142857142857,1.351783994289646,1.0,XMEAS8-XMEAS11,0.2857142857142857,4
F09,261,0.2857142857142857,1.549826045878202,1.0,XMEAS10-XMEAS11,0.2857142857142857,5
F09,262,0.2857142857142857,1.5498260458782018,1.0,XMEAS9-XMEAS11,0.2857142857142857,5
F09,263,0.2857142857142857,1.7478680974667573,1.1666666666666667,XMEAS8-XMEAS9,0.2857142857142857,6
F09,264,0.42857142857142855,1.2770342594661392,1.75,XMEAS10-XMEAS11,0.42857142857142855,4
F09,265,0.2857142857142857,1.549826045878202,1.4,XMEAS7-XMEAS10,0.2857142857142857,5
F09,266,0.42857142857142855,1.475076311054695,1.0,XMEAS8-XMEAS9,0.42857142857142855,5
F09,267,0.2857142857142857,1.351783994289646,1.1666666666666667,XMEAS7-XMEAS8,0.2857142857142857,4
F09,268,0.42857142857142855,1.475076311054695,1.1666666666666667,XMEAS8-XMEAS9,0.42857142857142855,5
F09,269,0.42857142857142855,1.2770342594661392,1.1666666666666667,XMEAS8-XMEAS9,0.42857142857142855,4
F09,270,0.2857142857142857,1.5498260458782016,1.1666666666666667,XMEAS7-XMEAS9,0.2857142857142857,5
F09,271,0.42857142857142855,1.2770342594661392,1.1666666666666667,XMEAS9-XMEAS11,0.42857142857142855,4
F09,272,0.42857142857142855,1.475076311054695,1.1666666666666667,XMEAS8-XMEAS9,0.42857142857142855,5
F09,273,0.42857142857142855,1.2770342594661392,1.4,XMEAS8-XMEAS9,0.42857142857142855,4
F09,274,0.42857142857142855,1.475076311054695,1.1666666666666667,XMEAS8-XMEAS9,0.42857142857142855,5
F09,275,0.42857142857142855,1.2770342594661392,1.0,XMEAS8-XMEAS9,0.42857142857142855,4
F09,276,0.2857142857142857,1.5498260458782018,1.1666666666666667,XMEAS8-XMEAS10,0.2857142857142857,5
F09,277,0.2857142857142857,1.7478680974667573,1.1666666666666667,XMEAS8-XMEAS11,0.2857142857142857,6
F09,278,0.42857142857142855,1.475076311054695,1.1666666666666667,XMEAS8-XMEAS9,0.42857142857142855,5
F09,279,0.2857142857142857,1.5498260458782018,1.1666666666666667,XMEAS7-XMEAS9,0.2857142857142857,5
F09,280,0.2857142857142857,1.7478680974667578,1.0,XMEAS8-XMEAS10,0.2857142857142857,6
F09,281,0.14285714285714285,1.945910149055314,1.0,XMEAS8-XMEAS10,0.14285714285714285,7
F09,282,0.2857142857142857,1.7478680974667578,1.1666666666666667,XMEAS8-XMEAS11,0.2857142857142857,6
F09,283,0.42857142857142855,1.277034259466139,1.0,XMEAS10-XMEAS11,0.42857142857142855,4
F09,284,0.2857142857142857,1.549826045878202,1.0,XMEAS8-XMEAS9,0.2857142857142857,5
F09,285,0.14285714285714285,1.945910149055314,1.0,XMEAS9-XMEAS10,0.14285714285714285,7
F09,286,0.2857142857142857,1.7478680974667573,1.1666666666666667,XMEAS7-XMEAS8,0.2857142857142857,6
F09,287,0.2857142857142857,1.7478680974667578,1.0,XMEAS9-XMEAS10,0.2857142857142857,6
F09,288,0.2857142857142857,1.351783994289646,1.4,XMEAS7-XMEAS8,0.2857142857142857,4
F09,289,0.42857142857142855,1.277034259466139,1.0,XMEAS9-XMEAS10,0.42857142857142855,4
F09,290,0.42857142857142855,1.475076311054695,1.1666666666666667,XMEAS8-XMEAS9,0.42857142857142855,5
F09,291,0.2857142857142857,1.7478680974667578,1.1666666666666667,XMEAS7-XMEAS8,0.2857142857142857,6
F09,292,0.2857142857142857,1.549826045878202,1.0,XMEAS8-XMEAS9,0.2857142857142857,5
F09,293,0.42857142857142855,1.475076311054695,1.1666666666666667,XMEAS8-XMEAS9,0.42857142857142855,5
F09,294,0.14285714285714285,1.945910149055314,1.0,XMEAS8-XMEAS10,0.14285714285714285,7
F09,295,0.42857142857142855,1.475076311054695,1.1666666666666667,XMEAS8-XMEAS11,0.42857142857142855,5
F09,296,0.42857142857142855,1.475076311054695,1.1666666666666667,XMEAS8-XMEAS9,0.42857142857142855,5
F09,297,0.5714285714285714,0.9556998911125343,1.1666666666666667,XMEAS8-XMEAS9,0.5714285714285714,3
F09,298,0.5714285714285714,1.1537419427010902,1.4,XMEAS8-XMEAS9,0.5714285714285714,4
F09,299,0.42857142857142855,1.0042424730540764,1.75,XMEAS8-XMEAS10,0.42857142857142855,3
F09,300,0.2857142857142857,1.5498260458782016,1.1666666666666667,XMEAS8-XMEAS11,0.2857142857142857,5
F09,301,0.42857142857142855,1.2770342594661392,1.4,XMEAS8-XMEAS9,0.42857142857142855,4
F09,302,0.2857142857142857,1.549826045878202,1.0,XMEAS10-XMEAS11,0.2857142857142857,5
F09,303,0.42857142857142855,1.475076311054695,1.1666666666666667,XMEAS8-XMEAS10,0.42857142857142855,5
F09,304,0.2857142857142857,1.549826045878202,1.0,XMEAS7-XMEAS8,0.2857142857142857,5
F09,305,0.2857142857142857,1.549826045878202,1.1666666666666667,XMEAS7-XMEAS9,0.2857142857142857,5
F09,306,0.42857142857142855,1.475076311054695,1.0,XMEAS8-XMEAS10,0.42857142857142855,5
F09,307,0.2857142857142857,1.5498260458782016,1.0,XMEAS8-XMEAS9,0.2857142857142857,5
F09,308,0.42857142857142855,1.475076311054695,1.1666666666666667,XMEAS8-XMEAS10,0.42857142857142855,5
F09,309,0.2857142857142857,1.7478680974667578,1.0,XMEAS10-XMEAS11,0.2857142857142857,6
F09,310,0.42857142857142855,1.475076311054695,1.1666666666666667,XMEAS8-XMEAS9,0.42857142857142855,5
F09,311,0.42857142857142855,1.0789922078775833,2.3333333333333335,XMEAS8-XMEAS9,0.42857142857142855,3
F09,312,0.2857142857142857,1.7478680974667578,1.0,XMEAS8-XMEAS9,0.2857142857142857,6
F09,313,0.2857142857142857,1.5498260458782016,1.1666666666666667,XMEAS8-XMEAS11,0.2857142857142857,5
F09,314,0.42857142857142855,1.2770342594661392,1.1666666666666667,XMEAS8-XMEAS9,0.42857142857142855,4
F09,315,0.42857142857142855,1.2770342594661392,1.1666666666666667,XMEAS8-XMEAS9,0.42857142857142855,4
F09,316,0.42857142857142855,1.277034259466139,1.0,XMEAS8-XMEAS10,0.42857142857142855,4
F09,317,0.5714285714285714,1.1537419427010902,1.4,XMEAS8-XMEAS9,0.5714285714285714,4
F09,318,0.14285714285714285,1.945910149055314,1.0,XMEAS8-XMEAS11,0.14285714285714285,7
F09,319,0.42857142857142855,1.277034259466139,1.4,XMEAS8-XMEAS9,0.42857142857142855,4
F09,320,0.42857142857142855,1.475076311054695,1.0,XMEAS10-XMEAS11,0.42857142857142855,5
F09,321,0.42857142857142855,1.475076311054695,1.0,XMEAS8-XMEAS9,0.42857142857142855,5
F09,322,0.42857142857142855,1.0042424730540764,1.4,XMEAS8-XMEAS9,0.42857142857142855,3
F09,323,0.42857142857142855,1.277034259466139,1.75,XMEAS7-XMEAS8,0.42857142857142855,4
F09,324,0.2857142857142857,1.7478680974667578,1.1666666666666667,XMEAS8-XMEAS10,0.2857142857142857,6
F09,325,0.5714285714285714,1.1537419427010902,1.4,XMEAS8-XMEAS9,0.5714285714285714,4
F09,326,0.42857142857142855,1.2770342594661392,1.0,XMEAS8-XMEAS11,0.42857142857142855,4
F09,327,0.2857142857142857,1.549826045878202,1.0,XMEAS8-XMEAS11,0.2857142857142857,5
F09,328,0.2857142857142857,1.5498260458782016,1.4,XMEAS8-XMEAS9,0.2857142857142857,5
F09,329,0.2857142857142857,1.549826045878202,1.0,XMEAS9-XMEAS11,0.2857142857142857,5
F09,330,0.42857142857142855,1.4750763110546947,1.1666666666666667,XMEAS8-XMEAS9,0.42857142857142855,5
F09,331,0.42857142857142855,1.277034259466139,1.1666666666666667,XMEAS7-XMEAS9,0.42857142857142855,4
F09,332,0.42857142857142855,1.0789922078775833,1.4,XMEAS9-XMEAS10,0.42857142857142855,3
F09,333,0.5714285714285714,1.1537419427010902,1.1666666666666667,XMEAS8-XMEAS9,0.5714285714285714,4
F09,334,0.2857142857142857,1.7478680974667578,1.1666666666666667,XMEAS8-XMEAS9,0.2857142857142857,6
F09,335,0.42857142857142855,1.2770342594661392,1.75,XMEAS8-XMEAS11,0.42857142857142855,4
F09,336,0.2857142857142857,1.7478680974667578,1.0,XMEAS8-XMEAS10,0.2857142857142857,6
F09,337,0.2857142857142857,1.5498260458782016,1.0,XMEAS8-XMEAS9,0.2857142857142857,5
F09,338,0.2857142857142857,1.7478680974667578,1.0,XMEAS10-XMEAS11,0.2857142857142857,6
F09,339,0.5714285714285714,1.1537419427010902,1.1666666666666667,XMEAS8-XMEAS10,0.5714285714285714,4
F09,340,0.2857142857142857,1.7478680974667578,1.0,XMEAS8-XMEAS9,0.2857142857142857,6
F09,341,0.2857142857142857,1.5498260458782018,1.1666666666666667,XMEAS7-XMEAS9,0.2857142857142857,5
F09,342,0.42857142857142855,1.277034259466139,1.4,XMEAS10-XMEAS11,0.42857142857142855,4
F09,343,0.42857142857142855,1.277034259466139,1.1666666666666667,XMEAS7-XMEAS8,0.42857142857142855,4
F09,344,0.2857142857142857,1.5498260458782016,1.4,XMEAS8-XMEAS9,0.2857142857142857,5
F09,345,0.2857142857142857,1.7478680974667578,1.0,XMEAS8-XMEAS9,0.2857142857142857,6
F09,346,0.2857142857142857,1.7478680974667578,1.0,XMEAS10-XMEAS11,0.2857142857142857,6
F09,347,0.42857142857142855,1.0042424730540764,1.1666666666666667,XMEAS7-XMEAS10,0.42857142857142855,3
F09,348,0.2857142857142857,1.7478680974667578,1.1666666666666667,XMEAS8-XMEAS9,0.2857142857142857,6
F09,349,0.2857142857142857,1.7478680974667578,1.0,XMEAS8-XMEAS9,0.2857142857142857,6
F09,350,0.42857142857142855,1.475076311054695,1.1666666666666667,XMEAS8-XMEAS11,0.42857142857142855,5
F09,351,0.2857142857142857,1.5498260458782016,1.1666666666666667,XMEAS10-XMEAS11,0.2857142857142857,5
F09,352,0.5714285714285714,1.1537419427010902,1.1666666666666667,XMEAS8-XMEAS9,0.5714285714285714,4
F09,353,0.2857142857142857,1.7478680974667578,1.0,XMEAS9-XMEAS10,0.2857142857142857,6
F09,354,0.2857142857142857,1.549826045878202,1.0,XMEAS8-XMEAS10,0.2857142857142857,5
F09,355,0.2857142857142857,1.7478680974667578,1.0,XMEAS8-XMEAS11,0.2857142857142857,6
F09,356,0.42857142857142855,1.0789922078775833,1.1666666666666667,XMEAS10-XMEAS11,0.42857142857142855,3
F09,357,0.5714285714285714,1.1537419427010902,1.4,XMEAS8-XMEAS9,0.5714285714285714,4
F09,358,0.2857142857142857,1.351783994289646,1.0,XMEAS8-XMEAS11,0.2857142857142857,4
F09,359,0.42857142857142855,1.277034259466139,1.1666666666666667,XMEAS8-XMEAS9,0.42857142857142855,4
F09,360,0.2857142857142857,1.7478680974667578,1.0,XMEAS7-XMEAS10,0.2857142857142857,6
F09,361,0.2857142857142857,1.7478680974667578,1.1666666666666667,XMEAS8-XMEAS9,0.2857142857142857,6
F09,362,0.42857142857142855,1.277034259466139,1.0,XMEAS8-XMEAS9,0.42857142857142855,4
F09,363,0.2857142857142857,1.7478680974667578,1.0,XMEAS8-XMEAS10,0.2857142857142857,6
F09,364,0.42857142857142855,1.475076311054695,1.0,XMEAS8-XMEAS11,0.42857142857142855,5
F09,365,0.2857142857142857,1.549826045878202,1.0,XMEAS8-XMEAS10,0.2857142857142857,5
F09,366,0.2857142857142857,1.351783994289646,1.1666666666666667,XMEAS8-XMEAS11,0.2857142857142857,4
F09,367,0.7142857142857143,0.7963116401738131,1.4,XMEAS8-XMEAS9,0.7142857142857143,3
F09,368,0.2857142857142857,1.7478680974667578,1.1666666666666667,XMEAS7-XMEAS10,0.2857142857142857,6
F09,369,0.2857142857142857,1.549826045878202,1.1666666666666667,XMEAS8-XMEAS10,0.2857142857142857,5
F09,370,0.2857142857142857,1.549826045878202,1.1666666666666667,XMEAS7-XMEAS11,0.2857142857142857,5
F09,371,0.2857142857142857,1.7478680974667578,1.0,XMEAS8-XMEAS10,0.2857142857142857,6
F09,372,0.5714285714285714,0.9556998911125343,1.75,XMEAS8-XMEAS9,0.5714285714285714,3
F09,373,0.2857142857142857,1.7478680974667578,1.1666666666666667,XMEAS8-XMEAS10,0.2857142857142857,6
F09,374,0.42857142857142855,1.277034259466139,1.4,XMEAS8-XMEAS9,0.42857142857142855,4
F09,375,0.42857142857142855,1.2770342594661392,1.1666666666666667,XMEAS8-XMEAS9,0.42857142857142855,4
F09,376,0.2857142857142857,1.7478680974667578,1.1666666666666667,XMEAS9-XMEAS10,0.2857142857142857,6
F09,377,0.2857142857142857,1.7478680974667578,1.0,XMEAS7-XMEAS10,0.2857142857142857,6
F09,378,0.2857142857142857,1.5498260458782016,1.0,XMEAS8-XMEAS10,0.2857142857142857,5
F09,379,0.42857142857142855,1.475076311054695,1.1666666666666667,XMEAS8-XMEAS9,0.42857142857142855,5
F09,380,0.42857142857142855,1.2770342594661392,1.0,XMEAS8-XMEAS10,0.42857142857142855,4
F09,381,0.42857142857142855,1.277034259466139,1.4,XMEAS7-XMEAS10,0.42857142857142855,4
F09,382,0.42857142857142855,1.2770342594661392,1.1666666666666667,XMEAS8-XMEAS10,0.42857142857142855,4
F09,383,0.42857142857142855,1.0789922078775833,1.0,XMEAS8-XMEAS10,0.42857142857142855,3
F09,384,0.42857142857142855,1.277034259466139,1.4,XMEAS8-XMEAS9,0.42857142857142855,4
F09,385,0.2857142857142857,1.5498260458782016,1.0,XMEAS8-XMEAS11,0.2857142857142857,5
F09,386,0.42857142857142855,1.277034259466139,1.1666666666666667,XMEAS8-XMEAS9,0.42857142857142855,4
F09,387,0.42857142857142855,1.2770342594661392,1.1666666666666667,XMEAS8-XMEAS9,0.42857142857142855,4
F09,388,0.2857142857142857,1.5498260458782016,1.4,XMEAS7-XMEAS10,0.2857142857142857,5
F09,389,0.2857142857142857,1.549826045878202,1.0,XMEAS8-XMEAS10,0.2857142857142857,5
F09,390,0.42857142857142855,1.2770342594661392,1.0,XMEAS8-XMEAS9,0.42857142857142855,4
F09,391,0.2857142857142857,1.5498260458782016,1.1666666666666667,XMEAS10-XMEAS11,0.2857142857142857,5
F09,392,0.5714285714285714,1.1537419427010902,1.75,XMEAS8-XMEAS9,0.5714285714285714,4
F09,393,0.2857142857142857,1.5498260458782018,1.4,XMEAS9-XMEAS10,0.2857142857142857,5
F09,394,0.42857142857142855,1.277034259466139,1.1666666666666667,XMEAS8-XMEAS9,0.42857142857142855,4
F09,395,0.2857142857142857,1.7478680974667578,1.0,XMEAS8-XMEAS9,0.2857142857142857,6
F09,396,0.42857142857142855,1.277034259466139,1.0,XMEAS8-XMEAS9,0.42857142857142855,4
F09,397,0.2857142857142857,1.5498260458782016,1.1666666666666667,XMEAS8-XMEAS9,0.2857142857142857,5
F09,398,0.42857142857142855,1.2770342594661392,1.4,XMEAS8-XMEAS9,0.42857142857142855,4
F09,399,0.2857142857142857,1.549826045878202,1.1666666666666667,XMEAS7-XMEAS8,0.2857142857142857,5
F09,400,0.42857142857142855,1.2770342594661392,1.1666666666666667,XMEAS8-XMEAS9,0.42857142857142855,4
F09,401,0.42857142857142855,1.277034259466139,1.1666666666666667,XMEAS8-XMEAS9,0.42857142857142855,4
F09,402,0.2857142857142857,1.5498260458782016,1.1666666666666667,XMEAS8-XMEAS11,0.2857142857142857,5
F09,403,0.2857142857142857,1.7478680974667578,1.0,XMEAS8-XMEAS9,0.2857142857142857,6
F09,404,0.2857142857142857,1.7478680974667578,1.0,XMEAS10-XMEAS11,0.2857142857142857,6
F09,405,0.42857142857142855,1.277034259466139,1.0,XMEAS10-XMEAS11,0.42857142857142855,4
F09,406,0.2857142857142857,1.7478680974667578,1.1666666666666667,XMEAS8-XMEAS9,0.2857142857142857,6
F09,407,0.5714285714285714,0.6829081047004717,2.3333333333333335,XMEAS8-XMEAS10,0.5714285714285714,2
F09,408,0.2857142857142857,1.5498260458782018,1.4,XMEAS10-XMEAS11,0.2857142857142857,5
F09,409,0.2857142857142857,1.549826045878202,1.0,XMEAS8-XMEAS11,0.2857142857142857,5
F09,410,0.42857142857142855,1.475076311054695,1.1666666666666667,XMEAS8-XMEAS10,0.42857142857142855,5
F09,411,0.42857142857142855,1.277034259466139,1.0,XMEAS8-XMEAS9,0.42857142857142855,4
F09,412,0.2857142857142857,1.7478680974667578,1.0,XMEAS8-XMEAS9,0.2857142857142857,6
F09,413,0.2857142857142857,1.7478680974667578,1.0,XMEAS8-XMEAS9,0.2857142857142857,6
F09,414,0.42857142857142855,1.475076311054695,1.1666666666666667,XMEAS10-XMEAS11,0.42857142857142855,5
F09,415,0.5714285714285714,1.1537419427010902,1.1666666666666667,XMEAS8-XMEAS9,0.5714285714285714,4
F09,416,0.2857142857142857,1.7478680974667578,1.0,XMEAS10-XMEAS11,0.2857142857142857,6
F09,417,0.42857142857142855,1.277034259466139,1.4,XMEAS10-XMEAS11,0.42857142857142855,4
F09,418,0.42857142857142855,1.2770342594661392,1.1666666666666667,XMEAS8-XMEAS10,0.42857142857142855,4
F09,419,0.2857142857142857,1.549826045878202,1.4,XMEAS7-XMEAS10,0.2857142857142857,5
F09,420,0.42857142857142855,1.475076311054695,1.1666666666666667,XMEAS8-XMEAS9,0.42857142857142855,5
F09,421,0.2857142857142857,1.7478680974667578,1.0,XMEAS9-XMEAS10,0.2857142857142857,6
F09,422,0.5714285714285714,1.1537419427010902,1.75,XMEAS8-XMEAS9,0.5714285714285714,4
F09,423,0.2857142857142857,1.549826045878202,1.0,XMEAS8-XMEAS9,0.2857142857142857,5
F09,424,0.2857142857142857,1.549826045878202,1.4,XMEAS8-XMEAS10,0.2857142857142857,5
F09,425,0.42857142857142855,1.2770342594661392,1.1666666666666667,XMEAS8-XMEAS9,0.42857142857142855,4
F09,426,0.2857142857142857,1.351783994289646,1.1666666666666667,XMEAS8-XMEAS10,0.2857142857142857,4
F09,427,0.2857142857142857,1.549826045878202,1.0,XMEAS8-XMEAS10,0.2857142857142857,5
F09,428,0.2857142857142857,1.351783994289646,1.0,XMEAS10-XMEAS11,0.2857142857142857,4
F09,429,0.2857142857142857,1.351783994289646,1.1666666666666667,XMEAS8-XMEAS9,0.2857142857142857,4
F09,430,0.42857142857142855,1.2770342594661392,1.1666666666666667,XMEAS8-XMEAS10,0.42857142857142855,4
F09,431,0.2857142857142857,1.5498260458782016,1.0,XMEAS10-XMEAS11,0.2857142857142857,5
F09,432,0.2857142857142857,1.7478680974667578,1.0,XMEAS8-XMEAS9,0.2857142857142857,6
F09,433,0.42857142857142855,1.475076311054695,1.4,XMEAS8-XMEAS10,0.42857142857142855,5
F09,434,0.14285714285714285,1.945910149055314,1.0,XMEAS7-XMEAS11,0.14285714285714285,7
F09,435,0.2857142857142857,1.549826045878202,1.0,XMEAS8-XMEAS9,0.2857142857142857,5
F09,436,0.2857142857142857,1.351783994289646,1.4,XMEAS10-XMEAS11,0.2857142857142857,4
F09,437,0.2857142857142857,1.7478680974667578,1.1666666666666667,XMEAS7-XMEAS8,0.2857142857142857,6
F09,438,0.42857142857142855,1.475076311054695,1.1666666666666667,XMEAS8-XMEAS10,0.42857142857142855,5
F09,439,0.42857142857142855,1.475076311054695,1.1666666666666667,XMEAS10-XMEAS11,0.42857142857142855,5
F09,440,0.42857142857142855,1.277034259466139,1.0,XMEAS8-XMEAS10,0.42857142857142855,4
F09,441,0.42857142857142855,1.475076311054695,1.1666666666666667,XMEAS8-XMEAS10,0.42857142857142855,5
F09,442,0.2857142857142857,1.7478680974667578,1.0,XMEAS7-XMEAS9,0.2857142857142857,6
F09,443,0.2857142857142857,1.7478680974667578,1.1666666666666667,XMEAS8-XMEAS10,0.2857142857142857,6
F09,444,0.42857142857142855,1.277034259466139,1.4,XMEAS8-XMEAS10,0.42857142857142855,4
F09,445,0.42857142857142855,1.475076311054695,1.0,XMEAS9-XMEAS10,0.42857142857142855,5
F09,446,0.42857142857142855,1.277034259466139,1.1666666666666667,XMEAS8-XMEAS9,0.42857142857142855,4
F09,447,0.5714285714285714,1.1537419427010902,1.4,XMEAS8-XMEAS9,0.5714285714285714,4
F09,448,0.42857142857142855,1.475076311054695,1.1666666666666667,XMEAS8-XMEAS11,0.42857142857142855,5
F09,449,0.42857142857142855,1.475076311054695,1.1666666666666667,XMEAS8-XMEAS9,0.42857142857142855,5
F09,450,0.42857142857142855,1.475076311054695,1.1666666666666667,XMEAS8-XMEAS9,0.42857142857142855,5
F09,451,0.2857142857142857,1.5498260458782016,1.1666666666666667,XMEAS8-XMEAS9,0.2857142857142857,5
F09,452,0.42857142857142855,1.475076311054695,1.0,XMEAS10-XMEAS11,0.42857142857142855,5
F09,453,0.2857142857142857,1.549826045878202,1.0,XMEAS8-XMEAS9,0.2857142857142857,5
F09,454,0.2857142857142857,1.7478680974667578,1.0,XMEAS8-XMEAS9,0.2857142857142857,6
F09,455,0.2857142857142857,1.549826045878202,1.0,XMEAS8-XMEAS10,0.2857142857142857,5
F09,456,0.42857142857142855,1.0042424730540764,1.75,XMEAS8-XMEAS10,0.42857142857142855,3
F09,457,0.5714285714285714,0.9556998911125343,1.1666666666666667,XMEAS8-XMEAS9,0.5714285714285714,3
F09,458,0.2857142857142857,1.549826045878202,1.1666666666666667,XMEAS10-XMEAS11,0.2857142857142857,5
F09,459,0.2857142857142857,1.549826045878202,1.0,XMEAS8-XMEAS10,0.2857142857142857,5
F09,460,0.2857142857142857,1.549826045878202,1.0,XMEAS8-XMEAS9,0.2857142857142857,5
F09,461,0.2857142857142857,1.5498260458782016,1.0,XMEAS7-XMEAS10,0.2857142857142857,5
F09,462,0.2857142857142857,1.5498260458782016,1.1666666666666667,XMEAS8-XMEAS10,0.2857142857142857,5
F09,463,0.42857142857142855,1.2770342594661392,1.1666666666666667,XMEAS8-XMEAS10,0.42857142857142855,4
F09,464,0.2857142857142857,1.351783994289646,1.1666666666666667,XMEAS8-XMEAS9,0.2857142857142857,4
F09,465,0.7142857142857143,0.7963116401738131,1.75,XMEAS10-XMEAS11,0.7142857142857143,3
F09,466,0.42857142857142855,1.475076311054695,1.1666666666666667,XMEAS9-XMEAS11,0.42857142857142855,5
F09,467,0.42857142857142855,1.2770342594661392,1.4,XMEAS7-XMEAS10,0.42857142857142855,4
F09,468,0.2857142857142857,1.7478680974667578,1.0,XMEAS8-XMEAS11,0.2857142857142857,6
F09,469,0.2857142857142857,1.351783994289646,1.0,XMEAS10-XMEAS11,0.2857142857142857,4
F09,470,0.2857142857142857,1.549826045878202,1.0,XMEAS8-XMEAS10,0.2857142857142857,5
F09,471,0.2857142857142857,1.5498260458782016,1.1666666666666667,XMEAS7-XMEAS8,0.2857142857142857,5
F09,472,0.42857142857142855,1.2770342594661392,1.1666666666666667,XMEAS8-XMEAS9,0.42857142857142855,4
F09,473,0.2857142857142857,1.7478680974667578,1.0,XMEAS9-XMEAS10,0.2857142857142857,6
F09,474,0.5714285714285714,0.9556998911125343,1.75,XMEAS8-XMEAS9,0.5714285714285714,3
F09,475,0.2857142857142857,1.549826045878202,1.4,XMEAS9-XMEAS11,0.2857142857142857,5
F09,476,0.2857142857142857,1.7478680974667573,1.1666666666666667,XMEAS8-XMEAS11,0.2857142857142857,6
F09,477,0.2857142857142857,1.7478680974667578,1.0,XMEAS8-XMEAS9,0.2857142857142857,6
F09,478,0.2857142857142857,1.351783994289646,1.0,XMEAS8-XMEAS9,0.2857142857142857,4
F09,479,0.42857142857142855,1.2770342594661392,1.0,XMEAS8-XMEAS10,0.42857142857142855,4
F09,480,0.2857142857142857,1.7478680974667578,1.1666666666666667,XMEAS8-XMEAS10,0.2857142857142857,6
F09,481,0.5714285714285714,0.9556998911125343,1.1666666666666667,XMEAS8-XMEAS9,0.5714285714285714,3
F09,482,0.2857142857142857,1.351783994289646,1.1666666666666667,XMEAS8-XMEAS9,0.2857142857142857,4
F09,483,0.42857142857142855,1.0042424730540764,1.0,XMEAS8-XMEAS9,0.42857142857142855,3
F09,484,0.42857142857142855,1.475076311054695,1.1666666666666667,XMEAS8-XMEAS9,0.42857142857142855,5
F09,485,0.42857142857142855,1.277034259466139,1.1666666666666667,XMEAS8-XMEAS9,0.42857142857142855,4
F09,486,0.42857142857142855,1.475076311054695,1.1666666666666667,XMEAS8-XMEAS9,0.42857142857142855,5
F09,487,0.42857142857142855,1.475076311054695,1.0,XMEAS8-XMEAS9,0.42857142857142855,5
F09,488,0.2857142857142857,1.549826045878202,1.1666666666666667,XMEAS7-XMEAS8,0.2857142857142857,5
F09,489,0.2857142857142857,1.7478680974667578,1.1666666666666667,XMEAS8-XMEAS10,0.2857142857142857,6
F09,490,0.2857142857142857,1.549826045878202,1.0,XMEAS7-XMEAS8,0.2857142857142857,5
F09,491,0.42857142857142855,1.2770342594661392,1.75,XMEAS8-XMEAS9,0.42857142857142855,4
F09,492,0.42857142857142855,1.277034259466139,1.1666666666666667,XMEAS8-XMEAS9,0.42857142857142855,4
F09,493,0.42857142857142855,1.475076311054695,1.0,XMEAS9-XMEAS11,0.42857142857142855,5
F09,494,0.2857142857142857,1.7478680974667578,1.0,XMEAS8-XMEAS11,0.2857142857142857,6
F09,495,0.2857142857142857,1.549826045878202,1.0,XMEAS10-XMEAS11,0.2857142857142857,5
F09,496,0.5714285714285714,0.9556998911125343,1.4,XMEAS8-XMEAS9,0.5714285714285714,3
F09,497,0.42857142857142855,1.475076311054695,1.1666666666666667,XMEAS8-XMEAS9,0.42857142857142855,5
F09,498,0.2857142857142857,1.7478680974667578,1.0,XMEAS8-XMEAS9,0.2857142857142857,6
F09,499,0.2857142857142857,1.7478680974667578,1.0,XMEAS10-XMEAS11,0.2857142857142857,6
F09,500,0.42857142857142855,1.2770342594661392,1.0,XMEAS10-XMEAS11,0.42857142857142855,4
F10,1,0.2857142857142857,1.549826045878202,1.1666666666666667,XMEAS9-XMEAS11,0.2857142857142857,5
F10,2,0.2857142857142857,1.7478680974667573,1.1666666666666667,XMEAS9-XMEAS11,0.2857142857142857,6
F10,3,0.14285714285714285,1.945910149055314,1.0,XMEAS9-XMEAS10,0.14285714285714285,7
F10,4,0.2857142857142857,1.7478680974667578,1.0,XMEAS8-XMEAS11,0.2857142857142857,6
F10,5,0.2857142857142857,1.351783994289646,1.0,XMEAS10-XMEAS11,0.2857142857142857,4
F10,6,0.42857142857142855,1.277034259466139,1.1666666666666667,XMEAS10-XMEAS11,0.42857142857142855,4
F10,7,0.42857142857142855,1.277034259466139,1.4,XMEAS10-XMEAS11,0.42857142857142855,4
F10,8,0.42857142857142855,1.277034259466139,1.0,XMEAS8-XMEAS10,0.42857142857142855,4
F10,9,0.2857142857142857,1.549826045878202,1.0,XMEAS8-XMEAS11,0.2857142857142857,5
F10,10,0.2857142857142857,1.351783994289646,1.1666666666666667,XMEAS7-XMEAS11,0.2857142857142857,4
F10,11,0.2857142857142857,1.5498260458782016,1.1666666666666667,XMEAS8-XMEAS10,0.2857142857142857,5
F10,12,0.42857142857142855,1.277034259466139,1.0,XMEAS7-XMEAS11,0.42857142857142855,4
F10,13,0.2857142857142857,1.7478680974667578,1.1666666666666667,XMEAS7-XMEAS9,0.2857142857142857,6
F10,14,0.2857142857142857,1.5498260458782016,1.0,XMEAS8-XMEAS9,0.2857142857142857,5
F10,15,0.2857142857142857,1.7478680974667578,1.0,XMEAS7-XMEAS9,0.2857142857142857,6
F10,16,0.42857142857142855,1.2770342594661392,1.1666666666666667,XMEAS7-XMEAS11,0.42857142857142855,4
F10,17,0.14285714285714285,1.945910149055314,1.0,XMEAS7-XMEAS10,0.14285714285714285,7
F10,18,0.42857142857142855,1.2770342594661392,1.1666666666666667,XMEAS8-XMEAS9,0.42857142857142855,4
F10,19,0.14285714285714285,1.945910149055314,1.0,XMEAS9-XMEAS10,0.14285714285714285,7
F10,20,0.2857142857142857,1.5498260458782016,1.0,XMEAS7-XMEAS11,0.2857142857142857,5
F10,21,0.2857142857142857,1.549826045878202,1.0,XMEAS9-XMEAS10,0.2857142857142857,5
F10,22,0.42857142857142855,1.475076311054695,1.1666666666666667,XMEAS8-XMEAS10,0.42857142857142855,5
F10,23,0.2857142857142857,1.549826045878202,1.0,XMEAS8-XMEAS9,0.2857142857142857,5
F10,24,0.2857142857142857,1.549826045878202,1.0,XMEAS8-XMEAS9,0.2857142857142857,5
F10,25,0.2857142857142857,1.5498260458782018,1.4,XMEAS10-XMEAS11,0.2857142857142857,5
F10,26,0.2857142857142857,1.5498260458782016,1.1666666666666667,XMEAS8-XMEAS9,0.2857142857142857,5
F10,27,0.42857142857142855,1.4750763110546947,1.4,XMEAS8-XMEAS9,0.42857142857142855,5
F10,28,0.2857142857142857,1.549826045878202,1.0,XMEAS8-XMEAS9,0.2857142857142857,5
F10,29,0.2857142857142857,1.5498260458782016,1.4,XMEAS8-XMEAS9,0.2857142857142857,5
F10,30,0.2857142857142857,1.549826045878202,1.0,XMEAS8-XMEAS11,0.2857142857142857,5
F10,31,0.42857142857142855,1.475076311054695,1.1666666666666667,XMEAS8-XMEAS9,0.42857142857142855,5
F10,32,0.42857142857142855,1.277034259466139,1.75,XMEAS7-XMEAS11,0.42857142857142855,4
F10,33,0.42857142857142855,1.2770342594661392,1.1666666666666667,XMEAS8-XMEAS9,0.42857142857142855,4
F10,34,0.2857142857142857,1.7478680974667578,1.0,XMEAS10-XMEAS11,0.2857142857142857,6
F10,35,0.42857142857142855,1.475076311054695,1.0,XMEAS7-XMEAS11,0.42857142857142855,5
F10,36,0.42857142857142855,1.475076311054695,1.1666666666666667,XMEAS8-XMEAS9,0.42857142857142855,5
F10,37,0.2857142857142857,1.549826045878202,1.0,XMEAS8-XMEAS9,0.2857142857142857,5
F10,38,0.2857142857142857,1.549826045878202,1.0,XMEAS7-XMEAS11,0.2857142857142857,5
F10,39,0.2857142857142857,1.549826045878202,1.0,XMEAS8-XMEAS10,0.2857142857142857,5
F10,40,0.2857142857142857,1.549826045878202,1.0,XMEAS7-XMEAS9,0.2857142857142857,5
F10,41,0.42857142857142855,1.475076311054695,1.1666666666666667,XMEAS8-XMEAS10,0.42857142857142855,5
F10,42,0.42857142857142855,1.277034259466139,1.1666666666666667,XMEAS10-XMEAS11,0.42857142857142855,4
F10,43,0.42857142857142855,1.2770342594661392,1.4,XMEAS10-XMEAS11,0.42857142857142855,4
F10,44,0.2857142857142857,1.351783994289646,1.1666666666666667,XMEAS8-XMEAS11,0.2857142857142857,4
F10,45,0.42857142857142855,1.277034259466139,1.1666666666666667,XMEAS9-XMEAS11,0.42857142857142855,4
F10,46,0.2857142857142857,1.7478680974667578,1.1666666666666667,XMEAS8-XMEAS10,0.2857142857142857,6
F10,47,0.2857142857142857,1.7478680974667578,1.1666666666666667,XMEAS7-XMEAS11,0.2857142857142857,6
F10,48,0.42857142857142855,1.475076311054695,1.1666666666666667,XMEAS7-XMEAS11,0.42857142857142855,5
F10,49,0.2857142857142857,1.549826045878202,1.4,XMEAS7-XMEAS10,0.2857142857142857,5
F10,50,0.42857142857142855,1.2770342594661392,1.1666666666666667,XMEAS7-XMEAS11,0.42857142857142855,4
F10,51,0.42857142857142855,1.475076311054695,1.1666666666666667,XMEAS10-XMEAS11,0.42857142857142855,5
F10,52,0.2857142857142857,1.351783994289646,1.0,XMEAS8-XMEAS11,0.2857142857142857,4
F10,53,0.42857142857142855,1.2770342594661392,1.0,XMEAS7-XMEAS8,0.42857142857142855,4
F10,54,0.42857142857142855,1.475076311054695,1.4,XMEAS8-XMEAS9,0.42857142857142855,5
F10,55,0.2857142857142857,1.7478680974667578,1.0,XMEAS10-XMEAS11,0.2857142857142857,6
F10,56,0.2857142857142857,1.549826045878202,1.0,XMEAS8-XMEAS10,0.2857142857142857,5
F10,57,0.42857142857142855,1.277034259466139,1.1666666666666667,XMEAS8-XMEAS9,0.42857142857142855,4
F10,58,0.42857142857142855,1.2770342594661392,1.0,XMEAS8-XMEAS9,0.42857142857142855,4
F10,59,0.2857142857142857,1.5498260458782016,1.0,XMEAS7-XMEAS8,0.2857142857142857,5
F10,60,0.42857142857142855,1.2770342594661392,1.4,XMEAS7-XMEAS11,0.42857142857142855,4
F10,61,0.2857142857142857,1.5498260458782016,1.4,XMEAS7-XMEAS10,0.2857142857142857,5
F10,62,0.2857142857142857,1.5498260458782016,1.4,XMEAS8-XMEAS10,0.2857142857142857,5
F10,63,0.42857142857142855,1.475076311054695,1.1666666666666667,XMEAS8-XMEAS9,0.42857142857142855,5
F10,64,0.2857142857142857,1.549826045878202,1.1666666666666667,XMEAS8-XMEAS11,0.2857142857142857,5
F10,65,0.2857142857142857,1.7478680974667578,1.0,XMEAS10-XMEAS11,0.2857142857142857,6
F10,66,0.42857142857142855,1.277034259466139,1.1666666666666667,XMEAS8-XMEAS9,0.42857142857142855,4
F10,67,0.5714285714285714,0.9556998911125343,1.4,XMEAS8-XMEAS9,0.5714285714285714,3
F10,68,0.42857142857142855,1.277034259466139,1.75,XMEAS8-XMEAS9,0.42857142857142855,4
F10,69,0.2857142857142857,1.5498260458782018,1.0,XMEAS10-XMEAS11,0.2857142857142857,5
F10,70,0.5714285714285714,0.9556998911125343,1.1666666666666667,XMEAS8-XMEAS9,0.5714285714285714,3
F10,71,0.42857142857142855,1.2770342594661392,1.1666666666666667,XMEAS8-XMEAS9,0.42857142857142855,4
F10,72,0.2857142857142857,1.7478680974667578,1.0,XMEAS8-XMEAS11,0.2857142857142857,6
F10,73,0.42857142857142855,1.2770342594661392,1.1666666666666667,XMEAS8-XMEAS10,0.42857142857142855,4
F10,74,0.2857142857142857,1.5498260458782016,1.0,XMEAS8-XMEAS10,0.2857142857142857,5
F10,75,0.42857142857142855,1.2770342594661392,1.0,XMEAS8-XMEAS9,0.42857142857142855,4
F10,76,0.42857142857142855,1.475076311054695,1.1666666666666667,XMEAS8-XMEAS9,0.42857142857142855,5
F10,77,0.2857142857142857,1.549826045878202,1.0,XMEAS8-XMEAS9,0.2857142857142857,5
F10,78,0.42857142857142855,1.2770342594661392,1.1666666666666667,XMEAS10-XMEAS11,0.42857142857142855,4
F10,79,0.42857142857142855,1.2770342594661392,1.75,XMEAS8-XMEAS10,0.42857142857142855,4
F10,80,0.42857142857142855,1.277034259466139,1.1666666666666667,XMEAS8-XMEAS10,0.42857142857142855,4
F10,81,0.2857142857142857,1.549826045878202,1.4,XMEAS8-XMEAS10,0.2857142857142857,5
F10,82,0.2857142857142857,1.351783994289646,1.4,XMEAS7-XMEAS9,0.2857142857142857,4
F10,83,0.2857142857142857,1.549826045878202,1.1666666666666667,XMEAS7-XMEAS10,0.2857142857142857,5
F10,84,0.2857142857142857,1.7478680974667578,1.0,XMEAS7-XMEAS10,0.2857142857142857,6
F10,85,0.42857142857142855,1.475076311054695,1.1666666666666667,XMEAS8-XMEAS9,0.42857142857142855,5
F10,86,0.2857142857142857,1.549826045878202,1.0,XMEAS8-XMEAS10,0.2857142857142857,5
F10,87,0.42857142857142855,1.475076311054695,1.1666666666666667,XMEAS8-XMEAS9,0.42857142857142855,5
F10,88,0.42857142857142855,1.475076311054695,1.1666666666666667,XMEAS7-XMEAS11,0.42857142857142855,5
F10,89,0.2857142857142857,1.7478680974667578,1.1666666666666667,XMEAS9-XMEAS10,0.2857142857142857,6
F10,90,0.2857142857142857,1.5498260458782018,1.1666666666666667,XMEAS7-XMEAS8,0.2857142857142857,5
F10,91,0.42857142857142855,1.2770342594661392,1.75,XMEAS10-XMEAS11,0.42857142857142855,4
F10,92,0.2857142857142857,1.5498260458782016,1.0,XMEAS8-XMEAS11,0.2857142857142857,5
F10,93,0.2857142857142857,1.7478680974667578,1.0,XMEAS7-XMEAS11,0.2857142857142857,6
F10,94,0.42857142857142855,1.2770342594661392,1.75,XMEAS8-XMEAS9,0.42857142857142855,4
F10,95,0.42857142857142855,1.475076311054695,1.1666666666666667,XMEAS8-XMEAS9,0.42857142857142855,5
F10,96,0.2857142857142857,1.351783994289646,1.1666666666666667,XMEAS7-XMEAS11,0.2857142857142857,4
F10,97,0.5714285714285714,1.1537419427010902,1.4,XMEAS10-XMEAS11,0.5714285714285714,4
F10,98,0.2857142857142857,1.549826045878202,1.0,XMEAS8-XMEAS10,0.2857142857142857,5
F10,99,0.2857142857142857,1.5498260458782018,1.1666666666666667,XMEAS7-XMEAS10,0.2857142857142857,5
F10,100,0.42857142857142855,1.277034259466139,1.1666666666666667,XMEAS10-XMEAS11,0.42857142857142855,4
F10,101,0.42857142857142855,1.2770342594661392,1.1666666666666667,XMEAS8-XMEAS9,0.42857142857142855,4
F10,102,0.2857142857142857,1.351783994289646,1.0,XMEAS8-XMEAS11,0.2857142857142857,4
F10,103,0.2857142857142857,1.5498260458782016,1.4,XMEAS8-XMEAS9,0.2857142857142857,5
F10,104,0.2857142857142857,1.5498260458782016,1.4,XMEAS8-XMEAS11,0.2857142857142857,5
F10,105,0.42857142857142855,1.0042424730540764,1.4,XMEAS10-XMEAS11,0.42857142857142855,3
F10,106,0.2857142857142857,1.351783994289646,1.75,XMEAS8-XMEAS9,0.2857142857142857,4
F10,107,0.42857142857142855,1.277034259466139,1.4,XMEAS9-XMEAS10,0.42857142857142855,4
F10,108,0.2857142857142857,1.5498260458782016,1.1666666666666667,XMEAS8-XMEAS9,0.2857142857142857,5
F10,109,0.42857142857142855,1.277034259466139,1.4,XMEAS7-XMEAS11,0.42857142857142855,4
F10,110,0.42857142857142855,1.2770342594661392,1.1666666666666667,XMEAS8-XMEAS10,0.42857142857142855,4
F10,111,0.2857142857142857,1.549826045878202,1.0,XMEAS8-XMEAS9,0.2857142857142857,5
F10,112,0.2857142857142857,1.5498260458782016,1.1666666666666667,XMEAS9-XMEAS10,0.2857142857142857,5
F10,113,0.14285714285714285,1.945910149055314,1.0,XMEAS7-XMEAS9,0.14285714285714285,7
F10,114,0.42857142857142855,1.2770342594661392,1.1666666666666667,XMEAS9-XMEAS10,0.42857142857142855,4
F10,115,0.42857142857142855,1.277034259466139,1.0,XMEAS10-XMEAS11,0.42857142857142855,4
F10,116,0.42857142857142855,1.475076311054695,1.1666666666666667,XMEAS8-XMEAS9,0.42857142857142855,5
F10,117,0.2857142857142857,1.7478680974667578,1.1666666666666667,XMEAS8-XMEAS9,0.2857142857142857,6
F10,118,0.2857142857142857,1.549826045878202,1.1666666666666667,XMEAS8-XMEAS9,0.2857142857142857,5
F10,119,0.2857142857142857,1.549826045878202,1.1666666666666667,XMEAS7-XMEAS11,0.2857142857142857,5
F10,120,0.2857142857142857,1.549826045878202,1.1666666666666667,XMEAS8-XMEAS11,0.2857142857142857,5
F10,121,0.2857142857142857,1.7478680974667578,1.0,XMEAS9-XMEAS10,0.2857142857142857,6
F10,122,0.2857142857142857,1.7478680974667578,1.1666666666666667,XMEAS9-XMEAS11,0.2857142857142857,6
F10,123,0.2857142857142857,1.549826045878202,1.0,XMEAS7-XMEAS11,0.2857142857142857,5
F10,124,0.2857142857142857,1.549826045878202,1.4,XMEAS8-XMEAS10,0.2857142857142857,5
F10,125,0.2857142857142857,1.5498260458782016,1.0,XMEAS10-XMEAS11,0.2857142857142857,5
F10,126,0.42857142857142855,1.2770342594661392,1.0,XMEAS8-XMEAS9,0.42857142857142855,4
F10,127,0.2857142857142857,1.549826045878202,1.0,XMEAS8-XMEAS10,0.2857142857142857,5
F10,128,0.2857142857142857,1.5498260458782016,1.0,XMEAS10-XMEAS11,0.2857142857142857,5
F10,129,0.42857142857142855,1.475076311054695,1.1666666666666667,XMEAS10-XMEAS11,0.42857142857142855,5
F10,130,0.2857142857142857,1.549826045878202,1.0,XMEAS10-XMEAS11,0.2857142857142857,5
F10,131,0.2857142857142857,1.351783994289646,1.1666666666666667,XMEAS8-XMEAS9,0.2857142857142857,4
F10,132,0.42857142857142855,1.475076311054695,1.0,XMEAS8-XMEAS9,0.42857142857142855,5
F10,133,0.14285714285714285,1.945910149055314,1.0,XMEAS7-XMEAS11,0.14285714285714285,7
F10,134,0.2857142857142857,1.7478680974667578,1.0,XMEAS7-XMEAS11,0.2857142857142857,6
F10,135,0.2857142857142857,1.7478680974667578,1.1666666666666667,XMEAS7-XMEAS9,0.2857142857142857,6
F10,136,0.2857142857142857,1.7478680974667578,1.0,XMEAS9-XMEAS11,0.2857142857142857,6
F10,137,0.2857142857142857,1.351783994289646,1.0,XMEAS8-XMEAS11,0.2857142857142857,4
F10,138,0.42857142857142855,1.475076311054695,1.1666666666666667,XMEAS7-XMEAS10,0.42857142857142855,5
F10,139,0.42857142857142855,1.2770342594661392,1.0,XMEAS7-XMEAS11,0.42857142857142855,4
F10,140,0.2857142857142857,1.7478680974667578,1.1666666666666667,XMEAS10-XMEAS11,0.2857142857142857,6
F10,141,0.2857142857142857,1.351783994289646,1.0,XMEAS8-XMEAS9,0.2857142857142857,4
F10,142,0.42857142857142855,1.2770342594661392,1.0,XMEAS10-XMEAS11,0.42857142857142855,4
F10,143,0.2857142857142857,1.549826045878202,1.4,XMEAS8-XMEAS9,0.2857142857142857,5
F10,144,0.2857142857142857,1.351783994289646,1.1666666666666667,XMEAS8-XMEAS9,0.2857142857142857,4
F10,145,0.2857142857142857,1.351783994289646,1.0,XMEAS8-XMEAS9,0.2857142857142857,4
F10,146,0.42857142857142855,1.475076311054695,1.1666666666666667,XMEAS7-XMEAS11,0.42857142857142855,5
F10,147,0.2857142857142857,1.5498260458782016,1.1666666666666667,XMEAS7-XMEAS11,0.2857142857142857,5
F10,148,0.42857142857142855,1.277034259466139,1.1666666666666667,XMEAS8-XMEAS9,0.42857142857142855,4
F10,149,0.42857142857142855,1.277034259466139,1.1666666666666667,XMEAS10-XMEAS11,0.42857142857142855,4
F10,150,0.42857142857142855,1.2770342594661392,1.0,XMEAS8-XMEAS9,0.42857142857142855,4
F10,151,0.2857142857142857,1.7478680974667578,1.0,XMEAS7-XMEAS11,0.2857142857142857,6
F10,152,0.42857142857142855,1.2770342594661392,1.1666666666666667,XMEAS7-XMEAS11,0.42857142857142855,4
F10,153,0.5714285714285714,0.9556998911125343,1.1666666666666667,XMEAS8-XMEAS9,0.5714285714285714,3
F10,154,0.2857142857142857,1.7478680974667578,1.0,XMEAS8-XMEAS9,0.2857142857142857,6
F10,155,0.2857142857142857,1.549826045878202,1.1666666666666667,XMEAS8-XMEAS9,0.2857142857142857,5
F10,156,0.42857142857142855,1.475076311054695,1.1666666666666667,XMEAS8-XMEAS9,0.42857142857142855,5
F10,157,0.2857142857142857,1.549826045878202,1.1666666666666667,XMEAS8-XMEAS9,0.2857142857142857,5
F10,158,0.42857142857142855,1.475076311054695,1.4,XMEAS7-XMEAS11,0.42857142857142855,5
F10,159,0.2857142857142857,1.5498260458782016,1.1666666666666667,XMEAS8-XMEAS11,0.2857142857142857,5
F10,160,0.2857142857142857,1.7478680974667578,1.1666666666666667,XMEAS9-XMEAS10,0.2857142857142857,6
F10,161,0.2857142857142857,1.5498260458782018,1.4,XMEAS8-XMEAS10,0.2857142857142857,5
F10,162,0.42857142857142855,1.475076311054695,1.1666666666666667,XMEAS7-XMEAS11,0.42857142857142855,5
F10,163,0.2857142857142857,1.7478680974667578,1.1666666666666667,XMEAS7-XMEAS11,0.2857142857142857,6
F10,164,0.2857142857142857,1.7478680974667578,1.0,XMEAS8-XMEAS9,0.2857142857142857,6
F10,165,0.42857142857142855,1.475076311054695,1.1666666666666667,XMEAS7-XMEAS11,0.42857142857142855,5
F10,166,0.5714285714285714,0.9556998911125343,1.1666666666666667,XMEAS8-XMEAS9,0.5714285714285714,3
F10,167,0.42857142857142855,1.2770342594661392,1.0,XMEAS8-XMEAS9,0.42857142857142855,4
F10,168,0.42857142857142855,1.0789922078775833,1.75,XMEAS7-XMEAS11,0.42857142857142855,3
F10,169,0.14285714285714285,1.945910149055314,1.0,XMEAS8-XMEAS11,0.14285714285714285,7
F10,170,0.42857142857142855,1.0042424730540764,1.0,XMEAS8-XMEAS9,0.42857142857142855,3
F10,171,0.14285714285714285,1.945910149055314,1.0,XMEAS10-XMEAS11,0.14285714285714285,7
F10,172,0.2857142857142857,1.5498260458782018,1.1666666666666667,XMEAS10-XMEAS11,0.2857142857142857,5
F10,173,0.5714285714285714,1.1537419427010902,1.1666666666666667,XMEAS8-XMEAS9,0.5714285714285714,4
F10,174,0.42857142857142855,1.2770342594661392,1.4,XMEAS7-XMEAS11,0.42857142857142855,4
F10,175,0.2857142857142857,1.7478680974667578,1.1666666666666667,XMEAS10-XMEAS11,0.2857142857142857,6
F10,176,0.2857142857142857,1.351783994289646,1.1666666666666667,XMEAS8-XMEAS11,0.2857142857142857,4
F10,177,0.42857142857142855,1.2770342594661392,1.1666666666666667,XMEAS7-XMEAS11,0.42857142857142855,4
F10,178,0.2857142857142857,1.549826045878202,1.1666666666666667,XMEAS8-XMEAS9,0.2857142857142857,5
F10,179,0.2857142857142857,1.5498260458782018,1.1666666666666667,XMEAS8-XMEAS11,0.2857142857142857,5
F10,180,0.42857142857142855,1.277034259466139,1.4,XMEAS8-XMEAS9,0.42857142857142855,4
F10,181,0.2857142857142857,1.7478680974667578,1.0,XMEAS8-XMEAS10,0.2857142857142857,6
F10,182,0.2857142857142857,1.351783994289646,1.4,XMEAS7-XMEAS9,0.2857142857142857,4
F10,183,0.2857142857142857,1.549826045878202,1.1666666666666667,XMEAS9-XMEAS10,0.2857142857142857,5
F10,184,0.42857142857142855,1.475076311054695,1.1666666666666667,XMEAS10-XMEAS11,0.42857142857142855,5
F10,185,0.2857142857142857,1.549826045878202,1.0,XMEAS8-XMEAS9,0.2857142857142857,5
F10,186,0.14285714285714285,1.945910149055314,1.0,XMEAS10-XMEAS11,0.14285714285714285,7
F10,187,0.42857142857142855,1.475076311054695,1.1666666666666667,XMEAS7-XMEAS11,0.42857142857142855,5
F10,188,0.2857142857142857,1.7478680974667578,1.0,XMEAS7-XMEAS10,0.2857142857142857,6
F10,189,0.2857142857142857,1.351783994289646,1.1666666666666667,XMEAS8-XMEAS11,0.2857142857142857,4
F10,190,0.42857142857142855,1.2770342594661392,1.4,XMEAS8-XMEAS10,0.42857142857142855,4
F10,191,0.2857142857142857,1.5498260458782018,1.0,XMEAS8-XMEAS11,0.2857142857142857,5
F10,192,0.42857142857142855,1.277034259466139,1.4,XMEAS8-XMEAS10,0.42857142857142855,4
F10,193,0.14285714285714285,1.945910149055314,1.0,XMEAS8-XMEAS10,0.14285714285714285,7
F10,194,0.2857142857142857,1.549826045878202,1.4,XMEAS8-XMEAS10,0.2857142857142857,5
F10,195,0.2857142857142857,1.7478680974667578,1.0,XMEAS8-XMEAS9,0.2857142857142857,6
F10,196,0.42857142857142855,1.277034259466139,1.4,XMEAS8-XMEAS9,0.42857142857142855,4
F10,197,0.2857142857142857,1.7478680974667578,1.0,XMEAS7-XMEAS11,0.2857142857142857,6
F10,198,0.42857142857142855,1.2770342594661392,1.0,XMEAS7-XMEAS9,0.42857142857142855,4
F10,199,0.2857142857142857,1.7478680974667573,1.0,XMEAS8-XMEAS9,0.2857142857142857,6
F10,200,0.42857142857142855,1.2770342594661392,1.1666666666666667,XMEAS7-XMEAS11,0.42857142857142855,4
F10,201,0.42857142857142855,1.277034259466139,1.0,XMEAS8-XMEAS9,0.42857142857142855,4
F10,202,0.42857142857142855,1.2770342594661392,1.1666666666666667,XMEAS9-XMEAS10,0.42857142857142855,4
F10,203,0.42857142857142855,1.475076311054695,1.1666666666666667,XMEAS7-XMEAS11,0.42857142857142855,5
F10,204,0.42857142857142855,1.475076311054695,1.1666666666666667,XMEAS8-XMEAS9,0.42857142857142855,5
F10,205,0.2857142857142857,1.351783994289646,1.1666666666666667,XMEAS8-XMEAS9,0.2857142857142857,4
F10,206,0.2857142857142857,1.5498260458782018,1.4,XMEAS7-XMEAS11,0.2857142857142857,5
F10,207,0.2857142857142857,1.5498260458782016,1.4,XMEAS8-XMEAS9,0.2857142857142857,5
F10,208,0.42857142857142855,1.277034259466139,1.0,XMEAS8-XMEAS9,0.42857142857142855,4
F10,209,0.2857142857142857,1.7478680974667573,1.1666666666666667,XMEAS7-XMEAS10,0.2857142857142857,6
F10,210,0.2857142857142857,1.5498260458782018,1.1666666666666667,XMEAS10-XMEAS11,0.2857142857142857,5
F10,211,0.42857142857142855,1.2770342594661392,1.0,XMEAS8-XMEAS9,0.42857142857142855,4
F10,212,0.5714285714285714,1.1537419427010902,1.4,XMEAS8-XMEAS10,0.5714285714285714,4
F10,213,0.2857142857142857,1.549826045878202,1.0,XMEAS8-XMEAS11,0.2857142857142857,5
F10,214,0.2857142857142857,1.5498260458782016,1.0,XMEAS8-XMEAS11,0.2857142857142857,5
F10,215,0.2857142857142857,1.7478680974667578,1.0,XMEAS8-XMEAS9,0.2857142857142857,6
F10,216,0.2857142857142857,1.351783994289646,1.1666666666666667,XMEAS9-XMEAS10,0.2857142857142857,4
F10,217,0.14285714285714285,1.945910149055314,1.0,XMEAS7-XMEAS8,0.14285714285714285,7
F10,218,0.42857142857142855,1.475076311054695,1.4,XMEAS8-XMEAS9,0.42857142857142855,5
F10,219,0.2857142857142857,1.7478680974667578,1.0,XMEAS8-XMEAS10,0.2857142857142857,6
F10,220,0.2857142857142857,1.549826045878202,1.0,XMEAS8-XMEAS9,0.2857142857142857,5
F10,221,0.2857142857142857,1.7478680974667578,1.0,XMEAS10-XMEAS11,0.2857142857142857,6
F10,222,0.42857142857142855,1.277034259466139,1.4,XMEAS8-XMEAS9,0.42857142857142855,4
F10,223,0.42857142857142855,1.2770342594661392,1.4,XMEAS7-XMEAS11,0.42857142857142855,4
F10,224,0.5714285714285714,1.1537419427010902,1.4,XMEAS8-XMEAS9,0.5714285714285714,4
F10,225,0.2857142857142857,1.351783994289646,1.1666666666666667,XMEAS7-XMEAS11,0.2857142857142857,4
F10,226,0.2857142857142857,1.7478680974667573,1.0,XMEAS9-XMEAS10,0.2857142857142857,6
F10,227,0.42857142857142855,1.2770342594661392,1.75,XMEAS7-XMEAS11,0.42857142857142855,4
F10,228,0.2857142857142857,1.7478680974667578,1.0,XMEAS8-XMEAS9,0.2857142857142857,6
F10,229,0.2857142857142857,1.549826045878202,1.0,XMEAS7-XMEAS11,0.2857142857142857,5
F10,230,0.2857142857142857,1.351783994289646,1.4,XMEAS8-XMEAS10,0.2857142857142857,4
F10,231,0.42857142857142855,1.475076311054695,1.1666666666666667,XMEAS8-XMEAS10,0.42857142857142855,5
F10,232,0.42857142857142855,1.475076311054695,1.1666666666666667,XMEAS10-XMEAS11,0.42857142857142855,5
F10,233,0.5714285714285714,0.9556998911125343,1.75,XMEAS8-XMEAS9,0.5714285714285714,3
F10,234,0.2857142857142857,1.549826045878202,1.0,XMEAS8-XMEAS10,0.2857142857142857,5
F10,235,0.2857142857142857,1.7478680974667578,1.0,XMEAS8-XMEAS9,0.2857142857142857,6
F10,236,0.2857142857142857,1.5498260458782018,1.0,XMEAS8-XMEAS10,0.2857142857142857,5
F10,237,0.42857142857142855,1.4750763110546947,1.4,XMEAS7-XMEAS11,0.42857142857142855,5
F10,238,0.2857142857142857,1.7478680974667578,1.0,XMEAS7-XMEAS10,0.2857142857142857,6
F10,239,0.2857142857142857,1.549826045878202,1.1666666666666667,XMEAS8-XMEAS10,0.2857142857142857,5
F10,240,0.42857142857142855,1.2770342594661392,1.1666666666666667,XMEAS7-XMEAS11,0.42857142857142855,4
F10,241,0.2857142857142857,1.5498260458782016,1.0,XMEAS8-XMEAS10,0.2857142857142857,5
F10,242,0.2857142857142857,1.7478680974667578,1.0,XMEAS7-XMEAS8,0.2857142857142857,6
F10,243,0.42857142857142855,1.475076311054695,1.1666666666666667,XMEAS7-XMEAS11,0.42857142857142855,5
F10,244,0.2857142857142857,1.7478680974667578,1.1666666666666667,XMEAS8-XMEAS11,0.2857142857142857,6
F10,245,0.42857142857142855,1.475076311054695,1.1666666666666667,XMEAS7-XMEAS11,0.42857142857142855,5
F10,246,0.42857142857142855,1.0789922078775833,1.4,XMEAS8-XMEAS9,0.42857142857142855,3
F10,247,0.42857142857142855,1.475076311054695,1.0,XMEAS10-XMEAS11,0.42857142857142855,5
F10,248,0.42857142857142855,1.2770342594661392,1.4,XMEAS7-XMEAS11,0.42857142857142855,4
F10,249,0.5714285714285714,0.9556998911125343,1.4,XMEAS8-XMEAS9,0.5714285714285714,3
F10,250,0.2857142857142857,1.549826045878202,1.1666666666666667,XMEAS10-XMEAS11,0.2857142857142857,5
F10,251,0.42857142857142855,1.475076311054695,1.0,XMEAS8-XMEAS10,0.42857142857142855,5
F10,252,0.5714285714285714,1.1537419427010902,1.1666666666666667,XMEAS8-XMEAS9,0.5714285714285714,4
F10,253,0.2857142857142857,1.7478680974667578,1.0,XMEAS8-XMEAS9,0.2857142857142857,6
F10,254,0.42857142857142855,1.475076311054695,1.1666666666666667,XMEAS9-XMEAS11,0.42857142857142855,5
F10,255,0.2857142857142857,1.7478680974667578,1.1666666666666667,XMEAS9-XMEAS11,0.2857142857142857,6
F10,256,0.2857142857142857,1.5498260458782016,1.1666666666666667,XMEAS7-XMEAS9,0.2857142857142857,5
F10,257,0.42857142857142855,1.475076311054695,1.0,XMEAS7-XMEAS8,0.42857142857142855,5
F10,258,0.2857142857142857,1.549826045878202,1.0,XMEAS8-XMEAS9,0.2857142857142857,5
F10,259,0.2857142857142857,1.351783994289646,1.1666666666666667,XMEAS8-XMEAS11,0.2857142857142857,4
F10,260,0.42857142857142855,1.277034259466139,1.1666666666666667,XMEAS8-XMEAS9,0.42857142857142855,4
F10,261,0.42857142857142855,1.2770342594661392,1.1666666666666667,XMEAS8-XMEAS9,0.42857142857142855,4
F10,262,0.2857142857142857,1.351783994289646,1.0,XMEAS9-XMEAS10,0.2857142857142857,4
F10,263,0.2857142857142857,1.5498260458782016,1.1666666666666667,XMEAS7-XMEAS11,0.2857142857142857,5
F10,264,0.5714285714285714,1.1537419427010902,1.4,XMEAS10-XMEAS11,0.5714285714285714,4
F10,265,0.2857142857142857,1.549826045878202,1.1666666666666667,XMEAS7-XMEAS10,0.2857142857142857,5
F10,266,0.2857142857142857,1.351783994289646,1.4,XMEAS8-XMEAS9,0.2857142857142857,4
F10,267,0.2857142857142857,1.7478680974667578,1.0,XMEAS7-XMEAS8,0.2857142857142857,6
F10,268,0.42857142857142855,1.2770342594661392,1.1666666666666667,XMEAS8-XMEAS9,0.42857142857142855,4
F10,269,0.42857142857142855,1.475076311054695,1.1666666666666667,XMEAS7-XMEAS11,0.42857142857142855,5
F10,270,0.2857142857142857,1.5498260458782018,1.1666666666666667,XMEAS7-XMEAS9,0.2857142857142857,5
F10,271,0.2857142857142857,1.351783994289646,1.4,XMEAS10-XMEAS11,0.2857142857142857,4
F10,272,0.42857142857142855,1.475076311054695,1.1666666666666667,XMEAS8-XMEAS9,0.42857142857142855,5
F10,273,0.42857142857142855,1.2770342594661392,1.4,XMEAS8-XMEAS9,0.42857142857142855,4
F10,274,0.42857142857142855,1.475076311054695,1.1666666666666667,XMEAS8-XMEAS9,0.42857142857142855,5
F10,275,0.2857142857142857,1.351783994289646,1.1666666666666667,XMEAS7-XMEAS11,0.2857142857142857,4
F10,276,0.2857142857142857,1.5498260458782018,1.1666666666666667,XMEAS8-XMEAS10,0.2857142857142857,5
F10,277,0.2857142857142857,1.7478680974667573,1.1666666666666667,XMEAS8-XMEAS11,0.2857142857142857,6
F10,278,0.2857142857142857,1.7478680974667578,1.1666666666666667,XMEAS8-XMEAS9,0.2857142857142857,6
F10,279,0.2857142857142857,1.5498260458782016,1.4,XMEAS7-XMEAS11,0.2857142857142857,5
F10,280,0.2857142857142857,1.7478680974667578,1.0,XMEAS8-XMEAS10,0.2857142857142857,6
F10,281,0.14285714285714285,1.945910149055314,1.0,XMEAS8-XMEAS10,0.14285714285714285,7
F10,282,0.2857142857142857,1.7478680974667578,1.0,XMEAS7-XMEAS10,0.2857142857142857,6
F10,283,0.2857142857142857,1.549826045878202,1.1666666666666667,XMEAS8-XMEAS9,0.2857142857142857,5
F10,284,0.42857142857142855,1.277034259466139,1.1666666666666667,XMEAS10-XMEAS11,0.42857142857142855,4
F10,285,0.2857142857142857,1.5498260458782018,1.1666666666666667,XMEAS8-XMEAS9,0.2857142857142857,5
F10,286,0.2857142857142857,1.5498260458782016,1.1666666666666667,XMEAS9-XMEAS10,0.2857142857142857,5
F10,287,0.42857142857142855,1.4750763110546947,1.1666666666666667,XMEAS9-XMEAS10,0.42857142857142855,5
F10,288,0.2857142857142857,1.549826045878202,1.1666666666666667,XMEAS7-XMEAS8,0.2857142857142857,5
F10,289,0.2857142857142857,1.549826045878202,1.0,XMEAS8-XMEAS9,0.2857142857142857,5
F10,290,0.42857142857142855,1.475076311054695,1.1666666666666667,XMEAS8-XMEAS9,0.42857142857142855,5
F10,291,0.2857142857142857,1.7478680974667578,1.0,XMEAS7-XMEAS11,0.2857142857142857,6
F10,292,0.14285714285714285,1.945910149055314,1.0,XMEAS8-XMEAS11,0.14285714285714285,7
F10,293,0.5714285714285714,1.1537419427010902,1.4,XMEAS8-XMEAS9,0.5714285714285714,4
F10,294,0.42857142857142855,1.277034259466139,1.4,XMEAS7-XMEAS11,0.42857142857142855,4
F10,295,0.42857142857142855,1.475076311054695,1.1666666666666667,XMEAS8-XMEAS11,0.42857142857142855,5
F10,296,0.42857142857142855,1.475076311054695,1.0,XMEAS8-XMEAS9,0.42857142857142855,5
F10,297,0.42857142857142855,1.2770342594661392,1.1666666666666667,XMEAS8-XMEAS9,0.42857142857142855,4
F10,298,0.42857142857142855,1.475076311054695,1.1666666666666667,XMEAS8-XMEAS9,0.42857142857142855,5
F10,299,0.42857142857142855,1.0789922078775833,1.1666666666666667,XMEAS8-XMEAS10,0.42857142857142855,3
F10,300,0.2857142857142857,1.5498260458782016,1.1666666666666667,XMEAS8-XMEAS11,0.2857142857142857,5
F10,301,0.2857142857142857,1.351783994289646,1.0,XMEAS8-XMEAS9,0.2857142857142857,4
F10,302,0.2857142857142857,1.549826045878202,1.0,XMEAS10-XMEAS11,0.2857142857142857,5
F10,303,0.2857142857142857,1.7478680974667578,1.0,XMEAS8-XMEAS10,0.2857142857142857,6
F10,304,0.2857142857142857,1.351783994289646,1.1666666666666667,XMEAS8-XMEAS11,0.2857142857142857,4
F10,305,0.2857142857142857,1.7478680974667578,1.0,XMEAS7-XMEAS10,0.2857142857142857,6
F10,306,0.42857142857142855,1.475076311054695,1.0,XMEAS8-XMEAS10,0.42857142857142855,5
F10,307,0.42857142857142855,1.2770342594661392,1.0,XMEAS9-XMEAS10,0.42857142857142855,4
F10,308,0.42857142857142855,1.475076311054695,1.1666666666666667,XMEAS8-XMEAS10,0.42857142857142855,5
F10,309,0.42857142857142855,1.277034259466139,1.0,XMEAS7-XMEAS11,0.42857142857142855,4
F10,310,0.42857142857142855,1.475076311054695,1.1666666666666667,XMEAS8-XMEAS9,0.42857142857142855,5
F10,311,0.2857142857142857,1.351783994289646,1.4,XMEAS10-XMEAS11,0.2857142857142857,4
F10,312,0.2857142857142857,1.549826045878202,1.0,XMEAS8-XMEAS9,0.2857142857142857,5
F10,313,0.42857142857142855,1.277034259466139,1.1666666666666667,XMEAS8-XMEAS11,0.42857142857142855,4
F10,314,0.5714285714285714,0.9556998911125343,1.75,XMEAS8-XMEAS9,0.5714285714285714,3
F10,315,0.42857142857142855,1.475076311054695,1.1666666666666667,XMEAS8-XMEAS9,0.42857142857142855,5
F10,316,0.42857142857142855,1.277034259466139,1.0,XMEAS8-XMEAS10,0.42857142857142855,4
F10,317,0.7142857142857143,0.7963116401738131,1.4,XMEAS8-XMEAS9,0.7142857142857143,3
F10,318,0.14285714285714285,1.945910149055314,1.0,XMEAS8-XMEAS11,0.14285714285714285,7
F10,319,0.42857142857142855,1.0789922078775833,1.4,XMEAS7-XMEAS11,0.42857142857142855,3
F10,320,0.2857142857142857,1.549826045878202,1.0,XMEAS10-XMEAS11,0.2857142857142857,5
F10,321,0.2857142857142857,1.549826045878202,1.0,XMEAS8-XMEAS9,0.2857142857142857,5
F10,322,0.42857142857142855,1.475076311054695,1.1666666666666667,XMEAS8-XMEAS9,0.42857142857142855,5
F10,323,0.42857142857142855,1.277034259466139,1.75,XMEAS7-XMEAS8,0.42857142857142855,4
F10,324,0.2857142857142857,1.7478680974667578,1.1666666666666667,XMEAS8-XMEAS10,0.2857142857142857,6
F10,325,0.42857142857142855,1.475076311054695,1.4,XMEAS7-XMEAS11,0.42857142857142855,5
F10,326,0.42857142857142855,1.277034259466139,1.1666666666666667,XMEAS7-XMEAS11,0.42857142857142855,4
F10,327,0.42857142857142855,1.0789922078775833,1.0,XMEAS8-XMEAS9,0.42857142857142855,3
F10,328,0.2857142857142857,1.7478680974667578,1.0,XMEAS7-XMEAS11,0.2857142857142857,6
F10,329,0.2857142857142857,1.7478680974667578,1.0,XMEAS9-XMEAS10,0.2857142857142857,6
F10,330,0.5714285714285714,1.15374194270109,1.4,XMEAS8-XMEAS9,0.5714285714285714,4
F10,331,0.42857142857142855,1.475076311054695,1.1666666666666667,XMEAS7-XMEAS9,0.42857142857142855,5
F10,332,0.2857142857142857,1.5498260458782016,1.0,XMEAS8-XMEAS9,0.2857142857142857,5
F10,333,0.42857142857142855,1.475076311054695,1.0,XMEAS8-XMEAS9,0.42857142857142855,5
F10,334,0.42857142857142855,1.0042424730540764,1.75,XMEAS8-XMEAS9,0.42857142857142855,3
F10,335,0.2857142857142857,1.5498260458782016,1.0,XMEAS8-XMEAS11,0.2857142857142857,5
F10,336,0.2857142857142857,1.7478680974667578,1.0,XMEAS8-XMEAS10,0.2857142857142857,6
F10,337,0.2857142857142857,1.7478680974667578,1.0,XMEAS8-XMEAS9,0.2857142857142857,6
F10,338,0.2857142857142857,1.7478680974667578,1.0,XMEAS10-XMEAS11,0.2857142857142857,6
F10,339,0.5714285714285714,1.1537419427010902,1.1666666666666667,XMEAS8-XMEAS10,0.5714285714285714,4
F10,340,0.2857142857142857,1.7478680974667578,1.0,XMEAS8-XMEAS9,0.2857142857142857,6
F10,341,0.2857142857142857,1.7478680974667578,1.0,XMEAS7-XMEAS9,0.2857142857142857,6
F10,342,0.42857142857142855,1.277034259466139,1.4,XMEAS10-XMEAS11,0.42857142857142855,4
F10,343,0.42857142857142855,1.0042424730540764,1.1666666666666667,XMEAS7-XMEAS11,0.42857142857142855,3
F10,344,0.42857142857142855,1.2770342594661392,1.75,XMEAS8-XMEAS9,0.42857142857142855,4
F10,345,0.14285714285714285,1.945910149055314,1.0,XMEAS8-XMEAS10,0.14285714285714285,7
F10,346,0.2857142857142857,1.549826045878202,1.0,XMEAS7-XMEAS11,0.2857142857142857,5
F10,347,0.2857142857142857,1.351783994289646,1.0,XMEAS8-XMEAS9,0.2857142857142857,4
F10,348,0.2857142857142857,1.7478680974667578,1.1666666666666667,XMEAS7-XMEAS11,0.2857142857142857,6
F10,349,0.14285714285714285,1.945910149055314,1.0,XMEAS8-XMEAS11,0.14285714285714285,7
F10,350,0.2857142857142857,1.7478680974667578,1.1666666666666667,XMEAS8-XMEAS11,0.2857142857142857,6
F10,351,0.2857142857142857,1.7478680974667578,1.1666666666666667,XMEAS8-XMEAS9,0.2857142857142857,6
F10,352,0.2857142857142857,1.351783994289646,1.4,XMEAS9-XMEAS10,0.2857142857142857,4
F10,353,0.2857142857142857,1.7478680974667578,1.0,XMEAS8-XMEAS9,0.2857142857142857,6
F10,354,0.2857142857142857,1.5498260458782016,1.1666666666666667,XMEAS8-XMEAS9,0.2857142857142857,5
F10,355,0.2857142857142857,1.7478680974667578,1.0,XMEAS8-XMEAS11,0.2857142857142857,6
F10,356,0.42857142857142855,1.0789922078775833,1.1666666666666667,XMEAS10-XMEAS11,0.42857142857142855,3
F10,357,0.42857142857142855,1.277034259466139,1.1666666666666667,XMEAS7-XMEAS11,0.42857142857142855,4
F10,358,0.2857142857142857,1.549826045878202,1.1666666666666667,XMEAS7-XMEAS11,0.2857142857142857,5
F10,359,0.42857142857142855,1.475076311054695,1.1666666666666667,XMEAS8-XMEAS11,0.42857142857142855,5
F10,360,0.42857142857142855,1.475076311054695,1.1666666666666667,XMEAS7-XMEAS11,0.42857142857142855,5
F10,361,0.2857142857142857,1.7478680974667578,1.0,XMEAS9-XMEAS11,0.2857142857142857,6
F10,362,0.42857142857142855,1.475076311054695,1.0,XMEAS8-XMEAS9,0.42857142857142855,5
F10,363,0.2857142857142857,1.549826045878202,1.0,XMEAS8-XMEAS10,0.2857142857142857,5
F10,364,0.42857142857142855,1.2770342594661392,1.1666666666666667,XMEAS8-XMEAS11,0.42857142857142855,4
F10,365,0.42857142857142855,1.2770342594661392,1.0,XMEAS8-XMEAS9,0.42857142857142855,4
F10,366,0.2857142857142857,1.5498260458782016,1.1666666666666667,XMEAS8-XMEAS11,0.2857142857142857,5
F10,367,0.5714285714285714,1.1537419427010902,1.1666666666666667,XMEAS8-XMEAS9,0.5714285714285714,4
F10,368,0.2857142857142857,1.7478680974667578,1.0,XMEAS7-XMEAS9,0.2857142857142857,6
F10,369,0.2857142857142857,1.549826045878202,1.1666666666666667,XMEAS8-XMEAS10,0.2857142857142857,5
F10,370,0.2857142857142857,1.7478680974667578,1.1666666666666667,XMEAS8-XMEAS9,0.2857142857142857,6
F10,371,0.2857142857142857,1.7478680974667578,1.0,XMEAS7-XMEAS9,0.2857142857142857,6
F10,372,0.42857142857142855,1.277034259466139,1.1666666666666667,XMEAS8-XMEAS9,0.42857142857142855,4
F10,373,0.2857142857142857,1.7478680974667578,1.1666666666666667,XMEAS8-XMEAS10,0.2857142857142857,6
F10,374,0.42857142857142855,1.277034259466139,1.4,XMEAS8-XMEAS9,0.42857142857142855,4
F10,375,0.2857142857142857,1.5498260458782016,1.1666666666666667,XMEAS7-XMEAS11,0.2857142857142857,5
F10,376,0.2857142857142857,1.7478680974667578,1.1666666666666667,XMEAS9-XMEAS10,0.2857142857142857,6
F10,377,0.2857142857142857,1.549826045878202,1.0,XMEAS8-XMEAS11,0.2857142857142857,5
F10,378,0.2857142857142857,1.5498260458782016,1.0,XMEAS8-XMEAS10,0.2857142857142857,5
F10,379,0.2857142857142857,1.351783994289646,1.0,XMEAS8-XMEAS9,0.2857142857142857,4
F10,380,0.2857142857142857,1.549826045878202,1.0,XMEAS8-XMEAS10,0.2857142857142857,5
F10,381,0.5714285714285714,1.1537419427010902,1.4,XMEAS7-XMEAS11,0.5714285714285714,4
F10,382,0.42857142857142855,1.2770342594661392,1.1666666666666667,XMEAS8-XMEAS10,0.42857142857142855,4
F10,383,0.42857142857142855,1.277034259466139,1.0,XMEAS8-XMEAS10,0.42857142857142855,4
F10,384,0.2857142857142857,1.549826045878202,1.1666666666666667,XMEAS8-XMEAS9,0.2857142857142857,5
F10,385,0.2857142857142857,1.549826045878202,1.1666666666666667,XMEAS9-XMEAS11,0.2857142857142857,5
F10,386,0.42857142857142855,1.475076311054695,1.1666666666666667,XMEAS8-XMEAS9,0.42857142857142855,5
F10,387,0.2857142857142857,1.7478680974667578,1.0,XMEAS10-XMEAS11,0.2857142857142857,6
F10,388,0.2857142857142857,1.549826045878202,1.1666666666666667,XMEAS8-XMEAS10,0.2857142857142857,5
F10,389,0.2857142857142857,1.7478680974667578,1.0,XMEAS8-XMEAS9,0.2857142857142857,6
F10,390,0.42857142857142855,1.475076311054695,1.0,XMEAS8-XMEAS9,0.42857142857142855,5
F10,391,0.2857142857142857,1.5498260458782016,1.1666666666666667,XMEAS10-XMEAS11,0.2857142857142857,5
F10,392,0.42857142857142855,1.475076311054695,1.4,XMEAS8-XMEAS9,0.42857142857142855,5
F10,393,0.2857142857142857,1.5498260458782018,1.4,XMEAS9-XMEAS10,0.2857142857142857,5
F10,394,0.42857142857142855,1.277034259466139,1.1666666666666667,XMEAS7-XMEAS11,0.42857142857142855,4
F10,395,0.14285714285714285,1.945910149055314,1.0,XMEAS8-XMEAS10,0.14285714285714285,7
F10,396,0.42857142857142855,1.475076311054695,1.0,XMEAS8-XMEAS9,0.42857142857142855,5
F10,397,0.2857142857142857,1.5498260458782016,1.1666666666666667,XMEAS8-XMEAS9,0.2857142857142857,5
F10,398,0.2857142857142857,1.351783994289646,1.1666666666666667,XMEAS10-XMEAS11,0.2857142857142857,4
F10,399,0.2857142857142857,1.7478680974667578,1.0,XMEAS7-XMEAS8,0.2857142857142857,6
F10,400,0.42857142857142855,1.277034259466139,1.4,XMEAS8-XMEAS10,0.42857142857142855,4
F10,401,0.42857142857142855,1.4750763110546947,1.1666666666666667,XMEAS8-XMEAS9,0.42857142857142855,5
F10,402,0.2857142857142857,1.351783994289646,1.1666666666666667,XMEAS8-XMEAS11,0.2857142857142857,4
F10,403,0.2857142857142857,1.549826045878202,1.0,XMEAS8-XMEAS9,0.2857142857142857,5
F10,404,0.2857142857142857,1.549826045878202,1.0,XMEAS10-XMEAS11,0.2857142857142857,5
F10,405,0.2857142857142857,1.351783994289646,1.1666666666666667,XMEAS8-XMEAS9,0.2857142857142857,4
F10,406,0.14285714285714285,1.945910149055314,1.0,XMEAS7-XMEAS10,0.14285714285714285,7
F10,407,0.42857142857142855,1.0042424730540764,1.4,XMEAS7-XMEAS10,0.42857142857142855,3
F10,408,0.2857142857142857,1.5498260458782018,1.4,XMEAS7-XMEAS11,0.2857142857142857,5
F10,409,0.2857142857142857,1.5498260458782016,1.0,XMEAS8-XMEAS11,0.2857142857142857,5
F10,410,0.42857142857142855,1.2770342594661392,1.1666666666666667,XMEAS7-XMEAS11,0.42857142857142855,4
F10,411,0.42857142857142855,1.277034259466139,1.0,XMEAS8-XMEAS9,0.42857142857142855,4
F10,412,0.14285714285714285,1.945910149055314,1.0,XMEAS8-XMEAS9,0.14285714285714285,7
F10,413,0.2857142857142857,1.351783994289646,1.1666666666666667,XMEAS7-XMEAS10,0.2857142857142857,4
F10,414,0.42857142857142855,1.2770342594661392,1.1666666666666667,XMEAS10-XMEAS11,0.42857142857142855,4
F10,415,0.5714285714285714,1.1537419427010902,1.1666666666666667,XMEAS8-XMEAS9,0.5714285714285714,4
F10,416,0.2857142857142857,1.549826045878202,1.0,XMEAS9-XMEAS11,0.2857142857142857,5
F10,417,0.42857142857142855,1.475076311054695,1.1666666666666667,XMEAS10-XMEAS11,0.42857142857142855,5
F10,418,0.2857142857142857,1.5498260458782018,1.1666666666666667,XMEAS8-XMEAS10,0.2857142857142857,5
F10,419,0.42857142857142855,1.475076311054695,1.1666666666666667,XMEAS7-XMEAS8,0.42857142857142855,5
F10,420,0.2857142857142857,1.549826045878202,1.4,XMEAS8-XMEAS9,0.2857142857142857,5
F10,421,0.2857142857142857,1.7478680974667578,1.0,XMEAS9-XMEAS11,0.2857142857142857,6
F10,422,0.2857142857142857,1.549826045878202,1.4,XMEAS7-XMEAS11,0.2857142857142857,5
F10,423,0.2857142857142857,1.549826045878202,1.0,XMEAS8-XMEAS9,0.2857142857142857,5
F10,424,0.2857142857142857,1.7478680974667578,1.1666666666666667,XMEAS8-XMEAS9,0.2857142857142857,6
F10,425,0.2857142857142857,1.351783994289646,1.0,XMEAS10-XMEAS11,0.2857142857142857,4
F10,426,0.2857142857142857,1.351783994289646,1.1666666666666667,XMEAS9-XMEAS10,0.2857142857142857,4
F10,427,0.2857142857142857,1.5498260458782016,1.0,XMEAS8-XMEAS9,0.2857142857142857,5
F10,428,0.2857142857142857,1.351783994289646,1.0,XMEAS10-XMEAS11,0.2857142857142857,4
F10,429,0.2857142857142857,1.549826045878202,1.1666666666666667,XMEAS9-XMEAS10,0.2857142857142857,5
F10,430,0.42857142857142855,1.2770342594661392,1.1666666666666667,XMEAS8-XMEAS10,0.42857142857142855,4
F10,431,0.2857142857142857,1.351783994289646,1.1666666666666667,XMEAS8-XMEAS11,0.2857142857142857,4
F10,432,0.42857142857142855,1.475076311054695,1.1666666666666667,XMEAS7-XMEAS11,0.42857142857142855,5
F10,433,0.42857142857142855,1.475076311054695,1.4,XMEAS8-XMEAS10,0.42857142857142855,5
F10,434,0.2857142857142857,1.7478680974667578,1.1666666666666667,XMEAS8-XMEAS9,0.2857142857142857,6
F10,435,0.2857142857142857,1.549826045878202,1.0,XMEAS8-XMEAS9,0.2857142857142857,5
F10,436,0.2857142857142857,1.351783994289646,1.1666666666666667,XMEAS8-XMEAS9,0.2857142857142857,4
F10,437,0.2857142857142857,1.351783994289646,1.4,XMEAS8-XMEAS10,0.2857142857142857,4
F10,438,0.42857142857142855,1.475076311054695,1.1666666666666667,XMEAS8-XMEAS10,0.42857142857142855,5
F10,439,0.42857142857142855,1.2770342594661392,1.4,XMEAS10-XMEAS11,0.42857142857142855,4
F10,440,0.42857142857142855,1.2770342594661392,1.1666666666666667,XMEAS8-XMEAS9,0.42857142857142855,4
F10,441,0.2857142857142857,1.7478680974667578,1.0,XMEAS9-XMEAS10,0.2857142857142857,6
F10,442,0.2857142857142857,1.7478680974667578,1.1666666666666667,XMEAS7-XMEAS10,0.2857142857142857,6
F10,443,0.2857142857142857,1.549826045878202,1.4,XMEAS7-XMEAS11,0.2857142857142857,5
F10,444,0.2857142857142857,1.7478680974667578,1.0,XMEAS8-XMEAS9,0.2857142857142857,6
F10,445,0.2857142857142857,1.5498260458782018,1.1666666666666667,XMEAS9-XMEAS10,0.2857142857142857,5
F10,446,0.5714285714285714,0.9556998911125343,1.75,XMEAS7-XMEAS11,0.5714285714285714,3
F10,447,0.42857142857142855,1.475076311054695,1.0,XMEAS8-XMEAS9,0.42857142857142855,5
F10,448,0.5714285714285714,1.1537419427010902,1.1666666666666667,XMEAS8-XMEAS11,0.5714285714285714,4
F10,449,0.2857142857142857,1.7478680974667578,1.0,XMEAS8-XMEAS9,0.2857142857142857,6
F10,450,0.42857142857142855,1.475076311054695,1.1666666666666667,XMEAS8-XMEAS9,0.42857142857142855,5
F10,451,0.2857142857142857,1.5498260458782016,1.4,XMEAS9-XMEAS11,0.2857142857142857,5
F10,452,0.42857142857142855,1.475076311054695,1.1666666666666667,XMEAS10-XMEAS11,0.42857142857142855,5
F10,453,0.2857142857142857,1.549826045878202,1.0,XMEAS8-XMEAS9,0.2857142857142857,5
F10,454,0.2857142857142857,1.7478680974667578,1.0,XMEAS7-XMEAS10,0.2857142857142857,6
F10,455,0.42857142857142855,1.2770342594661392,1.4,XMEAS8-XMEAS9,0.42857142857142855,4
F10,456,0.42857142857142855,1.277034259466139,1.1666666666666667,XMEAS10-XMEAS11,0.42857142857142855,4
F10,457,0.42857142857142855,1.475076311054695,1.1666666666666667,XMEAS8-XMEAS9,0.42857142857142855,5
F10,458,0.2857142857142857,1.7478680974667578,1.1666666666666667,XMEAS10-XMEAS11,0.2857142857142857,6
F10,459,0.2857142857142857,1.7478680974667578,1.0,XMEAS8-XMEAS10,0.2857142857142857,6
F10,460,0.2857142857142857,1.549826045878202,1.0,XMEAS8-XMEAS9,0.2857142857142857,5
F10,461,0.42857142857142855,1.4750763110546947,1.1666666666666667,XMEAS10-XMEAS11,0.42857142857142855,5
F10,462,0.2857142857142857,1.549826045878202,1.0,XMEAS9-XMEAS10,0.2857142857142857,5
F10,463,0.2857142857142857,1.549826045878202,1.0,XMEAS8-XMEAS10,0.2857142857142857,5
F10,464,0.2857142857142857,1.7478680974667573,1.1666666666666667,XMEAS10-XMEAS11,0.2857142857142857,6
F10,465,0.5714285714285714,1.1537419427010902,1.4,XMEAS10-XMEAS11,0.5714285714285714,4
F10,466,0.2857142857142857,1.351783994289646,1.1666666666666667,XMEAS8-XMEAS11,0.2857142857142857,4
F10,467,0.14285714285714285,1.945910149055314,1.0,XMEAS7-XMEAS9,0.14285714285714285,7
F10,468,0.2857142857142857,1.5498260458782016,1.1666666666666667,XMEAS7-XMEAS11,0.2857142857142857,5
F10,469,0.2857142857142857,1.351783994289646,1.1666666666666667,XMEAS10-XMEAS11,0.2857142857142857,4
F10,470,0.2857142857142857,1.7478680974667578,1.0,XMEAS7-XMEAS11,0.2857142857142857,6
F10,471,0.2857142857142857,1.549826045878202,1.1666666666666667,XMEAS7-XMEAS8,0.2857142857142857,5
F10,472,0.42857142857142855,1.2770342594661392,1.1666666666666667,XMEAS8-XMEAS9,0.42857142857142855,4
F10,473,0.42857142857142855,1.475076311054695,1.1666666666666667,XMEAS7-XMEAS11,0.42857142857142855,5
F10,474,0.5714285714285714,1.1537419427010902,1.1666666666666667,XMEAS7-XMEAS11,0.5714285714285714,4
F10,475,0.2857142857142857,1.549826045878202,1.4,XMEAS9-XMEAS11,0.2857142857142857,5
F10,476,0.2857142857142857,1.7478680974667573,1.1666666666666667,XMEAS8-XMEAS11,0.2857142857142857,6
F10,477,0.2857142857142857,1.549826045878202,1.0,XMEAS8-XMEAS10,0.2857142857142857,5
F10,478,0.42857142857142855,1.2770342594661392,1.1666666666666667,XMEAS8-XMEAS9,0.42857142857142855,4
F10,479,0.2857142857142857,1.549826045878202,1.1666666666666667,XMEAS8-XMEAS10,0.2857142857142857,5
F10,480,0.2857142857142857,1.5498260458782016,1.1666666666666667,XMEAS8-XMEAS10,0.2857142857142857,5
F10,481,0.2857142857142857,1.549826045878202,1.0,XMEAS7-XMEAS11,0.2857142857142857,5
F10,482,0.2857142857142857,1.351783994289646,1.1666666666666667,XMEAS8-XMEAS9,0.2857142857142857,4
F10,483,0.2857142857142857,1.351783994289646,1.0,XMEAS8-XMEAS9,0.2857142857142857,4
F10,484,0.42857142857142855,1.475076311054695,1.1666666666666667,XMEAS8-XMEAS9,0.42857142857142855,5
F10,485,0.2857142857142857,1.351783994289646,1.4,XMEAS7-XMEAS10,0.2857142857142857,4
F10,486,0.42857142857142855,1.475076311054695,1.1666666666666667,XMEAS8-XMEAS9,0.42857142857142855,5
F10,487,0.5714285714285714,1.1537419427010902,1.1666666666666667,XMEAS8-XMEAS9,0.5714285714285714,4
F10,488,0.2857142857142857,1.7478680974667578,1.1666666666666667,XMEAS8-XMEAS9,0.2857142857142857,6
F10,489,0.2857142857142857,1.7478680974667578,1.1666666666666667,XMEAS8-XMEAS10,0.2857142857142857,6
F10,490,0.2857142857142857,1.549826045878202,1.0,XMEAS7-XMEAS8,0.2857142857142857,5
F10,491,0.42857142857142855,1.2770342594661392,1.75,XMEAS8-XMEAS9,0.42857142857142855,4
F10,492,0.2857142857142857,1.351783994289646,1.0,XMEAS8-XMEAS10,0.2857142857142857,4
F10,493,0.2857142857142857,1.7478680974667578,1.0,XMEAS9-XMEAS11,0.2857142857142857,6
F10,494,0.2857142857142857,1.549826045878202,1.0,XMEAS8-XMEAS11,0.2857142857142857,5
F10,495,0.2857142857142857,1.549826045878202,1.0,XMEAS10-XMEAS11,0.2857142857142857,5
F10,496,0.2857142857142857,1.5498260458782016,1.0,XMEAS7-XMEAS11,0.2857142857142857,5
F10,497,0.2857142857142857,1.549826045878202,1.0,XMEAS8-XMEAS9,0.2857142857142857,5
F10,498,0.2857142857142857,1.5498260458782016,1.0,XMEAS8-XMEAS9,0.2857142857142857,5
F10,499,0.2857142857142857,1.7478680974667578,1.0,XMEAS10-XMEAS11,0.2857142857142857,6
F10,500,0.2857142857142857,1.351783994289646,1.0,XMEAS8-XMEAS10,0.2857142857142857,4
F11,1,0.42857142857142855,1.475076311054695,1.1666666666666667,XMEAS7-XMEAS9,0.42857142857142855,5
F11,2,0.8571428571428571,0.410116318288409,2.3333333333333335,XMEAS7-XMEAS9,0.8571428571428571,2
F11,3,0.5714285714285714,0.9556998911125343,1.1666666666666667,XMEAS7-XMEAS9,0.5714285714285714,3
F11,4,0.7142857142857143,0.796311640173813,2.3333333333333335,XMEAS7-XMEAS9,0.7142857142857143,3
F11,5,0.7142857142857143,0.7963116401738131,1.75,XMEAS7-XMEAS9,0.7142857142857143,3
F11,6,0.42857142857142855,1.277034259466139,1.75,XMEAS7-XMEAS9,0.42857142857142855,4
F11,7,0.42857142857142855,1.475076311054695,1.0,XMEAS7-XMEAS9,0.42857142857142855,5
F11,8,0.42857142857142855,1.2770342594661392,1.0,XMEAS7-XMEAS9,0.42857142857142855,4
F11,9,0.5714285714285714,0.9556998911125343,1.1666666666666667,XMEAS7-XMEAS9,0.5714285714285714,3
F11,10,0.2857142857142857,1.549826045878202,1.0,XMEAS10-XMEAS11,0.2857142857142857,5
F11,11,0.5714285714285714,0.9556998911125343,1.75,XMEAS7-XMEAS9,0.5714285714285714,3
F11,12,0.2857142857142857,1.5498260458782018,1.4,XMEAS7-XMEAS9,0.2857142857142857,5
F11,13,0.8571428571428571,0.410116318288409,2.3333333333333335,XMEAS7-XMEAS9,0.8571428571428571,2
F11,14,0.42857142857142855,1.2770342594661392,1.1666666666666667,XMEAS7-XMEAS9,0.42857142857142855,4
F11,15,0.42857142857142855,1.475076311054695,1.1666666666666667,XMEAS7-XMEAS9,0.42857142857142855,5
F11,16,0.5714285714285714,1.1537419427010902,1.75,XMEAS7-XMEAS11,0.5714285714285714,4
F11,17,0.7142857142857143,0.7963116401738131,1.4,XMEAS7-XMEAS9,0.7142857142857143,3
F11,18,0.2857142857142857,1.7478680974667578,1.0,XMEAS7-XMEAS9,0.2857142857142857,6
F11,19,0.7142857142857143,0.7963116401738131,1.75,XMEAS7-XMEAS9,0.7142857142857143,3
F11,20,0.42857142857142855,1.277034259466139,1.1666666666666667,XMEAS7-XMEAS9,0.42857142857142855,4
F11,21,0.42857142857142855,1.475076311054695,1.1666666666666667,XMEAS7-XMEAS8,0.42857142857142855,5
F11,22,0.42857142857142855,1.277034259466139,1.1666666666666667,XMEAS8-XMEAS10,0.42857142857142855,4
F11,23,0.42857142857142855,1.277034259466139,1.1666666666666667,XMEAS7-XMEAS9,0.42857142857142855,4
F11,24,0.7142857142857143,0.7963116401738131,1.75,XMEAS7-XMEAS9,0.7142857142857143,3
F11,25,0.42857142857142855,1.277034259466139,1.1666666666666667,XMEAS7-XMEAS9,0.42857142857142855,4
F11,26,0.8571428571428571,0.410116318288409,2.3333333333333335,XMEAS7-XMEAS9,0.8571428571428571,2
F11,27,0.42857142857142855,1.2770342594661392,1.4,XMEAS7-XMEAS9,0.42857142857142855,4
F11,28,0.42857142857142855,1.2770342594661392,1.1666666666666667,XMEAS7-XMEAS9,0.42857142857142855,4
F11,29,0.5714285714285714,1.1537419427010902,1.4,XMEAS7-XMEAS9,0.5714285714285714,4
F11,30,0.5714285714285714,1.1537419427010902,1.1666666666666667,XMEAS7-XMEAS9,0.5714285714285714,4
F11,31,0.42857142857142855,1.475076311054695,1.1666666666666667,XMEAS7-XMEAS9,0.42857142857142855,5
F11,32,0.2857142857142857,1.549826045878202,1.0,XMEAS7-XMEAS9,0.2857142857142857,5
F11,33,0.42857142857142855,1.2770342594661392,1.4,XMEAS7-XMEAS9,0.42857142857142855,4
F11,34,0.2857142857142857,1.5498260458782016,1.1666666666666667,XMEAS7-XMEAS11,0.2857142857142857,5
F11,35,0.42857142857142855,1.277034259466139,1.1666666666666667,XMEAS9-XMEAS11,0.42857142857142855,4
F11,36,0.7142857142857143,0.7963116401738131,1.75,XMEAS7-XMEAS9,0.7142857142857143,3
F11,37,0.5714285714285714,1.1537419427010902,1.4,XMEAS7-XMEAS9,0.5714285714285714,4
F11,38,0.2857142857142857,1.5498260458782016,1.0,XMEAS10-XMEAS11,0.2857142857142857,5
F11,39,0.7142857142857143,0.7963116401738131,1.75,XMEAS7-XMEAS9,0.7142857142857143,3
F11,40,0.2857142857142857,1.351783994289646,1.4,XMEAS8-XMEAS10,0.2857142857142857,4
F11,41,0.2857142857142857,1.7478680974667578,1.0,XMEAS7-XMEAS9,0.2857142857142857,6
F11,42,0.7142857142857143,0.7963116401738131,1.75,XMEAS7-XMEAS9,0.7142857142857143,3
F11,43,0.5714285714285714,1.15374194270109,1.4,XMEAS7-XMEAS9,0.5714285714285714,4
F11,44,0.42857142857142855,1.2770342594661392,1.1666666666666667,XMEAS7-XMEAS9,0.42857142857142855,4
F11,45,0.2857142857142857,1.549826045878202,1.0,XMEAS7-XMEAS9,0.2857142857142857,5
F11,46,0.5714285714285714,1.1537419427010902,1.1666666666666667,XMEAS7-XMEAS9,0.5714285714285714,4
F11,47,0.42857142857142855,1.277034259466139,1.0,XMEAS7-XMEAS9,0.42857142857142855,4
F11,48,0.42857142857142855,1.0789922078775833,1.4,XMEAS7-XMEAS9,0.42857142857142855,3
F11,49,0.42857142857142855,1.475076311054695,1.1666666666666667,XMEAS7-XMEAS9,0.42857142857142855,5
F11,50,0.2857142857142857,1.7478680974667573,1.0,XMEAS7-XMEAS9,0.2857142857142857,6
F11,51,0.5714285714285714,1.1537419427010902,1.1666666666666667,XMEAS7-XMEAS9,0.5714285714285714,4
F11,52,0.2857142857142857,1.549826045878202,1.0,XMEAS7-XMEAS9,0.2857142857142857,5
F11,53,0.42857142857142855,1.277034259466139,1.0,XMEAS7-XMEAS9,0.42857142857142855,4
F11,54,0.5714285714285714,1.1537419427010902,1.4,XMEAS7-XMEAS9,0.5714285714285714,4
F11,55,0.42857142857142855,1.2770342594661392,1.0,XMEAS7-XMEAS9,0.42857142857142855,4
F11,56,0.2857142857142857,1.549826045878202,1.0,XMEAS7-XMEAS9,0.2857142857142857,5
F11,57,0.7142857142857143,0.7963116401738131,1.75,XMEAS7-XMEAS9,0.7142857142857143,3
F11,58,0.42857142857142855,1.277034259466139,1.1666666666666667,XMEAS7-XMEAS9,0.42857142857142855,4
F11,59,0.2857142857142857,1.7478680974667578,1.0,XMEAS7-XMEAS9,0.2857142857142857,6
F11,60,0.42857142857142855,1.2770342594661392,1.1666666666666667,XMEAS8-XMEAS10,0.42857142857142855,4
F11,61,0.42857142857142855,1.2770342594661392,1.1666666666666667,XMEAS7-XMEAS9,0.42857142857142855,4
F11,62,0.2857142857142857,1.7478680974667578,1.0,XMEAS7-XMEAS9,0.2857142857142857,6
F11,63,0.5714285714285714,1.1537419427010902,1.1666666666666667,XMEAS7-XMEAS9,0.5714285714285714,4
F11,64,0.5714285714285714,1.1537419427010902,1.4,XMEAS7-XMEAS9,0.5714285714285714,4
F11,65,0.8571428571428571,0.410116318288409,3.5,XMEAS7-XMEAS9,0.8571428571428571,2
F11,66,0.5714285714285714,0.9556998911125343,1.75,XMEAS7-XMEAS9,0.5714285714285714,3
F11,67,0.7142857142857143,0.7963116401738131,1.4,XMEAS7-XMEAS9,0.7142857142857143,3
F11,68,0.42857142857142855,1.475076311054695,1.1666666666666667,XMEAS7-XMEAS9,0.42857142857142855,5
F11,69,0.7142857142857143,0.7963116401738131,1.4,XMEAS7-XMEAS9,0.7142857142857143,3
F11,70,0.42857142857142855,1.475076311054695,1.0,XMEAS7-XMEAS9,0.42857142857142855,5
F11,71,0.42857142857142855,1.475076311054695,1.1666666666666667,XMEAS7-XMEAS9,0.42857142857142855,5
F11,72,0.42857142857142855,1.2770342594661392,1.1666666666666667,XMEAS7-XMEAS9,0.42857142857142855,4
F11,73,0.5714285714285714,1.1537419427010902,1.4,XMEAS7-XMEAS9,0.5714285714285714,4
F11,74,0.7142857142857143,0.796311640173813,2.3333333333333335,XMEAS7-XMEAS9,0.7142857142857143,3
F11,75,0.5714285714285714,1.1537419427010902,1.1666666666666667,XMEAS7-XMEAS9,0.5714285714285714,4
F11,76,0.7142857142857143,0.7963116401738131,1.4,XMEAS7-XMEAS9,0.7142857142857143,3
F11,77,0.7142857142857143,0.7963116401738131,1.75,XMEAS7-XMEAS9,0.7142857142857143,3
F11,78,0.42857142857142855,1.277034259466139,1.1666666666666667,XMEAS7-XMEAS9,0.42857142857142855,4
F11,79,0.2857142857142857,1.7478680974667578,1.0,XMEAS7-XMEAS9,0.2857142857142857,6
F11,80,0.2857142857142857,1.351783994289646,1.0,XMEAS7-XMEAS9,0.2857142857142857,4
F11,81,0.2857142857142857,1.7478680974667578,1.0,XMEAS7-XMEAS9,0.2857142857142857,6
F11,82,0.2857142857142857,1.7478680974667578,1.0,XMEAS7-XMEAS9,0.2857142857142857,6
F11,83,0.5714285714285714,1.1537419427010902,1.4,XMEAS7-XMEAS9,0.5714285714285714,4
F11,84,0.2857142857142857,1.351783994289646,1.1666666666666667,XMEAS7-XMEAS10,0.2857142857142857,4
F11,85,0.2857142857142857,1.5498260458782016,1.4,XMEAS10-XMEAS11,0.2857142857142857,5
F11,86,0.5714285714285714,1.1537419427010902,1.4,XMEAS7-XMEAS9,0.5714285714285714,4
F11,87,0.2857142857142857,1.7478680974667578,1.0,XMEAS9-XMEAS11,0.2857142857142857,6
F11,88,0.5714285714285714,1.1537419427010902,1.4,XMEAS7-XMEAS9,0.5714285714285714,4
F11,89,0.42857142857142855,1.2770342594661392,1.1666666666666667,XMEAS7-XMEAS9,0.42857142857142855,4
F11,90,0.42857142857142855,1.277034259466139,1.1666666666666667,XMEAS7-XMEAS9,0.42857142857142855,4
F11,91,0.7142857142857143,0.7963116401738131,1.75,XMEAS7-XMEAS9,0.7142857142857143,3
F11,92,0.42857142857142855,1.475076311054695,1.1666666666666667,XMEAS7-XMEAS9,0.42857142857142855,5
F11,93,0.5714285714285714,1.1537419427010902,1.4,XMEAS7-XMEAS9,0.5714285714285714,4
F11,94,0.42857142857142855,1.475076311054695,1.1666666666666667,XMEAS7-XMEAS9,0.42857142857142855,5
F11,95,0.5714285714285714,1.1537419427010902,1.1666666666666667,XMEAS7-XMEAS9,0.5714285714285714,4
F11,96,0.5714285714285714,1.1537419427010902,1.4,XMEAS7-XMEAS9,0.5714285714285714,4
F11,97,0.5714285714285714,1.1537419427010902,1.1666666666666667,XMEAS7-XMEAS9,0.5714285714285714,4
F11,98,0.42857142857142855,1.277034259466139,1.1666666666666667,XMEAS7-XMEAS9,0.42857142857142855,4
F11,99,0.2857142857142857,1.549826045878202,1.1666666666666667,XMEAS7-XMEAS10,0.2857142857142857,5
F11,100,0.42857142857142855,1.475076311054695,1.1666666666666667,XMEAS7-XMEAS9,0.42857142857142855,5
F11,101,0.7142857142857143,0.7963116401738131,1.75,XMEAS7-XMEAS9,0.7142857142857143,3
F11,102,0.2857142857142857,1.5498260458782018,1.0,XMEAS7-XMEAS9,0.2857142857142857,5
F11,103,0.5714285714285714,0.9556998911125343,1.4,XMEAS7-XMEAS9,0.5714285714285714,3
F11,104,0.5714285714285714,1.1537419427010902,1.4,XMEAS7-XMEAS9,0.5714285714285714,4
F11,105,0.7142857142857143,0.7963116401738131,1.75,XMEAS7-XMEAS9,0.7142857142857143,3
F11,106,0.2857142857142857,1.549826045878202,1.0,XMEAS8-XMEAS10,0.2857142857142857,5
F11,107,0.2857142857142857,1.5498260458782016,1.1666666666666667,XMEAS7-XMEAS11,0.2857142857142857,5
F11,108,0.42857142857142855,1.277034259466139,1.1666666666666667,XMEAS7-XMEAS9,0.42857142857142855,4
F11,109,0.2857142857142857,1.549826045878202,1.4,XMEAS8-XMEAS10,0.2857142857142857,5
F11,110,0.42857142857142855,1.2770342594661392,1.0,XMEAS7-XMEAS9,0.42857142857142855,4
F11,111,0.42857142857142855,1.277034259466139,1.4,XMEAS7-XMEAS9,0.42857142857142855,4
F11,112,0.5714285714285714,1.15374194270109,1.4,XMEAS7-XMEAS9,0.5714285714285714,4
F11,113,0.8571428571428571,0.410116318288409,2.3333333333333335,XMEAS7-XMEAS9,0.8571428571428571,2
F11,114,0.5714285714285714,1.1537419427010902,1.4,XMEAS7-XMEAS9,0.5714285714285714,4
F11,115,0.42857142857142855,1.277034259466139,1.1666666666666667,XMEAS7-XMEAS9,0.42857142857142855,4
F11,116,0.8571428571428571,0.410116318288409,3.5,XMEAS7-XMEAS9,0.8571428571428571,2
F11,117,0.5714285714285714,1.1537419427010902,1.4,XMEAS7-XMEAS11,0.5714285714285714,4
F11,118,0.2857142857142857,1.5498260458782016,1.4,XMEAS7-XMEAS10,0.2857142857142857,5
F11,119,0.42857142857142855,1.2770342594661392,1.4,XMEAS7-XMEAS9,0.42857142857142855,4
F11,120,0.42857142857142855,1.2770342594661392,1.4,XMEAS7-XMEAS9,0.42857142857142855,4
F11,121,0.42857142857142855,1.475076311054695,1.1666666666666667,XMEAS7-XMEAS9,0.42857142857142855,5
F11,122,0.42857142857142855,1.475076311054695,1.1666666666666667,XMEAS7-XMEAS9,0.42857142857142855,5
F11,123,0.2857142857142857,1.549826045878202,1.1666666666666667,XMEAS7-XMEAS9,0.2857142857142857,5
F11,124,0.5714285714285714,1.1537419427010902,1.0,XMEAS7-XMEAS9,0.5714285714285714,4
F11,125,0.42857142857142855,1.277034259466139,1.0,XMEAS7-XMEAS9,0.42857142857142855,4
F11,126,0.42857142857142855,1.2770342594661392,1.1666666666666667,XMEAS7-XMEAS9,0.42857142857142855,4
F11,127,0.5714285714285714,1.1537419427010902,1.4,XMEAS7-XMEAS9,0.5714285714285714,4
F11,128,0.7142857142857143,0.7963116401738131,1.75,XMEAS7-XMEAS9,0.7142857142857143,3
F11,129,0.7142857142857143,0.7963116401738131,1.75,XMEAS7-XMEAS9,0.7142857142857143,3
F11,130,0.5714285714285714,1.1537419427010902,1.1666666666666667,XMEAS7-XMEAS9,0.5714285714285714,4
F11,131,0.42857142857142855,1.475076311054695,1.1666666666666667,XMEAS7-XMEAS9,0.42857142857142855,5
F11,132,0.7142857142857143,0.7963116401738131,1.75,XMEAS7-XMEAS9,0.7142857142857143,3
F11,133,0.7142857142857143,0.7963116401738131,1.4,XMEAS7-XMEAS9,0.7142857142857143,3
F11,134,0.8571428571428571,0.410116318288409,2.3333333333333335,XMEAS7-XMEAS9,0.8571428571428571,2
F11,135,0.5714285714285714,0.9556998911125343,1.4,XMEAS7-XMEAS9,0.5714285714285714,3
F11,136,0.8571428571428571,0.410116318288409,2.3333333333333335,XMEAS7-XMEAS9,0.8571428571428571,2
F11,137,0.2857142857142857,1.549826045878202,1.1666666666666667,XMEAS7-XMEAS9,0.2857142857142857,5
F11,138,0.5714285714285714,1.1537419427010902,1.4,XMEAS7-XMEAS9,0.5714285714285714,4
F11,139,0.42857142857142855,1.2770342594661392,1.1666666666666667,XMEAS7-XMEAS9,0.42857142857142855,4
F11,140,0.5714285714285714,1.1537419427010902,1.75,XMEAS7-XMEAS9,0.5714285714285714,4
F11,141,0.42857142857142855,1.277034259466139,1.4,XMEAS7-XMEAS9,0.42857142857142855,4
F11,142,0.7142857142857143,0.7963116401738131,1.75,XMEAS7-XMEAS9,0.7142857142857143,3
F11,143,0.8571428571428571,0.410116318288409,2.3333333333333335,XMEAS7-XMEAS9,0.8571428571428571,2
F11,144,0.42857142857142855,1.277034259466139,1.1666666666666667,XMEAS7-XMEAS9,0.42857142857142855,4
F11,145,0.42857142857142855,1.277034259466139,1.0,XMEAS7-XMEAS9,0.42857142857142855,4
F11,146,0.42857142857142855,1.475076311054695,1.1666666666666667,XMEAS7-XMEAS9,0.42857142857142855,5
F11,147,0.14285714285714285,1.945910149055314,1.0,XMEAS7-XMEAS8,0.14285714285714285,7
F11,148,0.2857142857142857,1.5498260458782016,1.0,XMEAS7-XMEAS9,0.2857142857142857,5
F11,149,0.42857142857142855,1.475076311054695,1.0,XMEAS7-XMEAS9,0.42857142857142855,5
F11,150,0.42857142857142855,1.277034259466139,1.1666666666666667,XMEAS7-XMEAS9,0.42857142857142855,4
F11,151,0.2857142857142857,1.5498260458782016,1.0,XMEAS7-XMEAS11,0.2857142857142857,5
F11,152,0.5714285714285714,1.1537419427010902,1.0,XMEAS7-XMEAS9,0.5714285714285714,4
F11,153,0.7142857142857143,0.7963116401738131,1.75,XMEAS7-XMEAS9,0.7142857142857143,3
F11,154,0.42857142857142855,1.277034259466139,1.1666666666666667,XMEAS7-XMEAS11,0.42857142857142855,4
F11,155,0.42857142857142855,1.475076311054695,1.0,XMEAS7-XMEAS9,0.42857142857142855,5
F11,156,0.5714285714285714,1.15374194270109,1.4,XMEAS7-XMEAS9,0.5714285714285714,4
F11,157,0.42857142857142855,1.277034259466139,1.1666666666666667,XMEAS7-XMEAS9,0.42857142857142855,4
F11,158,0.5714285714285714,1.1537419427010902,1.4,XMEAS7-XMEAS9,0.5714285714285714,4
F11,159,0.42857142857142855,1.475076311054695,1.0,XMEAS7-XMEAS9,0.42857142857142855,5
F11,160,0.5714285714285714,1.1537419427010902,1.1666666666666667,XMEAS7-XMEAS9,0.5714285714285714,4
F11,161,0.7142857142857143,0.7963116401738131,2.3333333333333335,XMEAS7-XMEAS9,0.7142857142857143,3
F11,162,0.2857142857142857,1.7478680974667578,1.0,XMEAS7-XMEAS9,0.2857142857142857,6
F11,163,0.7142857142857143,0.7963116401738131,1.75,XMEAS7-XMEAS9,0.7142857142857143,3
F11,164,0.2857142857142857,1.7478680974667578,1.0,XMEAS7-XMEAS9,0.2857142857142857,6
F11,165,0.7142857142857143,0.5982695885852573,3.5,XMEAS7-XMEAS9,0.7142857142857143,2
F11,166,0.42857142857142855,1.0789922078775833,1.4,XMEAS7-XMEAS9,0.42857142857142855,3
F11,167,0.42857142857142855,1.2770342594661392,1.1666666666666667,XMEAS7-XMEAS11,0.42857142857142855,4
F11,168,0.42857142857142855,1.475076311054695,1.0,XMEAS7-XMEAS9,0.42857142857142855,5
F11,169,0.2857142857142857,1.7478680974667578,1.0,XMEAS7-XMEAS9,0.2857142857142857,6
F11,170,0.5714285714285714,1.1537419427010902,1.1666666666666667,XMEAS7-XMEAS9,0.5714285714285714,4
F11,171,0.2857142857142857,1.549826045878202,1.1666666666666667,XMEAS10-XMEAS11,0.2857142857142857,5
F11,172,0.5714285714285714,0.9556998911125343,1.4,XMEAS7-XMEAS9,0.5714285714285714,3
F11,173,0.7142857142857143,0.7963116401738131,2.3333333333333335,XMEAS7-XMEAS9,0.7142857142857143,3
F11,174,0.5714285714285714,1.1537419427010902,1.1666666666666667,XMEAS7-XMEAS9,0.5714285714285714,4
F11,175,0.42857142857142855,1.475076311054695,1.1666666666666667,XMEAS7-XMEAS9,0.42857142857142855,5
F11,176,0.7142857142857143,0.7963116401738131,1.75,XMEAS7-XMEAS9,0.7142857142857143,3
F11,177,0.8571428571428571,0.410116318288409,2.3333333333333335,XMEAS7-XMEAS9,0.8571428571428571,2
F11,178,0.5714285714285714,1.15374194270109,1.4,XMEAS7-XMEAS9,0.5714285714285714,4
F11,179,0.5714285714285714,1.15374194270109,1.4,XMEAS7-XMEAS9,0.5714285714285714,4
F11,180,0.5714285714285714,0.9556998911125343,1.75,XMEAS7-XMEAS9,0.5714285714285714,3
F11,181,0.5714285714285714,0.9556998911125343,1.4,XMEAS7-XMEAS9,0.5714285714285714,3
F11,182,0.8571428571428571,0.410116318288409,2.3333333333333335,XMEAS7-XMEAS9,0.8571428571428571,2
F11,183,0.42857142857142855,1.277034259466139,1.75,XMEAS7-XMEAS9,0.42857142857142855,4
F11,184,0.42857142857142855,1.475076311054695,1.1666666666666667,XMEAS9-XMEAS10,0.42857142857142855,5
F11,185,0.5714285714285714,0.9556998911125343,1.4,XMEAS7-XMEAS9,0.5714285714285714,3
F11,186,0.7142857142857143,0.7963116401738131,1.4,XMEAS7-XMEAS9,0.7142857142857143,3
F11,187,0.2857142857142857,1.549826045878202,1.1666666666666667,XMEAS7-XMEAS9,0.2857142857142857,5
F11,188,0.42857142857142855,1.475076311054695,1.1666666666666667,XMEAS7-XMEAS9,0.42857142857142855,5
F11,189,0.42857142857142855,1.4750763110546947,1.4,XMEAS7-XMEAS9,0.42857142857142855,5
F11,190,0.2857142857142857,1.549826045878202,1.1666666666666667,XMEAS7-XMEAS9,0.2857142857142857,5
F11,191,0.5714285714285714,1.1537419427010902,1.4,XMEAS7-XMEAS9,0.5714285714285714,4
F11,192,0.5714285714285714,1.1537419427010902,1.4,XMEAS7-XMEAS9,0.5714285714285714,4
F11,193,0.5714285714285714,0.9556998911125343,1.4,XMEAS7-XMEAS9,0.5714285714285714,3
F11,194,0.42857142857142855,1.0789922078775833,1.4,XMEAS7-XMEAS9,0.42857142857142855,3
F11,195,0.5714285714285714,0.9556998911125343,1.75,XMEAS7-XMEAS9,0.5714285714285714,3
F11,196,0.42857142857142855,1.277034259466139,1.4,XMEAS7-XMEAS9,0.42857142857142855,4
F11,197,0.42857142857142855,1.2770342594661392,1.0,XMEAS7-XMEAS9,0.42857142857142855,4
F11,198,0.5714285714285714,0.9556998911125343,1.4,XMEAS7-XMEAS9,0.5714285714285714,3
F11,199,0.7142857142857143,0.5982695885852573,1.4,XMEAS7-XMEAS9,0.7142857142857143,2
F11,200,0.42857142857142855,1.277034259466139,1.1666666666666667,XMEAS7-XMEAS9,0.42857142857142855,4
F11,201,0.5714285714285714,1.1537419427010902,1.4,XMEAS7-XMEAS9,0.5714285714285714,4
F11,202,0.2857142857142857,1.7478680974667578,1.0,XMEAS8-XMEAS9,0.2857142857142857,6
F11,203,0.2857142857142857,1.7478680974667578,1.0,XMEAS7-XMEAS9,0.2857142857142857,6
F11,204,0.42857142857142855,1.475076311054695,1.1666666666666667,XMEAS7-XMEAS9,0.42857142857142855,5
F11,205,0.42857142857142855,1.475076311054695,1.0,XMEAS7-XMEAS9,0.42857142857142855,5
F11,206,0.2857142857142857,1.549826045878202,1.0,XMEAS7-XMEAS9,0.2857142857142857,5
F11,207,0.2857142857142857,1.351783994289646,1.1666666666666667,XMEAS7-XMEAS11,0.2857142857142857,4
F11,208,0.42857142857142855,1.475076311054695,1.0,XMEAS7-XMEAS9,0.42857142857142855,5
F11,209,0.5714285714285714,1.1537419427010902,1.1666666666666667,XMEAS7-XMEAS9,0.5714285714285714,4
F11,210,0.42857142857142855,1.277034259466139,1.4,XMEAS7-XMEAS9,0.42857142857142855,4
F11,211,0.7142857142857143,0.7963116401738131,1.4,XMEAS7-XMEAS9,0.7142857142857143,3
F11,212,0.2857142857142857,1.351783994289646,1.1666666666666667,XMEAS8-XMEAS10,0.2857142857142857,4
F11,213,0.5714285714285714,1.1537419427010902,1.1666666666666667,XMEAS7-XMEAS9,0.5714285714285714,4
F11,214,0.42857142857142855,1.277034259466139,1.1666666666666667,XMEAS7-XMEAS9,0.42857142857142855,4
F11,215,0.5714285714285714,0.9556998911125343,1.4,XMEAS7-XMEAS9,0.5714285714285714,3
F11,216,0.42857142857142855,1.277034259466139,1.0,XMEAS9-XMEAS10,0.42857142857142855,4
F11,217,0.7142857142857143,0.7963116401738131,1.75,XMEAS7-XMEAS9,0.7142857142857143,3
F11,218,0.7142857142857143,0.7963116401738131,1.75,XMEAS7-XMEAS9,0.7142857142857143,3
F11,219,0.2857142857142857,1.7478680974667578,1.0,XMEAS8-XMEAS10,0.2857142857142857,6
F11,220,0.7142857142857143,0.7963116401738131,2.3333333333333335,XMEAS7-XMEAS9,0.7142857142857143,3
F11,221,0.2857142857142857,1.351783994289646,1.4,XMEAS10-XMEAS11,0.2857142857142857,4
F11,222,0.5714285714285714,1.1537419427010902,1.4,XMEAS7-XMEAS9,0.5714285714285714,4
F11,223,0.42857142857142855,1.2770342594661392,1.0,XMEAS7-XMEAS9,0.42857142857142855,4
F11,224,0.7142857142857143,0.7963116401738131,2.3333333333333335,XMEAS7-XMEAS9,0.7142857142857143,3
F11,225,0.42857142857142855,1.277034259466139,1.0,XMEAS7-XMEAS9,0.42857142857142855,4
F11,226,0.7142857142857143,0.5982695885852573,1.75,XMEAS7-XMEAS9,0.7142857142857143,2
F11,227,0.7142857142857143,0.7963116401738131,1.75,XMEAS7-XMEAS9,0.7142857142857143,3
F11,228,0.8571428571428571,0.410116318288409,3.5,XMEAS7-XMEAS9,0.8571428571428571,2
F11,229,0.2857142857142857,1.5498260458782016,1.4,XMEAS7-XMEAS9,0.2857142857142857,5
F11,230,0.2857142857142857,1.351783994289646,1.0,XMEAS9-XMEAS10,0.2857142857142857,4
F11,231,0.42857142857142855,1.475076311054695,1.1666666666666667,XMEAS7-XMEAS9,0.42857142857142855,5
F11,232,0.42857142857142855,1.2770342594661392,1.4,XMEAS7-XMEAS9,0.42857142857142855,4
F11,233,0.2857142857142857,1.549826045878202,1.4,XMEAS10-XMEAS11,0.2857142857142857,5
F11,234,0.2857142857142857,1.549826045878202,1.0,XMEAS7-XMEAS9,0.2857142857142857,5
F11,235,0.5714285714285714,1.1537419427010902,1.4,XMEAS7-XMEAS9,0.5714285714285714,4
F11,236,0.5714285714285714,0.9556998911125343,1.4,XMEAS7-XMEAS9,0.5714285714285714,3
F11,237,0.42857142857142855,1.4750763110546947,1.4,XMEAS7-XMEAS9,0.42857142857142855,5
F11,238,0.5714285714285714,1.1537419427010902,1.1666666666666667,XMEAS7-XMEAS9,0.5714285714285714,4
F11,239,0.2857142857142857,1.7478680974667578,1.1666666666666667,XMEAS7-XMEAS9,0.2857142857142857,6
F11,240,0.5714285714285714,1.1537419427010902,1.1666666666666667,XMEAS7-XMEAS9,0.5714285714285714,4
F11,241,0.2857142857142857,1.549826045878202,1.0,XMEAS7-XMEAS9,0.2857142857142857,5
F11,242,0.42857142857142855,1.277034259466139,1.4,XMEAS7-XMEAS9,0.42857142857142855,4
F11,243,0.42857142857142855,1.277034259466139,1.4,XMEAS7-XMEAS11,0.42857142857142855,4
F11,244,0.8571428571428571,0.410116318288409,2.3333333333333335,XMEAS7-XMEAS9,0.8571428571428571,2
F11,245,0.2857142857142857,1.7478680974667578,1.0,XMEAS7-XMEAS9,0.2857142857142857,6
F11,246,0.2857142857142857,1.7478680974667578,1.0,XMEAS7-XMEAS9,0.2857142857142857,6
F11,247,0.42857142857142855,1.2770342594661392,1.1666666666666667,XMEAS7-XMEAS9,0.42857142857142855,4
F11,248,0.5714285714285714,1.1537419427010902,1.4,XMEAS7-XMEAS9,0.5714285714285714,4
F11,249,0.2857142857142857,1.549826045878202,1.1666666666666667,XMEAS7-XMEAS11,0.2857142857142857,5
F11,250,0.42857142857142855,1.0042424730540764,1.4,XMEAS7-XMEAS9,0.42857142857142855,3
F11,251,0.5714285714285714,1.1537419427010902,1.4,XMEAS7-XMEAS9,0.5714285714285714,4
F11,252,0.7142857142857143,0.7963116401738131,1.75,XMEAS7-XMEAS9,0.7142857142857143,3
F11,253,0.7142857142857143,0.7963116401738131,1.4,XMEAS7-XMEAS9,0.7142857142857143,3
F11,254,0.5714285714285714,1.1537419427010902,1.75,XMEAS7-XMEAS9,0.5714285714285714,4
F11,255,0.2857142857142857,1.7478680974667578,1.0,XMEAS7-XMEAS9,0.2857142857142857,6
F11,256,0.42857142857142855,1.475076311054695,1.4,XMEAS7-XMEAS9,0.42857142857142855,5
F11,257,0.42857142857142855,1.475076311054695,1.4,XMEAS7-XMEAS9,0.42857142857142855,5
F11,258,0.42857142857142855,1.2770342594661392,1.1666666666666667,XMEAS8-XMEAS10,0.42857142857142855,4
F11,259,0.5714285714285714,1.1537419427010902,1.75,XMEAS7-XMEAS9,0.5714285714285714,4
F11,260,0.8571428571428571,0.410116318288409,3.5,XMEAS7-XMEAS9,0.8571428571428571,2
F11,261,0.5714285714285714,1.1537419427010902,1.4,XMEAS7-XMEAS9,0.5714285714285714,4
F11,262,0.7142857142857143,0.5982695885852573,1.75,XMEAS7-XMEAS9,0.7142857142857143,2
F11,263,0.42857142857142855,1.475076311054695,1.1666666666666667,XMEAS7-XMEAS9,0.42857142857142855,5
F11,264,0.42857142857142855,1.277034259466139,1.75,XMEAS7-XMEAS9,0.42857142857142855,4
F11,265,0.2857142857142857,1.549826045878202,1.1666666666666667,XMEAS7-XMEAS11,0.2857142857142857,5
F11,266,0.8571428571428571,0.410116318288409,2.3333333333333335,XMEAS7-XMEAS9,0.8571428571428571,2
F11,267,0.2857142857142857,1.7478680974667578,1.0,XMEAS7-XMEAS9,0.2857142857142857,6
F11,268,0.2857142857142857,1.351783994289646,1.0,XMEAS10-XMEAS11,0.2857142857142857,4
F11,269,0.7142857142857143,0.7963116401738131,1.4,XMEAS7-XMEAS9,0.7142857142857143,3
F11,270,0.5714285714285714,1.1537419427010902,1.1666666666666667,XMEAS7-XMEAS9,0.5714285714285714,4
F11,271,0.7142857142857143,0.7963116401738131,1.4,XMEAS7-XMEAS9,0.7142857142857143,3
F11,272,0.7142857142857143,0.7963116401738131,1.4,XMEAS7-XMEAS9,0.7142857142857143,3
F11,273,0.7142857142857143,0.7963116401738131,1.4,XMEAS7-XMEAS9,0.7142857142857143,3
F11,274,0.42857142857142855,1.2770342594661392,1.1666666666666667,XMEAS7-XMEAS9,0.42857142857142855,4
F11,275,0.8571428571428571,0.410116318288409,3.5,XMEAS7-XMEAS9,0.8571428571428571,2
F11,276,0.42857142857142855,1.2770342594661392,1.1666666666666667,XMEAS7-XMEAS9,0.42857142857142855,4
F11,277,0.5714285714285714,0.9556998911125343,1.1666666666666667,XMEAS7-XMEAS9,0.5714285714285714,3
F11,278,1.0,0.0,7.0,XMEAS7-XMEAS9,1.0,1
F11,279,0.42857142857142855,1.475076311054695,1.1666666666666667,XMEAS7-XMEAS9,0.42857142857142855,5
F11,280,0.2857142857142857,1.7478680974667578,1.0,XMEAS9-XMEAS10,0.2857142857142857,6
F11,281,0.5714285714285714,0.9556998911125343,1.4,XMEAS7-XMEAS9,0.5714285714285714,3
F11,282,0.2857142857142857,1.351783994289646,1.4,XMEAS7-XMEAS9,0.2857142857142857,4
F11,283,0.2857142857142857,1.7478680974667578,1.1666666666666667,XMEAS8-XMEAS9,0.2857142857142857,6
F11,284,0.5714285714285714,1.1537419427010902,1.4,XMEAS7-XMEAS9,0.5714285714285714,4
F11,285,0.5714285714285714,1.1537419427010902,1.75,XMEAS7-XMEAS9,0.5714285714285714,4
F11,286,0.42857142857142855,1.277034259466139,1.0,XMEAS7-XMEAS9,0.42857142857142855,4
F11,287,0.7142857142857143,0.7963116401738131,1.75,XMEAS7-XMEAS9,0.7142857142857143,3
F11,288,0.5714285714285714,1.1537419427010902,1.4,XMEAS7-XMEAS9,0.5714285714285714,4
F11,289,0.42857142857142855,1.475076311054695,1.1666666666666667,XMEAS7-XMEAS9,0.42857142857142855,5
F11,290,1.0,0.0,7.0,XMEAS7-XMEAS9,1.0,1
F11,291,0.42857142857142855,1.2770342594661392,1.1666666666666667,XMEAS7-XMEAS9,0.42857142857142855,4
F11,292,0.42857142857142855,1.2770342594661392,1.0,XMEAS7-XMEAS9,0.42857142857142855,4
F11,293,0.42857142857142855,1.2770342594661392,1.4,XMEAS7-XMEAS9,0.42857142857142855,4
F11,294,0.5714285714285714,1.1537419427010902,1.4,XMEAS7-XMEAS9,0.5714285714285714,4
F11,295,0.42857142857142855,1.0789922078775833,1.4,XMEAS7-XMEAS9,0.42857142857142855,3
F11,296,0.42857142857142855,1.2770342594661392,1.75,XMEAS7-XMEAS9,0.42857142857142855,4
F11,297,0.42857142857142855,1.2770342594661392,1.0,XMEAS7-XMEAS9,0.42857142857142855,4
F11,298,0.2857142857142857,1.7478680974667578,1.0,XMEAS7-XMEAS11,0.2857142857142857,6
F11,299,0.7142857142857143,0.7963116401738131,1.4,XMEAS7-XMEAS9,0.7142857142857143,3
F11,300,0.5714285714285714,0.9556998911125343,1.75,XMEAS7-XMEAS9,0.5714285714285714,3
F11,301,0.5714285714285714,0.9556998911125343,1.4,XMEAS7-XMEAS9,0.5714285714285714,3
F11,302,0.2857142857142857,1.7478680974667578,1.0,XMEAS7-XMEAS9,0.2857142857142857,6
F11,303,0.2857142857142857,1.5498260458782018,1.1666666666666667,XMEAS7-XMEAS9,0.2857142857142857,5
F11,304,0.42857142857142855,1.277034259466139,1.1666666666666667,XMEAS7-XMEAS9,0.42857142857142855,4
F11,305,0.7142857142857143,0.7963116401738131,1.75,XMEAS7-XMEAS9,0.7142857142857143,3
F11,306,0.5714285714285714,1.1537419427010902,1.75,XMEAS7-XMEAS9,0.5714285714285714,4
F11,307,0.5714285714285714,1.1537419427010902,1.4,XMEAS7-XMEAS9,0.5714285714285714,4
F11,308,0.7142857142857143,0.5982695885852573,1.75,XMEAS7-XMEAS9,0.7142857142857143,2
F11,309,0.5714285714285714,0.9556998911125343,1.4,XMEAS7-XMEAS9,0.5714285714285714,3
F11,310,0.2857142857142857,1.7478680974667578,1.1666666666666667,XMEAS7-XMEAS11,0.2857142857142857,6
F11,311,0.42857142857142855,1.2770342594661392,1.75,XMEAS10-XMEAS11,0.42857142857142855,4
F11,312,0.8571428571428571,0.410116318288409,3.5,XMEAS7-XMEAS9,0.8571428571428571,2
F11,313,0.42857142857142855,1.0042424730540764,1.1666666666666667,XMEAS7-XMEAS9,0.42857142857142855,3
F11,314,0.5714285714285714,0.6829081047004717,1.4,XMEAS7-XMEAS9,0.5714285714285714,2
F11,315,0.2857142857142857,1.7478680974667578,1.0,XMEAS7-XMEAS9,0.2857142857142857,6
F11,316,0.7142857142857143,0.7963116401738131,2.3333333333333335,XMEAS7-XMEAS9,0.7142857142857143,3
F11,317,0.42857142857142855,1.0789922078775833,1.4,XMEAS7-XMEAS9,0.42857142857142855,3
F11,318,0.42857142857142855,1.475076311054695,1.1666666666666667,XMEAS7-XMEAS9,0.42857142857142855,5
F11,319,0.2857142857142857,1.7478680974667578,1.0,XMEAS9-XMEAS11,0.2857142857142857,6
F11,320,1.0,0.0,7.0,XMEAS7-XMEAS9,1.0,1
F11,321,0.42857142857142855,1.2770342594661392,1.1666666666666667,XMEAS7-XMEAS9,0.42857142857142855,4
F11,322,0.8571428571428571,0.410116318288409,2.3333333333333335,XMEAS7-XMEAS9,0.8571428571428571,2
F11,323,0.42857142857142855,1.277034259466139,1.0,XMEAS7-XMEAS11,0.42857142857142855,4
F11,324,0.42857142857142855,1.277034259466139,1.4,XMEAS7-XMEAS9,0.42857142857142855,4
F11,325,0.2857142857142857,1.549826045878202,1.1666666666666667,XMEAS7-XMEAS9,0.2857142857142857,5
F11,326,0.42857142857142855,1.2770342594661392,1.0,XMEAS7-XMEAS10,0.42857142857142855,4
F11,327,0.2857142857142857,1.351783994289646,1.1666666666666667,XMEAS7-XMEAS9,0.2857142857142857,4
F11,328,0.42857142857142855,1.2770342594661392,1.0,XMEAS7-XMEAS9,0.42857142857142855,4
F11,329,0.5714285714285714,1.1537419427010902,1.4,XMEAS7-XMEAS9,0.5714285714285714,4
F11,330,0.8571428571428571,0.410116318288409,2.3333333333333335,XMEAS7-XMEAS9,0.8571428571428571,2
F11,331,0.7142857142857143,0.7963116401738131,2.3333333333333335,XMEAS7-XMEAS9,0.7142857142857143,3
F11,332,0.5714285714285714,1.1537419427010902,1.4,XMEAS7-XMEAS9,0.5714285714285714,4
F11,333,0.42857142857142855,1.475076311054695,1.0,XMEAS7-XMEAS9,0.42857142857142855,5
F11,334,0.2857142857142857,1.5498260458782018,1.0,XMEAS9-XMEAS10,0.2857142857142857,5
F11,335,0.5714285714285714,1.1537419427010902,1.4,XMEAS7-XMEAS9,0.5714285714285714,4
F11,336,0.5714285714285714,1.1537419427010902,1.4,XMEAS7-XMEAS9,0.5714285714285714,4
F11,337,0.42857142857142855,1.2770342594661392,1.0,XMEAS7-XMEAS9,0.42857142857142855,4
F11,338,0.42857142857142855,1.475076311054695,1.0,XMEAS7-XMEAS9,0.42857142857142855,5
F11,339,0.42857142857142855,1.0789922078775833,1.4,XMEAS8-XMEAS10,0.42857142857142855,3
F11,340,0.7142857142857143,0.7963116401738131,2.3333333333333335,XMEAS7-XMEAS9,0.7142857142857143,3
F11,341,0.42857142857142855,1.475076311054695,1.1666666666666667,XMEAS7-XMEAS9,0.42857142857142855,5
F11,342,0.2857142857142857,1.549826045878202,1.1666666666666667,XMEAS7-XMEAS9,0.2857142857142857,5
F11,343,0.5714285714285714,0.9556998911125343,1.0,XMEAS7-XMEAS9,0.5714285714285714,3
F11,344,0.2857142857142857,1.5498260458782018,1.1666666666666667,XMEAS7-XMEAS9,0.2857142857142857,5
F11,345,0.5714285714285714,0.9556998911125343,1.4,XMEAS7-XMEAS9,0.5714285714285714,3
F11,346,0.42857142857142855,1.2770342594661392,1.1666666666666667,XMEAS7-XMEAS9,0.42857142857142855,4
F11,347,0.2857142857142857,1.7478680974667578,1.0,XMEAS7-XMEAS9,0.2857142857142857,6
F11,348,0.42857142857142855,1.4750763110546947,1.4,XMEAS7-XMEAS9,0.42857142857142855,5
F11,349,0.7142857142857143,0.7963116401738131,1.75,XMEAS7-XMEAS9,0.7142857142857143,3
F11,350,0.7142857142857143,0.7963116401738131,1.4,XMEAS7-XMEAS9,0.7142857142857143,3
F11,351,0.7142857142857143,0.7963116401738131,1.75,XMEAS7-XMEAS9,0.7142857142857143,3
F11,352,0.42857142857142855,1.277034259466139,1.1666666666666667,XMEAS7-XMEAS9,0.42857142857142855,4
F11,353,0.5714285714285714,0.9556998911125343,1.4,XMEAS7-XMEAS9,0.5714285714285714,3
F11,354,0.42857142857142855,1.277034259466139,1.75,XMEAS7-XMEAS9,0.42857142857142855,4
F11,355,0.5714285714285714,1.1537419427010902,1.1666666666666667,XMEAS7-XMEAS9,0.5714285714285714,4
F11,356,0.2857142857142857,1.7478680974667578,1.0,XMEAS7-XMEAS9,0.2857142857142857,6
F11,357,0.2857142857142857,1.5498260458782016,1.1666666666666667,XMEAS7-XMEAS11,0.2857142857142857,5
F11,358,0.5714285714285714,1.1537419427010902,1.1666666666666667,XMEAS7-XMEAS9,0.5714285714285714,4
F11,359,0.5714285714285714,1.1537419427010902,1.1666666666666667,XMEAS7-XMEAS9,0.5714285714285714,4
F11,360,0.5714285714285714,0.9556998911125343,1.4,XMEAS7-XMEAS9,0.5714285714285714,3
F11,361,0.2857142857142857,1.549826045878202,1.1666666666666667,XMEAS7-XMEAS9,0.2857142857142857,5
F11,362,0.42857142857142855,1.475076311054695,1.1666666666666667,XMEAS7-XMEAS11,0.42857142857142855,5
F11,363,0.42857142857142855,1.475076311054695,1.0,XMEAS9-XMEAS10,0.42857142857142855,5
F11,364,0.42857142857142855,1.277034259466139,1.0,XMEAS7-XMEAS9,0.42857142857142855,4
F11,365,0.42857142857142855,1.475076311054695,1.0,XMEAS7-XMEAS9,0.42857142857142855,5
F11,366,0.42857142857142855,1.277034259466139,1.75,XMEAS7-XMEAS9,0.42857142857142855,4
F11,367,0.7142857142857143,0.7963116401738131,1.75,XMEAS7-XMEAS9,0.7142857142857143,3
F11,368,0.42857142857142855,1.475076311054695,1.1666666666666667,XMEAS7-XMEAS9,0.42857142857142855,5
F11,369,0.5714285714285714,0.9556998911125343,1.75,XMEAS7-XMEAS9,0.5714285714285714,3
F11,370,0.2857142857142857,1.549826045878202,1.1666666666666667,XMEAS7-XMEAS11,0.2857142857142857,5
F11,371,0.42857142857142855,1.277034259466139,1.4,XMEAS7-XMEAS9,0.42857142857142855,4
F11,372,0.2857142857142857,1.549826045878202,1.0,XMEAS8-XMEAS10,0.2857142857142857,5
F11,373,0.7142857142857143,0.7963116401738131,1.75,XMEAS7-XMEAS9,0.7142857142857143,3
F11,374,0.2857142857142857,1.549826045878202,1.1666666666666667,XMEAS8-XMEAS10,0.2857142857142857,5
F11,375,0.2857142857142857,1.549826045878202,1.1666666666666667,XMEAS9-XMEAS10,0.2857142857142857,5
F11,376,0.42857142857142855,1.475076311054695,1.0,XMEAS7-XMEAS9,0.42857142857142855,5
F11,377,0.2857142857142857,1.5498260458782018,1.1666666666666667,XMEAS7-XMEAS9,0.2857142857142857,5
F11,378,0.2857142857142857,1.5498260458782016,1.0,XMEAS7-XMEAS9,0.2857142857142857,5
F11,379,0.5714285714285714,1.15374194270109,1.4,XMEAS7-XMEAS9,0.5714285714285714,4
F11,380,0.2857142857142857,1.5498260458782016,1.1666666666666667,XMEAS7-XMEAS9,0.2857142857142857,5
F11,381,0.42857142857142855,1.0042424730540764,1.4,XMEAS7-XMEAS10,0.42857142857142855,3
F11,382,0.7142857142857143,0.5982695885852573,1.4,XMEAS7-XMEAS9,0.7142857142857143,2
F11,383,0.5714285714285714,1.1537419427010902,1.1666666666666667,XMEAS7-XMEAS9,0.5714285714285714,4
F11,384,0.2857142857142857,1.7478680974667578,1.0,XMEAS7-XMEAS9,0.2857142857142857,6
F11,385,0.2857142857142857,1.7478680974667578,1.1666666666666667,XMEAS7-XMEAS9,0.2857142857142857,6
F11,386,0.7142857142857143,0.7963116401738131,1.75,XMEAS7-XMEAS9,0.7142857142857143,3
F11,387,0.5714285714285714,1.15374194270109,1.4,XMEAS7-XMEAS9,0.5714285714285714,4
F11,388,0.7142857142857143,0.7963116401738131,1.4,XMEAS7-XMEAS9,0.7142857142857143,3
F11,389,0.5714285714285714,1.1537419427010902,1.4,XMEAS7-XMEAS9,0.5714285714285714,4
F11,390,0.2857142857142857,1.5498260458782016,1.0,XMEAS9-XMEAS11,0.2857142857142857,5
F11,391,0.42857142857142855,1.277034259466139,1.1666666666666667,XMEAS7-XMEAS9,0.42857142857142855,4
F11,392,0.42857142857142855,1.475076311054695,1.1666666666666667,XMEAS7-XMEAS9,0.42857142857142855,5
F11,393,0.2857142857142857,1.7478680974667578,1.0,XMEAS7-XMEAS9,0.2857142857142857,6
F11,394,0.7142857142857143,0.5982695885852573,1.4,XMEAS7-XMEAS9,0.7142857142857143,2
F11,395,0.42857142857142855,1.475076311054695,1.1666666666666667,XMEAS7-XMEAS9,0.42857142857142855,5
F11,396,0.42857142857142855,1.4750763110546947,1.4,XMEAS7-XMEAS9,0.42857142857142855,5
F11,397,0.5714285714285714,0.9556998911125343,1.75,XMEAS7-XMEAS9,0.5714285714285714,3
F11,398,0.2857142857142857,1.5498260458782018,1.1666666666666667,XMEAS7-XMEAS9,0.2857142857142857,5
F11,399,0.2857142857142857,1.549826045878202,1.1666666666666667,XMEAS8-XMEAS11,0.2857142857142857,5
F11,400,0.5714285714285714,1.1537419427010902,1.1666666666666667,XMEAS7-XMEAS9,0.5714285714285714,4
F11,401,0.42857142857142855,1.0042424730540764,1.0,XMEAS7-XMEAS11,0.42857142857142855,3
F11,402,0.5714285714285714,1.1537419427010902,1.1666666666666667,XMEAS7-XMEAS9,0.5714285714285714,4
F11,403,0.7142857142857143,0.7963116401738131,2.3333333333333335,XMEAS7-XMEAS9,0.7142857142857143,3
F11,404,0.2857142857142857,1.351783994289646,1.1666666666666667,XMEAS9-XMEAS10,0.2857142857142857,4
F11,405,0.7142857142857143,0.5982695885852573,3.5,XMEAS7-XMEAS9,0.7142857142857143,2
F11,406,0.42857142857142855,1.475076311054695,1.0,XMEAS7-XMEAS9,0.42857142857142855,5
F11,407,0.42857142857142855,1.2770342594661392,1.4,XMEAS7-XMEAS9,0.42857142857142855,4
F11,408,0.14285714285714285,1.945910149055314,1.0,XMEAS10-XMEAS11,0.14285714285714285,7
F11,409,0.2857142857142857,1.7478680974667578,1.0,XMEAS7-XMEAS9,0.2857142857142857,6
F11,410,0.5714285714285714,0.9556998911125343,1.1666666666666667,XMEAS7-XMEAS9,0.5714285714285714,3
F11,411,0.5714285714285714,1.1537419427010902,1.4,XMEAS7-XMEAS9,0.5714285714285714,4
F11,412,0.2857142857142857,1.7478680974667578,1.0,XMEAS7-XMEAS9,0.2857142857142857,6
F11,413,0.42857142857142855,1.277034259466139,1.1666666666666667,XMEAS7-XMEAS9,0.42857142857142855,4
F11,414,0.42857142857142855,1.277034259466139,1.4,XMEAS7-XMEAS9,0.42857142857142855,4
F11,415,0.8571428571428571,0.410116318288409,3.5,XMEAS7-XMEAS9,0.8571428571428571,2
F11,416,0.42857142857142855,1.2770342594661392,1.0,XMEAS7-XMEAS9,0.42857142857142855,4
F11,417,0.42857142857142855,1.475076311054695,1.1666666666666667,XMEAS7-XMEAS9,0.42857142857142855,5
F11,418,0.42857142857142855,1.277034259466139,1.1666666666666667,XMEAS8-XMEAS10,0.42857142857142855,4
F11,419,0.2857142857142857,1.7478680974667578,1.1666666666666667,XMEAS7-XMEAS9,0.2857142857142857,6
F11,420,0.42857142857142855,1.475076311054695,1.1666666666666667,XMEAS7-XMEAS9,0.42857142857142855,5
F11,421,0.42857142857142855,1.475076311054695,1.1666666666666667,XMEAS7-XMEAS9,0.42857142857142855,5
F11,422,0.5714285714285714,1.1537419427010902,1.4,XMEAS7-XMEAS9,0.5714285714285714,4
F11,423,0.5714285714285714,1.1537419427010902,1.4,XMEAS7-XMEAS9,0.5714285714285714,4
F11,424,0.42857142857142855,1.475076311054695,1.1666666666666667,XMEAS8-XMEAS10,0.42857142857142855,5
F11,425,0.42857142857142855,1.2770342594661392,1.4,XMEAS7-XMEAS9,0.42857142857142855,4
F11,426,0.42857142857142855,1.475076311054695,1.1666666666666667,XMEAS7-XMEAS9,0.42857142857142855,5
F11,427,0.2857142857142857,1.549826045878202,1.0,XMEAS8-XMEAS10,0.2857142857142857,5
F11,428,0.42857142857142855,1.2770342594661392,1.1666666666666667,XMEAS7-XMEAS9,0.42857142857142855,4
F11,429,0.8571428571428571,0.410116318288409,2.3333333333333335,XMEAS7-XMEAS9,0.8571428571428571,2
F11,430,0.5714285714285714,0.9556998911125343,1.1666666666666667,XMEAS7-XMEAS9,0.5714285714285714,3
F11,431,0.2857142857142857,1.7478680974667578,1.1666666666666667,XMEAS9-XMEAS10,0.2857142857142857,6
F11,432,0.5714285714285714,1.15374194270109,1.4,XMEAS7-XMEAS9,0.5714285714285714,4
F11,433,0.42857142857142855,1.475076311054695,1.4,XMEAS7-XMEAS9,0.42857142857142855,5
F11,434,0.5714285714285714,0.6829081047004717,1.75,XMEAS7-XMEAS9,0.5714285714285714,2
F11,435,0.5714285714285714,0.9556998911125343,1.4,XMEAS7-XMEAS9,0.5714285714285714,3
F11,436,0.42857142857142855,1.277034259466139,1.1666666666666667,XMEAS9-XMEAS11,0.42857142857142855,4
F11,437,0.42857142857142855,1.475076311054695,1.1666666666666667,XMEAS7-XMEAS9,0.42857142857142855,5
F11,438,0.42857142857142855,1.0042424730540764,1.4,XMEAS7-XMEAS9,0.42857142857142855,3
F11,439,0.5714285714285714,1.1537419427010902,1.4,XMEAS7-XMEAS9,0.5714285714285714,4
F11,440,0.42857142857142855,1.475076311054695,1.1666666666666667,XMEAS7-XMEAS9,0.42857142857142855,5
F11,441,0.42857142857142855,1.475076311054695,1.4,XMEAS7-XMEAS9,0.42857142857142855,5
F11,442,0.42857142857142855,1.4750763110546947,1.1666666666666667,XMEAS7-XMEAS9,0.42857142857142855,5
F11,443,0.42857142857142855,1.277034259466139,1.1666666666666667,XMEAS8-XMEAS10,0.42857142857142855,4
F11,444,0.7142857142857143,0.7963116401738131,1.75,XMEAS7-XMEAS9,0.7142857142857143,3
F11,445,0.5714285714285714,1.1537419427010902,1.4,XMEAS7-XMEAS9,0.5714285714285714,4
F11,446,0.2857142857142857,1.7478680974667578,1.0,XMEAS7-XMEAS9,0.2857142857142857,6
F11,447,0.5714285714285714,1.1537419427010902,1.4,XMEAS7-XMEAS9,0.5714285714285714,4
F11,448,0.5714285714285714,1.1537419427010902,1.4,XMEAS7-XMEAS9,0.5714285714285714,4
F11,449,0.2857142857142857,1.5498260458782018,1.4,XMEAS7-XMEAS9,0.2857142857142857,5
F11,450,0.5714285714285714,1.1537419427010902,1.1666666666666667,XMEAS7-XMEAS9,0.5714285714285714,4
F11,451,0.42857142857142855,1.2770342594661392,1.0,XMEAS7-XMEAS9,0.42857142857142855,4
F11,452,0.2857142857142857,1.351783994289646,1.1666666666666667,XMEAS8-XMEAS9,0.2857142857142857,4
F11,453,0.5714285714285714,1.1537419427010902,1.1666666666666667,XMEAS7-XMEAS9,0.5714285714285714,4
F11,454,0.5714285714285714,1.1537419427010902,1.1666666666666667,XMEAS7-XMEAS9,0.5714285714285714,4
F11,455,0.2857142857142857,1.5498260458782018,1.1666666666666667,XMEAS8-XMEAS9,0.2857142857142857,5
F11,456,0.42857142857142855,1.277034259466139,1.4,XMEAS7-XMEAS11,0.42857142857142855,4
F11,457,0.7142857142857143,0.7963116401738131,1.4,XMEAS7-XMEAS9,0.7142857142857143,3
F11,458,0.42857142857142855,1.2770342594661392,1.4,XMEAS7-XMEAS9,0.42857142857142855,4
F11,459,0.42857142857142855,1.475076311054695,1.1666666666666667,XMEAS7-XMEAS9,0.42857142857142855,5
F11,460,0.42857142857142855,1.475076311054695,1.0,XMEAS7-XMEAS9,0.42857142857142855,5
F11,461,0.42857142857142855,1.277034259466139,1.1666666666666667,XMEAS7-XMEAS9,0.42857142857142855,4
F11,462,0.42857142857142855,1.475076311054695,1.0,XMEAS7-XMEAS9,0.42857142857142855,5
F11,463,0.42857142857142855,1.0042424730540764,1.75,XMEAS8-XMEAS10,0.42857142857142855,3
F11,464,0.5714285714285714,0.9556998911125343,1.4,XMEAS7-XMEAS9,0.5714285714285714,3
F11,465,0.5714285714285714,0.9556998911125343,1.4,XMEAS7-XMEAS9,0.5714285714285714,3
F11,466,0.8571428571428571,0.410116318288409,2.3333333333333335,XMEAS7-XMEAS9,0.8571428571428571,2
F11,467,0.7142857142857143,0.5982695885852573,1.4,XMEAS7-XMEAS9,0.7142857142857143,2
F11,468,0.2857142857142857,1.549826045878202,1.1666666666666667,XMEAS8-XMEAS9,0.2857142857142857,5
F11,469,0.42857142857142855,1.475076311054695,1.1666666666666667,XMEAS7-XMEAS9,0.42857142857142855,5
F11,470,0.7142857142857143,0.7963116401738131,1.75,XMEAS7-XMEAS9,0.7142857142857143,3
F11,471,0.2857142857142857,1.549826045878202,1.1666666666666667,XMEAS7-XMEAS9,0.2857142857142857,5
F11,472,0.2857142857142857,1.351783994289646,1.1666666666666667,XMEAS7-XMEAS8,0.2857142857142857,4
F11,473,0.42857142857142855,1.277034259466139,1.0,XMEAS7-XMEAS9,0.42857142857142855,4
F11,474,0.2857142857142857,1.7478680974667578,1.0,XMEAS7-XMEAS9,0.2857142857142857,6
F11,475,0.42857142857142855,1.277034259466139,1.4,XMEAS7-XMEAS9,0.42857142857142855,4
F11,476,0.7142857142857143,0.7963116401738131,1.4,XMEAS7-XMEAS9,0.7142857142857143,3
F11,477,0.7142857142857143,0.7963116401738131,1.75,XMEAS7-XMEAS9,0.7142857142857143,3
F11,478,0.5714285714285714,1.1537419427010902,1.75,XMEAS7-XMEAS9,0.5714285714285714,4
F11,479,0.42857142857142855,1.277034259466139,1.1666666666666667,XMEAS7-XMEAS9,0.42857142857142855,4
F11,480,0.2857142857142857,1.549826045878202,1.0,XMEAS7-XMEAS11,0.2857142857142857,5
F11,481,0.2857142857142857,1.7478680974667573,1.1666666666666667,XMEAS9-XMEAS10,0.2857142857142857,6
F11,482,0.5714285714285714,1.1537419427010902,1.0,XMEAS7-XMEAS9,0.5714285714285714,4
F11,483,0.42857142857142855,1.277034259466139,1.1666666666666667,XMEAS7-XMEAS9,0.42857142857142855,4
F11,484,0.42857142857142855,1.475076311054695,1.1666666666666667,XMEAS7-XMEAS9,0.42857142857142855,5
F11,485,0.2857142857142857,1.549826045878202,1.1666666666666667,XMEAS7-XMEAS10,0.2857142857142857,5
F11,486,0.2857142857142857,1.5498260458782018,1.1666666666666667,XMEAS7-XMEAS9,0.2857142857142857,5
F11,487,0.8571428571428571,0.410116318288409,2.3333333333333335,XMEAS7-XMEAS9,0.8571428571428571,2
F11,488,0.42857142857142855,1.277034259466139,1.75,XMEAS7-XMEAS9,0.42857142857142855,4
F11,489,0.5714285714285714,1.1537419427010902,1.1666666666666667,XMEAS7-XMEAS9,0.5714285714285714,4
F11,490,0.7142857142857143,0.7963116401738131,1.75,XMEAS7-XMEAS9,0.7142857142857143,3
F11,491,0.5714285714285714,1.1537419427010902,1.4,XMEAS7-XMEAS9,0.5714285714285714,4
F11,492,0.14285714285714285,1.945910149055314,1.0,XMEAS8-XMEAS10,0.14285714285714285,7
F11,493,0.5714285714285714,1.1537419427010902,1.4,XMEAS7-XMEAS9,0.5714285714285714,4
F11,494,0.42857142857142855,1.277034259466139,1.0,XMEAS7-XMEAS9,0.42857142857142855,4
F11,495,0.2857142857142857,1.7478680974667578,1.0,XMEAS8-XMEAS10,0.2857142857142857,6
F11,496,0.5714285714285714,0.9556998911125343,1.4,XMEAS7-XMEAS9,0.5714285714285714,3
F11,497,0.42857142857142855,1.0789922078775833,1.1666666666666667,XMEAS7-XMEAS11,0.42857142857142855,3
F11,498,0.5714285714285714,1.1537419427010902,1.4,XMEAS7-XMEAS9,0.5714285714285714,4
F11,499,0.2857142857142857,1.549826045878202,1.0,XMEAS7-XMEAS9,0.2857142857142857,5
F11,500,0.2857142857142857,1.5498260458782016,1.0,XMEAS8-XMEAS10,0.2857142857142857,5
F12,1,0.42857142857142855,1.2770342594661392,1.4,XMEAS9-XMEAS11,0.42857142857142855,4
F12,2,0.5714285714285714,0.9556998911125343,1.75,XMEAS9-XMEAS11,0.5714285714285714,3
F12,3,0.5714285714285714,0.9556998911125343,2.3333333333333335,XMEAS7-XMEAS11,0.5714285714285714,3
F12,4,0.7142857142857143,0.5982695885852573,3.5,XMEAS9-XMEAS11,0.7142857142857143,2
F12,5,0.8571428571428571,0.410116318288409,3.5,XMEAS7-XMEAS11,0.8571428571428571,2
F12,6,0.7142857142857143,0.5982695885852573,3.5,XMEAS7-XMEAS11,0.7142857142857143,2
F12,7,0.7142857142857143,0.5982695885852573,1.75,XMEAS7-XMEAS11,0.7142857142857143,2
F12,8,0.5714285714285714,0.9556998911125343,1.4,XMEAS9-XMEAS11,0.5714285714285714,3
F12,9,0.8571428571428571,0.410116318288409,2.3333333333333335,XMEAS9-XMEAS11,0.8571428571428571,2
F12,10,0.5714285714285714,0.9556998911125343,1.75,XMEAS7-XMEAS11,0.5714285714285714,3
F12,11,0.8571428571428571,0.410116318288409,2.3333333333333335,XMEAS9-XMEAS11,0.8571428571428571,2
F12,12,0.7142857142857143,0.7963116401738131,1.75,XMEAS9-XMEAS11,0.7142857142857143,3
F12,13,0.42857142857142855,1.0042424730540764,1.4,XMEAS9-XMEAS11,0.42857142857142855,3
F12,14,1.0,0.0,7.0,XMEAS7-XMEAS11,1.0,1
F12,15,0.8571428571428571,0.410116318288409,2.3333333333333335,XMEAS9-XMEAS11,0.8571428571428571,2
F12,16,0.5714285714285714,0.6829081047004717,1.75,XMEAS9-XMEAS11,0.5714285714285714,2
F12,17,0.8571428571428571,0.410116318288409,3.5,XMEAS9-XMEAS11,0.8571428571428571,2
F12,18,0.8571428571428571,0.410116318288409,3.5,XMEAS7-XMEAS11,0.8571428571428571,2
F12,19,0.42857142857142855,1.0789922078775833,1.1666666666666667,XMEAS9-XMEAS11,0.42857142857142855,3
F12,20,0.8571428571428571,0.410116318288409,2.3333333333333335,XMEAS9-XMEAS11,0.8571428571428571,2
F12,21,1.0,0.0,7.0,XMEAS9-XMEAS11,1.0,1
F12,22,1.0,0.0,7.0,XMEAS7-XMEAS11,1.0,1
F12,23,0.8571428571428571,0.410116318288409,3.5,XMEAS7-XMEAS11,0.8571428571428571,2
F12,24,0.7142857142857143,0.5982695885852573,3.5,XMEAS7-XMEAS11,0.7142857142857143,2
F12,25,0.5714285714285714,0.6829081047004717,1.4,XMEAS9-XMEAS11,0.5714285714285714,2
F12,26,0.5714285714285714,0.6829081047004717,1.4,XMEAS9-XMEAS11,0.5714285714285714,2
F12,27,0.7142857142857143,0.7963116401738131,1.75,XMEAS9-XMEAS11,0.7142857142857143,3
F12,28,0.42857142857142855,1.0042424730540764,2.3333333333333335,XMEAS9-XMEAS11,0.42857142857142855,3
F12,29,0.5714285714285714,0.6829081047004717,3.5,XMEAS9-XMEAS11,0.5714285714285714,2
F12,30,0.7142857142857143,0.7963116401738131,2.3333333333333335,XMEAS9-XMEAS11,0.7142857142857143,3
F12,31,0.7142857142857143,0.7963116401738131,1.75,XMEAS9-XMEAS11,0.7142857142857143,3
F12,32,0.7142857142857143,0.7963116401738131,1.4,XMEAS9-XMEAS11,0.7142857142857143,3
F12,33,0.5714285714285714,0.6829081047004717,1.75,XMEAS7-XMEAS11,0.5714285714285714,2
F12,34,0.5714285714285714,0.9556998911125343,1.75,XMEAS7-XMEAS11,0.5714285714285714,3
F12,35,0.5714285714285714,0.6829081047004717,3.5,XMEAS7-XMEAS11,0.5714285714285714,2
F12,36,0.42857142857142855,1.2770342594661392,1.4,XMEAS9-XMEAS11,0.42857142857142855,4
F12,37,0.42857142857142855,1.0042424730540764,2.3333333333333335,XMEAS9-XMEAS11,0.42857142857142855,3
F12,38,0.7142857142857143,0.7963116401738131,1.75,XMEAS9-XMEAS11,0.7142857142857143,3
F12,39,0.5714285714285714,0.9556998911125343,2.3333333333333335,XMEAS9-XMEAS11,0.5714285714285714,3
F12,40,0.7142857142857143,0.7963116401738131,2.3333333333333335,XMEAS7-XMEAS11,0.7142857142857143,3
F12,41,0.8571428571428571,0.410116318288409,2.3333333333333335,XMEAS9-XMEAS11,0.8571428571428571,2
F12,42,0.8571428571428571,0.410116318288409,3.5,XMEAS9-XMEAS11,0.8571428571428571,2
F12,43,1.0,0.0,7.0,XMEAS9-XMEAS11,1.0,1
F12,44,1.0,0.0,7.0,XMEAS9-XMEAS11,1.0,1
F12,45,0.5714285714285714,0.6829081047004717,1.75,XMEAS9-XMEAS11,0.5714285714285714,2
F12,46,0.42857142857142855,1.475076311054695,1.1666666666666667,XMEAS9-XMEAS11,0.42857142857142855,5
F12,47,1.0,0.0,7.0,XMEAS7-XMEAS11,1.0,1
F12,48,1.0,0.0,7.0,XMEAS9-XMEAS11,1.0,1
F12,49,0.42857142857142855,1.475076311054695,1.1666666666666667,XMEAS9-XMEAS11,0.42857142857142855,5
F12,50,0.8571428571428571,0.410116318288409,2.3333333333333335,XMEAS9-XMEAS11,0.8571428571428571,2
F12,51,0.8571428571428571,0.410116318288409,2.3333333333333335,XMEAS9-XMEAS11,0.8571428571428571,2
F12,52,0.5714285714285714,1.1537419427010902,1.1666666666666667,XMEAS9-XMEAS11,0.5714285714285714,4
F12,53,0.5714285714285714,1.1537419427010902,1.4,XMEAS9-XMEAS11,0.5714285714285714,4
F12,54,0.2857142857142857,1.7478680974667578,1.1666666666666667,XMEAS9-XMEAS11,0.2857142857142857,6
F12,55,0.7142857142857143,0.796311640173813,2.3333333333333335,XMEAS7-XMEAS11,0.7142857142857143,3
F12,56,1.0,0.0,7.0,XMEAS9-XMEAS11,1.0,1
F12,57,0.5714285714285714,0.6829081047004717,2.3333333333333335,XMEAS7-XMEAS11,0.5714285714285714,2
F12,58,1.0,0.0,7.0,XMEAS9-XMEAS11,1.0,1
F12,59,1.0,0.0,7.0,XMEAS7-XMEAS11,1.0,1
F12,60,0.8571428571428571,0.410116318288409,3.5,XMEAS7-XMEAS11,0.8571428571428571,2
F12,61,0.42857142857142855,1.2770342594661392,1.0,XMEAS9-XMEAS11,0.42857142857142855,4
F12,62,0.7142857142857143,0.5982695885852573,1.75,XMEAS9-XMEAS11,0.7142857142857143,2
F12,63,0.8571428571428571,0.410116318288409,3.5,XMEAS7-XMEAS11,0.8571428571428571,2
F12,64,0.7142857142857143,0.5982695885852573,3.5,XMEAS9-XMEAS11,0.7142857142857143,2
F12,65,0.5714285714285714,0.6829081047004717,2.3333333333333335,XMEAS9-XMEAS11,0.5714285714285714,2
F12,66,0.5714285714285714,0.6829081047004717,1.75,XMEAS9-XMEAS11,0.5714285714285714,2
F12,67,0.7142857142857143,0.5982695885852573,1.75,XMEAS9-XMEAS11,0.7142857142857143,2
F12,68,0.5714285714285714,0.9556998911125343,1.75,XMEAS9-XMEAS11,0.5714285714285714,3
F12,69,0.5714285714285714,1.1537419427010902,1.1666666666666667,XMEAS9-XMEAS11,0.5714285714285714,4
F12,70,0.5714285714285714,0.6829081047004717,2.3333333333333335,XMEAS9-XMEAS11,0.5714285714285714,2
F12,71,0.7142857142857143,0.5982695885852573,3.5,XMEAS7-XMEAS11,0.7142857142857143,2
F12,72,0.5714285714285714,0.9556998911125343,2.3333333333333335,XMEAS9-XMEAS11,0.5714285714285714,3
F12,73,0.5714285714285714,0.6829081047004717,3.5,XMEAS7-XMEAS11,0.5714285714285714,2
F12,74,0.7142857142857143,0.7963116401738131,1.75,XMEAS9-XMEAS11,0.7142857142857143,3
F12,75,0.7142857142857143,0.5982695885852573,3.5,XMEAS9-XMEAS11,0.7142857142857143,2
F12,76,0.8571428571428571,0.410116318288409,3.5,XMEAS9-XMEAS11,0.8571428571428571,2
F12,77,0.42857142857142855,1.277034259466139,1.4,XMEAS7-XMEAS11,0.42857142857142855,4
F12,78,0.7142857142857143,0.7963116401738131,1.75,XMEAS9-XMEAS11,0.7142857142857143,3
F12,79,0.7142857142857143,0.7963116401738131,1.75,XMEAS9-XMEAS11,0.7142857142857143,3
F12,80,0.5714285714285714,0.9556998911125343,1.75,XMEAS9-XMEAS11,0.5714285714285714,3
F12,81,0.8571428571428571,0.410116318288409,2.3333333333333335,XMEAS9-XMEAS11,0.8571428571428571,2
F12,82,0.8571428571428571,0.410116318288409,2.3333333333333335,XMEAS9-XMEAS11,0.8571428571428571,2
F12,83,0.7142857142857143,0.7963116401738131,1.75,XMEAS9-XMEAS11,0.7142857142857143,3
F12,84,0.8571428571428571,0.410116318288409,2.3333333333333335,XMEAS9-XMEAS11,0.8571428571428571,2
F12,85,0.7142857142857143,0.7963116401738131,1.75,XMEAS9-XMEAS11,0.7142857142857143,3
F12,86,0.8571428571428571,0.410116318288409,3.5,XMEAS7-XMEAS11,0.8571428571428571,2
F12,87,0.42857142857142855,1.0042424730540764,1.75,XMEAS9-XMEAS11,0.42857142857142855,3
F12,88,0.7142857142857143,0.5982695885852573,3.5,XMEAS7-XMEAS11,0.7142857142857143,2
F12,89,0.5714285714285714,0.6829081047004717,1.75,XMEAS9-XMEAS11,0.5714285714285714,2
F12,90,0.8571428571428571,0.410116318288409,2.3333333333333335,XMEAS9-XMEAS11,0.8571428571428571,2
F12,91,0.5714285714285714,0.6829081047004717,2.3333333333333335,XMEAS9-XMEAS11,0.5714285714285714,2
F12,92,0.8571428571428571,0.410116318288409,2.3333333333333335,XMEAS9-XMEAS11,0.8571428571428571,2
F12,93,0.8571428571428571,0.410116318288409,3.5,XMEAS9-XMEAS11,0.8571428571428571,2
F12,94,0.7142857142857143,0.5982695885852573,3.5,XMEAS7-XMEAS11,0.7142857142857143,2
F12,95,0.8571428571428571,0.410116318288409,3.5,XMEAS9-XMEAS11,0.8571428571428571,2
F12,96,0.5714285714285714,1.1537419427010902,1.4,XMEAS9-XMEAS11,0.5714285714285714,4
F12,97,0.7142857142857143,0.7963116401738131,1.75,XMEAS9-XMEAS11,0.7142857142857143,3
F12,98,0.7142857142857143,0.7963116401738131,1.4,XMEAS9-XMEAS11,0.7142857142857143,3
F12,99,0.7142857142857143,0.7963116401738131,1.75,XMEAS9-XMEAS11,0.7142857142857143,3
F12,100,0.5714285714285714,0.6829081047004717,1.75,XMEAS9-XMEAS11,0.5714285714285714,2
F12,101,0.42857142857142855,1.2770342594661392,1.0,XMEAS7-XMEAS11,0.42857142857142855,4
F12,102,0.42857142857142855,1.2770342594661392,1.75,XMEAS7-XMEAS11,0.42857142857142855,4
F12,103,1.0,0.0,7.0,XMEAS9-XMEAS11,1.0,1
F12,104,0.5714285714285714,0.9556998911125343,1.4,XMEAS9-XMEAS11,0.5714285714285714,3
F12,105,0.8571428571428571,0.410116318288409,2.3333333333333335,XMEAS7-XMEAS11,0.8571428571428571,2
F12,106,0.8571428571428571,0.410116318288409,2.3333333333333335,XMEAS9-XMEAS11,0.8571428571428571,2
F12,107,0.8571428571428571,0.410116318288409,3.5,XMEAS7-XMEAS11,0.8571428571428571,2
F12,108,0.7142857142857143,0.7963116401738131,1.75,XMEAS9-XMEAS11,0.7142857142857143,3
F12,109,0.7142857142857143,0.5982695885852573,1.75,XMEAS9-XMEAS11,0.7142857142857143,2
F12,110,0.8571428571428571,0.410116318288409,3.5,XMEAS7-XMEAS11,0.8571428571428571,2
F12,111,0.8571428571428571,0.410116318288409,2.3333333333333335,XMEAS9-XMEAS11,0.8571428571428571,2
F12,112,0.8571428571428571,0.410116318288409,2.3333333333333335,XMEAS9-XMEAS11,0.8571428571428571,2
F12,113,0.5714285714285714,1.1537419427010902,1.4,XMEAS9-XMEAS11,0.5714285714285714,4
F12,114,0.8571428571428571,0.410116318288409,3.5,XMEAS9-XMEAS11,0.8571428571428571,2
F12,115,1.0,0.0,7.0,XMEAS7-XMEAS11,1.0,1
F12,116,0.7142857142857143,0.5982695885852573,2.3333333333333335,XMEAS9-XMEAS11,0.7142857142857143,2
F12,117,0.42857142857142855,1.0042424730540764,1.75,XMEAS9-XMEAS11,0.42857142857142855,3
F12,118,0.5714285714285714,0.6829081047004717,3.5,XMEAS7-XMEAS11,0.5714285714285714,2
F12,119,0.42857142857142855,1.0042424730540764,1.75,XMEAS7-XMEAS11,0.42857142857142855,3
F12,120,0.8571428571428571,0.410116318288409,2.3333333333333335,XMEAS9-XMEAS11,0.8571428571428571,2
F12,121,0.5714285714285714,0.6829081047004717,1.1666666666666667,XMEAS7-XMEAS11,0.5714285714285714,2
F12,122,0.5714285714285714,0.6829081047004717,1.75,XMEAS9-XMEAS11,0.5714285714285714,2
F12,123,0.7142857142857143,0.7963116401738131,1.75,XMEAS9-XMEAS11,0.7142857142857143,3
F12,124,0.7142857142857143,0.7963116401738131,1.75,XMEAS9-XMEAS11,0.7142857142857143,3
F12,125,0.8571428571428571,0.410116318288409,3.5,XMEAS9-XMEAS11,0.8571428571428571,2
F12,126,0.42857142857142855,1.0789922078775833,1.4,XMEAS9-XMEAS11,0.42857142857142855,3
F12,127,0.5714285714285714,1.1537419427010902,1.75,XMEAS9-XMEAS11,0.5714285714285714,4
F12,128,1.0,0.0,7.0,XMEAS9-XMEAS11,1.0,1
F12,129,0.7142857142857143,0.5982695885852573,2.3333333333333335,XMEAS9-XMEAS11,0.7142857142857143,2
F12,130,0.7142857142857143,0.7963116401738131,1.4,XMEAS9-XMEAS11,0.7142857142857143,3
F12,131,0.2857142857142857,1.351783994289646,1.4,XMEAS9-XMEAS10,0.2857142857142857,4
F12,132,0.7142857142857143,0.796311640173813,2.3333333333333335,XMEAS7-XMEAS11,0.7142857142857143,3
F12,133,0.5714285714285714,0.9556998911125343,1.1666666666666667,XMEAS9-XMEAS11,0.5714285714285714,3
F12,134,0.5714285714285714,0.6829081047004717,1.75,XMEAS9-XMEAS11,0.5714285714285714,2
F12,135,0.5714285714285714,0.6829081047004717,1.4,XMEAS7-XMEAS11,0.5714285714285714,2
F12,136,0.7142857142857143,0.7963116401738131,1.75,XMEAS9-XMEAS11,0.7142857142857143,3
F12,137,0.2857142857142857,1.351783994289646,1.0,XMEAS10-XMEAS11,0.2857142857142857,4
F12,138,0.8571428571428571,0.410116318288409,3.5,XMEAS9-XMEAS11,0.8571428571428571,2
F12,139,0.5714285714285714,0.9556998911125343,1.75,XMEAS9-XMEAS11,0.5714285714285714,3
F12,140,0.8571428571428571,0.410116318288409,2.3333333333333335,XMEAS9-XMEAS11,0.8571428571428571,2
F12,141,0.7142857142857143,0.5982695885852573,2.3333333333333335,XMEAS9-XMEAS11,0.7142857142857143,2
F12,142,0.7142857142857143,0.7963116401738131,1.75,XMEAS9-XMEAS11,0.7142857142857143,3
F12,143,0.5714285714285714,0.6829081047004717,1.75,XMEAS7-XMEAS11,0.5714285714285714,2
F12,144,0.7142857142857143,0.5982695885852573,1.75,XMEAS9-XMEAS11,0.7142857142857143,2
F12,145,1.0,0.0,7.0,XMEAS9-XMEAS11,1.0,1
F12,146,0.8571428571428571,0.410116318288409,2.3333333333333335,XMEAS9-XMEAS11,0.8571428571428571,2
F12,147,0.5714285714285714,0.9556998911125343,1.4,XMEAS9-XMEAS11,0.5714285714285714,3
F12,148,0.42857142857142855,1.277034259466139,1.0,XMEAS9-XMEAS11,0.42857142857142855,4
F12,149,0.7142857142857143,0.5982695885852573,2.3333333333333335,XMEAS9-XMEAS11,0.7142857142857143,2
F12,150,0.8571428571428571,0.410116318288409,3.5,XMEAS7-XMEAS11,0.8571428571428571,2
F12,151,0.5714285714285714,0.9556998911125343,1.0,XMEAS9-XMEAS11,0.5714285714285714,3
F12,152,0.5714285714285714,0.9556998911125343,1.4,XMEAS9-XMEAS11,0.5714285714285714,3
F12,153,0.5714285714285714,0.6829081047004717,2.3333333333333335,XMEAS9-XMEAS11,0.5714285714285714,2
F12,154,0.8571428571428571,0.410116318288409,2.3333333333333335,XMEAS9-XMEAS11,0.8571428571428571,2
F12,155,0.7142857142857143,0.5982695885852573,2.3333333333333335,XMEAS9-XMEAS11,0.7142857142857143,2
F12,156,0.7142857142857143,0.7963116401738131,1.75,XMEAS9-XMEAS11,0.7142857142857143,3
F12,157,0.8571428571428571,0.410116318288409,2.3333333333333335,XMEAS9-XMEAS11,0.8571428571428571,2
F12,158,0.7142857142857143,0.5982695885852573,3.5,XMEAS7-XMEAS11,0.7142857142857143,2
F12,159,0.8571428571428571,0.410116318288409,3.5,XMEAS9-XMEAS11,0.8571428571428571,2
F12,160,0.8571428571428571,0.410116318288409,3.5,XMEAS9-XMEAS11,0.8571428571428571,2
F12,161,0.42857142857142855,1.2770342594661392,1.1666666666666667,XMEAS7-XMEAS11,0.42857142857142855,4
F12,162,0.2857142857142857,1.5498260458782016,1.0,XMEAS9-XMEAS11,0.2857142857142857,5
F12,163,0.42857142857142855,1.0042424730540764,1.75,XMEAS9-XMEAS11,0.42857142857142855,3
F12,164,0.5714285714285714,1.1537419427010902,1.4,XMEAS7-XMEAS11,0.5714285714285714,4
F12,165,0.5714285714285714,0.9556998911125343,1.4,XMEAS9-XMEAS11,0.5714285714285714,3
F12,166,1.0,0.0,7.0,XMEAS9-XMEAS11,1.0,1
F12,167,0.42857142857142855,1.2770342594661392,1.4,XMEAS9-XMEAS11,0.42857142857142855,4
F12,168,0.7142857142857143,0.7963116401738131,1.75,XMEAS9-XMEAS11,0.7142857142857143,3
F12,169,0.7142857142857143,0.7963116401738131,1.4,XMEAS9-XMEAS11,0.7142857142857143,3
F12,170,0.5714285714285714,0.9556998911125343,1.75,XMEAS7-XMEAS11,0.5714285714285714,3
F12,171,0.8571428571428571,0.410116318288409,3.5,XMEAS9-XMEAS11,0.8571428571428571,2
F12,172,0.8571428571428571,0.410116318288409,3.5,XMEAS9-XMEAS11,0.8571428571428571,2
F12,173,0.5714285714285714,0.9556998911125343,1.1666666666666667,XMEAS9-XMEAS11,0.5714285714285714,3
F12,174,0.5714285714285714,0.9556998911125343,1.75,XMEAS7-XMEAS11,0.5714285714285714,3
F12,175,0.7142857142857143,0.5982695885852573,3.5,XMEAS9-XMEAS11,0.7142857142857143,2
F12,176,0.7142857142857143,0.7963116401738131,1.4,XMEAS9-XMEAS11,0.7142857142857143,3
F12,177,0.7142857142857143,0.7963116401738131,1.4,XMEAS9-XMEAS11,0.7142857142857143,3
F12,178,0.8571428571428571,0.410116318288409,2.3333333333333335,XMEAS9-XMEAS11,0.8571428571428571,2
F12,179,0.5714285714285714,0.9556998911125343,1.1666666666666667,XMEAS9-XMEAS11,0.5714285714285714,3
F12,180,0.7142857142857143,0.796311640173813,2.3333333333333335,XMEAS7-XMEAS11,0.7142857142857143,3
F12,181,0.8571428571428571,0.410116318288409,3.5,XMEAS7-XMEAS11,0.8571428571428571,2
F12,182,0.8571428571428571,0.410116318288409,2.3333333333333335,XMEAS9-XMEAS11,0.8571428571428571,2
F12,183,0.42857142857142855,1.277034259466139,1.75,XMEAS9-XMEAS11,0.42857142857142855,4
F12,184,0.5714285714285714,1.1537419427010902,1.4,XMEAS9-XMEAS11,0.5714285714285714,4
F12,185,0.8571428571428571,0.410116318288409,3.5,XMEAS9-XMEAS11,0.8571428571428571,2
F12,186,0.8571428571428571,0.410116318288409,2.3333333333333335,XMEAS9-XMEAS11,0.8571428571428571,2
F12,187,0.5714285714285714,0.9556998911125343,1.75,XMEAS9-XMEAS11,0.5714285714285714,3
F12,188,0.7142857142857143,0.7963116401738131,1.4,XMEAS9-XMEAS11,0.7142857142857143,3
F12,189,0.5714285714285714,0.6829081047004717,1.4,XMEAS9-XMEAS11,0.5714285714285714,2
F12,190,0.8571428571428571,0.410116318288409,2.3333333333333335,XMEAS9-XMEAS11,0.8571428571428571,2
F12,191,0.8571428571428571,0.410116318288409,3.5,XMEAS9-XMEAS11,0.8571428571428571,2
F12,192,0.8571428571428571,0.410116318288409,3.5,XMEAS7-XMEAS11,0.8571428571428571,2
F12,193,0.7142857142857143,0.7963116401738131,2.3333333333333335,XMEAS9-XMEAS11,0.7142857142857143,3
F12,194,0.42857142857142855,1.2770342594661392,1.4,XMEAS9-XMEAS11,0.42857142857142855,4
F12,195,1.0,0.0,7.0,XMEAS9-XMEAS11,1.0,1
F12,196,0.5714285714285714,0.9556998911125343,1.4,XMEAS7-XMEAS11,0.5714285714285714,3
F12,197,0.42857142857142855,1.2770342594661392,1.0,XMEAS9-XMEAS11,0.42857142857142855,4
F12,198,0.5714285714285714,0.6829081047004717,1.1666666666666667,XMEAS9-XMEAS11,0.5714285714285714,2
F12,199,0.7142857142857143,0.796311640173813,2.3333333333333335,XMEAS9-XMEAS11,0.7142857142857143,3
F12,200,0.42857142857142855,1.277034259466139,1.4,XMEAS9-XMEAS11,0.42857142857142855,4
F12,201,0.5714285714285714,0.6829081047004717,1.4,XMEAS9-XMEAS11,0.5714285714285714,2
F12,202,0.8571428571428571,0.410116318288409,3.5,XMEAS9-XMEAS11,0.8571428571428571,2
F12,203,1.0,0.0,7.0,XMEAS9-XMEAS11,1.0,1
F12,204,0.7142857142857143,0.5982695885852573,2.3333333333333335,XMEAS9-XMEAS11,0.7142857142857143,2
F12,205,0.7142857142857143,0.7963116401738131,1.4,XMEAS9-XMEAS11,0.7142857142857143,3
F12,206,0.8571428571428571,0.410116318288409,2.3333333333333335,XMEAS9-XMEAS11,0.8571428571428571,2
F12,207,0.42857142857142855,1.2770342594661392,1.4,XMEAS9-XMEAS11,0.42857142857142855,4
F12,208,0.8571428571428571,0.410116318288409,2.3333333333333335,XMEAS9-XMEAS11,0.8571428571428571,2
F12,209,0.5714285714285714,0.6829081047004717,2.3333333333333335,XMEAS9-XMEAS11,0.5714285714285714,2
F12,210,0.7142857142857143,0.7963116401738131,2.3333333333333335,XMEAS9-XMEAS11,0.7142857142857143,3
F12,211,0.5714285714285714,1.15374194270109,1.4,XMEAS9-XMEAS11,0.5714285714285714,4
F12,212,0.5714285714285714,1.1537419427010902,1.1666666666666667,XMEAS9-XMEAS11,0.5714285714285714,4
F12,213,0.42857142857142855,1.0042424730540764,1.1666666666666667,XMEAS9-XMEAS11,0.42857142857142855,3
F12,214,0.7142857142857143,0.7963116401738131,1.75,XMEAS9-XMEAS11,0.7142857142857143,3
F12,215,0.5714285714285714,0.9556998911125343,1.75,XMEAS9-XMEAS11,0.5714285714285714,3
F12,216,0.5714285714285714,1.1537419427010902,1.0,XMEAS9-XMEAS11,0.5714285714285714,4
F12,217,1.0,0.0,7.0,XMEAS9-XMEAS11,1.0,1
F12,218,0.42857142857142855,1.0042424730540764,1.75,XMEAS7-XMEAS11,0.42857142857142855,3
F12,219,0.5714285714285714,1.1537419427010902,1.4,XMEAS9-XMEAS11,0.5714285714285714,4
F12,220,0.5714285714285714,0.6829081047004717,1.75,XMEAS7-XMEAS11,0.5714285714285714,2
F12,221,0.8571428571428571,0.410116318288409,3.5,XMEAS7-XMEAS11,0.8571428571428571,2
F12,222,0.8571428571428571,0.410116318288409,2.3333333333333335,XMEAS9-XMEAS11,0.8571428571428571,2
F12,223,0.5714285714285714,0.6829081047004717,2.3333333333333335,XMEAS9-XMEAS11,0.5714285714285714,2
F12,224,0.42857142857142855,1.0042424730540764,1.75,XMEAS9-XMEAS11,0.42857142857142855,3
F12,225,0.8571428571428571,0.410116318288409,2.3333333333333335,XMEAS9-XMEAS11,0.8571428571428571,2
F12,226,0.7142857142857143,0.7963116401738131,1.75,XMEAS9-XMEAS11,0.7142857142857143,3
F12,227,0.7142857142857143,0.7963116401738131,1.4,XMEAS9-XMEAS11,0.7142857142857143,3
F12,228,0.8571428571428571,0.410116318288409,2.3333333333333335,XMEAS9-XMEAS11,0.8571428571428571,2
F12,229,1.0,0.0,7.0,XMEAS9-XMEAS11,1.0,1
F12,230,0.5714285714285714,0.6829081047004717,1.75,XMEAS9-XMEAS11,0.5714285714285714,2
F12,231,0.5714285714285714,0.9556998911125343,1.75,XMEAS9-XMEAS11,0.5714285714285714,3
F12,232,0.42857142857142855,1.2770342594661392,1.1666666666666667,XMEAS9-XMEAS11,0.42857142857142855,4
F12,233,0.5714285714285714,0.9556998911125343,1.75,XMEAS9-XMEAS11,0.5714285714285714,3
F12,234,0.7142857142857143,0.5982695885852573,2.3333333333333335,XMEAS9-XMEAS11,0.7142857142857143,2
F12,235,0.8571428571428571,0.410116318288409,2.3333333333333335,XMEAS9-XMEAS11,0.8571428571428571,2
F12,236,0.5714285714285714,0.6829081047004717,3.5,XMEAS9-XMEAS11,0.5714285714285714,2
F12,237,0.8571428571428571,0.410116318288409,2.3333333333333335,XMEAS9-XMEAS11,0.8571428571428571,2
F12,238,0.5714285714285714,0.9556998911125343,1.4,XMEAS9-XMEAS11,0.5714285714285714,3
F12,239,0.42857142857142855,1.0042424730540764,1.75,XMEAS9-XMEAS11,0.42857142857142855,3
F12,240,0.7142857142857143,0.7963116401738131,1.75,XMEAS9-XMEAS11,0.7142857142857143,3
F12,241,0.5714285714285714,0.9556998911125343,1.75,XMEAS7-XMEAS11,0.5714285714285714,3
F12,242,0.8571428571428571,0.410116318288409,3.5,XMEAS7-XMEAS11,0.8571428571428571,2
F12,243,0.5714285714285714,0.9556998911125343,1.75,XMEAS9-XMEAS11,0.5714285714285714,3
F12,244,0.8571428571428571,0.410116318288409,3.5,XMEAS7-XMEAS11,0.8571428571428571,2
F12,245,0.8571428571428571,0.410116318288409,3.5,XMEAS9-XMEAS11,0.8571428571428571,2
F12,246,0.5714285714285714,0.6829081047004717,2.3333333333333335,XMEAS9-XMEAS11,0.5714285714285714,2
F12,247,0.8571428571428571,0.410116318288409,3.5,XMEAS7-XMEAS11,0.8571428571428571,2
F12,248,0.5714285714285714,1.15374194270109,1.4,XMEAS9-XMEAS11,0.5714285714285714,4
F12,249,1.0,0.0,7.0,XMEAS9-XMEAS11,1.0,1
F12,250,0.5714285714285714,0.6829081047004717,2.3333333333333335,XMEAS7-XMEAS11,0.5714285714285714,2
F12,251,0.7142857142857143,0.7963116401738131,1.4,XMEAS9-XMEAS11,0.7142857142857143,3
F12,252,0.8571428571428571,0.410116318288409,3.5,XMEAS9-XMEAS11,0.8571428571428571,2
F12,253,0.5714285714285714,0.9556998911125343,1.75,XMEAS9-XMEAS11,0.5714285714285714,3
F12,254,0.7142857142857143,0.7963116401738131,1.75,XMEAS9-XMEAS11,0.7142857142857143,3
F12,255,0.8571428571428571,0.410116318288409,2.3333333333333335,XMEAS9-XMEAS11,0.8571428571428571,2
F12,256,0.5714285714285714,0.6829081047004717,1.75,XMEAS7-XMEAS11,0.5714285714285714,2
F12,257,0.7142857142857143,0.7963116401738131,1.75,XMEAS9-XMEAS11,0.7142857142857143,3
F12,258,0.7142857142857143,0.7963116401738131,1.4,XMEAS9-XMEAS11,0.7142857142857143,3
F12,259,0.42857142857142855,1.0042424730540764,1.75,XMEAS9-XMEAS11,0.42857142857142855,3
F12,260,0.7142857142857143,0.5982695885852573,1.4,XMEAS9-XMEAS11,0.7142857142857143,2
F12,261,0.5714285714285714,1.1537419427010902,1.1666666666666667,XMEAS9-XMEAS11,0.5714285714285714,4
F12,262,0.8571428571428571,0.410116318288409,2.3333333333333335,XMEAS9-XMEAS11,0.8571428571428571,2
F12,263,0.7142857142857143,0.7963116401738131,1.75,XMEAS9-XMEAS11,0.7142857142857143,3
F12,264,0.5714285714285714,0.6829081047004717,1.75,XMEAS9-XMEAS11,0.5714285714285714,2
F12,265,0.42857142857142855,1.0042424730540764,1.4,XMEAS9-XMEAS11,0.42857142857142855,3
F12,266,0.8571428571428571,0.410116318288409,3.5,XMEAS9-XMEAS11,0.8571428571428571,2
F12,267,0.8571428571428571,0.410116318288409,2.3333333333333335,XMEAS9-XMEAS11,0.8571428571428571,2
F12,268,0.8571428571428571,0.410116318288409,3.5,XMEAS9-XMEAS11,0.8571428571428571,2
F12,269,0.42857142857142855,1.0042424730540764,1.75,XMEAS9-XMEAS11,0.42857142857142855,3
F12,270,0.5714285714285714,0.9556998911125343,1.4,XMEAS9-XMEAS11,0.5714285714285714,3
F12,271,0.5714285714285714,0.9556998911125343,1.4,XMEAS9-XMEAS11,0.5714285714285714,3
F12,272,0.7142857142857143,0.5982695885852573,3.5,XMEAS7-XMEAS11,0.7142857142857143,2
F12,273,0.42857142857142855,1.277034259466139,1.4,XMEAS7-XMEAS11,0.42857142857142855,4
F12,274,0.42857142857142855,1.277034259466139,1.0,XMEAS9-XMEAS11,0.42857142857142855,4
F12,275,0.5714285714285714,0.9556998911125343,1.75,XMEAS7-XMEAS11,0.5714285714285714,3
F12,276,0.7142857142857143,0.5982695885852573,3.5,XMEAS9-XMEAS11,0.7142857142857143,2
F12,277,0.8571428571428571,0.410116318288409,3.5,XMEAS7-XMEAS11,0.8571428571428571,2
F12,278,0.5714285714285714,0.6829081047004717,3.5,XMEAS9-XMEAS11,0.5714285714285714,2
F12,279,0.7142857142857143,0.5982695885852573,3.5,XMEAS9-XMEAS11,0.7142857142857143,2
F12,280,1.0,0.0,7.0,XMEAS9-XMEAS11,1.0,1
F12,281,0.5714285714285714,0.6829081047004717,2.3333333333333335,XMEAS9-XMEAS11,0.5714285714285714,2
F12,282,0.7142857142857143,0.7963116401738131,1.4,XMEAS9-XMEAS11,0.7142857142857143,3
F12,283,0.5714285714285714,0.9556998911125343,1.75,XMEAS7-XMEAS11,0.5714285714285714,3
F12,284,0.8571428571428571,0.410116318288409,3.5,XMEAS9-XMEAS11,0.8571428571428571,2
F12,285,0.7142857142857143,0.5982695885852573,3.5,XMEAS7-XMEAS11,0.7142857142857143,2
F12,286,0.7142857142857143,0.5982695885852573,1.4,XMEAS9-XMEAS11,0.7142857142857143,2
F12,287,0.7142857142857143,0.5982695885852573,1.75,XMEAS9-XMEAS11,0.7142857142857143,2
F12,288,0.8571428571428571,0.410116318288409,2.3333333333333335,XMEAS9-XMEAS11,0.8571428571428571,2
F12,289,1.0,0.0,7.0,XMEAS9-XMEAS11,1.0,1
F12,290,0.42857142857142855,1.0789922078775833,1.4,XMEAS7-XMEAS11,0.42857142857142855,3
F12,291,0.42857142857142855,1.0042424730540764,1.4,XMEAS9-XMEAS11,0.42857142857142855,3
F12,292,0.8571428571428571,0.410116318288409,2.3333333333333335,XMEAS9-XMEAS11,0.8571428571428571,2
F12,293,0.8571428571428571,0.410116318288409,2.3333333333333335,XMEAS9-XMEAS11,0.8571428571428571,2
F12,294,0.42857142857142855,1.475076311054695,1.0,XMEAS9-XMEAS11,0.42857142857142855,5
F12,295,0.42857142857142855,1.0042424730540764,1.4,XMEAS9-XMEAS11,0.42857142857142855,3
F12,296,0.7142857142857143,0.7963116401738131,1.75,XMEAS9-XMEAS11,0.7142857142857143,3
F12,297,0.5714285714285714,0.9556998911125343,1.75,XMEAS9-XMEAS11,0.5714285714285714,3
F12,298,0.7142857142857143,0.5982695885852573,1.4,XMEAS9-XMEAS11,0.7142857142857143,2
F12,299,0.7142857142857143,0.7963116401738131,1.75,XMEAS9-XMEAS11,0.7142857142857143,3
F12,300,0.42857142857142855,1.0042424730540764,2.3333333333333335,XMEAS9-XMEAS11,0.42857142857142855,3
F12,301,1.0,0.0,7.0,XMEAS9-XMEAS11,1.0,1
F12,302,0.7142857142857143,0.5982695885852573,1.75,XMEAS9-XMEAS11,0.7142857142857143,2
F12,303,0.2857142857142857,1.549826045878202,1.0,XMEAS9-XMEAS11,0.2857142857142857,5
F12,304,0.7142857142857143,0.5982695885852573,3.5,XMEAS7-XMEAS11,0.7142857142857143,2
F12,305,0.5714285714285714,1.1537419427010902,1.4,XMEAS9-XMEAS11,0.5714285714285714,4
F12,306,0.5714285714285714,0.9556998911125343,1.0,XMEAS9-XMEAS11,0.5714285714285714,3
F12,307,0.7142857142857143,0.5982695885852573,2.3333333333333335,XMEAS9-XMEAS11,0.7142857142857143,2
F12,308,0.42857142857142855,1.4750763110546947,1.4,XMEAS7-XMEAS11,0.42857142857142855,5
F12,309,0.5714285714285714,0.6829081047004717,1.75,XMEAS9-XMEAS11,0.5714285714285714,2
F12,310,0.7142857142857143,0.5982695885852573,3.5,XMEAS9-XMEAS11,0.7142857142857143,2
F12,311,0.5714285714285714,1.1537419427010902,1.4,XMEAS9-XMEAS11,0.5714285714285714,4
F12,312,0.8571428571428571,0.410116318288409,2.3333333333333335,XMEAS9-XMEAS11,0.8571428571428571,2
F12,313,0.7142857142857143,0.5982695885852573,3.5,XMEAS7-XMEAS11,0.7142857142857143,2
F12,314,0.5714285714285714,0.9556998911125343,1.75,XMEAS9-XMEAS11,0.5714285714285714,3
F12,315,0.5714285714285714,0.6829081047004717,3.5,XMEAS9-XMEAS11,0.5714285714285714,2
F12,316,0.42857142857142855,1.0042424730540764,1.4,XMEAS9-XMEAS11,0.42857142857142855,3
F12,317,0.7142857142857143,0.7963116401738131,1.75,XMEAS9-XMEAS11,0.7142857142857143,3
F12,318,0.5714285714285714,0.6829081047004717,2.3333333333333335,XMEAS9-XMEAS11,0.5714285714285714,2
F12,319,0.42857142857142855,1.277034259466139,1.4,XMEAS7-XMEAS11,0.42857142857142855,4
F12,320,0.7142857142857143,0.5982695885852573,1.75,XMEAS9-XMEAS11,0.7142857142857143,2
F12,321,0.42857142857142855,1.0042424730540764,1.75,XMEAS7-XMEAS11,0.42857142857142855,3
F12,322,0.8571428571428571,0.410116318288409,2.3333333333333335,XMEAS9-XMEAS11,0.8571428571428571,2
F12,323,0.7142857142857143,0.5982695885852573,3.5,XMEAS9-XMEAS11,0.7142857142857143,2
F12,324,0.42857142857142855,1.0789922078775833,2.3333333333333335,XMEAS7-XMEAS11,0.42857142857142855,3
F12,325,0.5714285714285714,0.9556998911125343,1.75,XMEAS9-XMEAS11,0.5714285714285714,3
F12,326,0.8571428571428571,0.410116318288409,3.5,XMEAS9-XMEAS11,0.8571428571428571,2
F12,327,0.7142857142857143,0.7963116401738131,1.4,XMEAS9-XMEAS11,0.7142857142857143,3
F12,328,0.8571428571428571,0.410116318288409,2.3333333333333335,XMEAS9-XMEAS11,0.8571428571428571,2
F12,329,0.5714285714285714,0.6829081047004717,1.75,XMEAS9-XMEAS11,0.5714285714285714,2
F12,330,0.7142857142857143,0.5982695885852573,1.4,XMEAS9-XMEAS11,0.7142857142857143,2
F12,331,0.42857142857142855,1.475076311054695,1.1666666666666667,XMEAS9-XMEAS11,0.42857142857142855,5
F12,332,0.8571428571428571,0.410116318288409,3.5,XMEAS9-XMEAS11,0.8571428571428571,2
F12,333,0.8571428571428571,0.410116318288409,2.3333333333333335,XMEAS9-XMEAS11,0.8571428571428571,2
F12,334,0.5714285714285714,0.6829081047004717,1.75,XMEAS7-XMEAS11,0.5714285714285714,2
F12,335,1.0,0.0,7.0,XMEAS9-XMEAS11,1.0,1
F12,336,0.5714285714285714,0.6829081047004717,1.4,XMEAS7-XMEAS11,0.5714285714285714,2
F12,337,0.7142857142857143,0.5982695885852573,1.75,XMEAS9-XMEAS11,0.7142857142857143,2
F12,338,0.5714285714285714,0.6829081047004717,1.75,XMEAS9-XMEAS11,0.5714285714285714,2
F12,339,0.5714285714285714,1.1537419427010902,1.1666666666666667,XMEAS9-XMEAS11,0.5714285714285714,4
F12,340,0.8571428571428571,0.410116318288409,2.3333333333333335,XMEAS9-XMEAS11,0.8571428571428571,2
F12,341,0.42857142857142855,1.475076311054695,1.1666666666666667,XMEAS9-XMEAS11,0.42857142857142855,5
F12,342,0.7142857142857143,0.5982695885852573,2.3333333333333335,XMEAS9-XMEAS11,0.7142857142857143,2
F12,343,1.0,0.0,7.0,XMEAS9-XMEAS11,1.0,1
F12,344,1.0,0.0,7.0,XMEAS9-XMEAS11,1.0,1
F12,345,0.7142857142857143,0.7963116401738131,1.75,XMEAS9-XMEAS11,0.7142857142857143,3
F12,346,0.42857142857142855,1.4750763110546947,1.4,XMEAS9-XMEAS11,0.42857142857142855,5
F12,347,0.7142857142857143,0.7963116401738131,1.75,XMEAS9-XMEAS11,0.7142857142857143,3
F12,348,0.7142857142857143,0.5982695885852573,2.3333333333333335,XMEAS7-XMEAS11,0.7142857142857143,2
F12,349,1.0,0.0,7.0,XMEAS9-XMEAS11,1.0,1
F12,350,0.7142857142857143,0.5982695885852573,2.3333333333333335,XMEAS9-XMEAS11,0.7142857142857143,2
F12,351,0.7142857142857143,0.796311640173813,2.3333333333333335,XMEAS7-XMEAS11,0.7142857142857143,3
F12,352,0.7142857142857143,0.7963116401738131,1.4,XMEAS9-XMEAS11,0.7142857142857143,3
F12,353,0.8571428571428571,0.410116318288409,2.3333333333333335,XMEAS9-XMEAS11,0.8571428571428571,2
F12,354,0.42857142857142855,1.277034259466139,1.4,XMEAS7-XMEAS11,0.42857142857142855,4
F12,355,0.7142857142857143,0.5982695885852573,2.3333333333333335,XMEAS9-XMEAS11,0.7142857142857143,2
F12,356,0.7142857142857143,0.5982695885852573,2.3333333333333335,XMEAS9-XMEAS11,0.7142857142857143,2
F12,357,0.5714285714285714,0.9556998911125343,1.75,XMEAS9-XMEAS11,0.5714285714285714,3
F12,358,1.0,0.0,7.0,XMEAS9-XMEAS11,1.0,1
F12,359,0.7142857142857143,0.796311640173813,2.3333333333333335,XMEAS7-XMEAS11,0.7142857142857143,3
F12,360,0.5714285714285714,0.6829081047004717,2.3333333333333335,XMEAS9-XMEAS11,0.5714285714285714,2
F12,361,0.5714285714285714,0.9556998911125343,1.75,XMEAS9-XMEAS11,0.5714285714285714,3
F12,362,0.8571428571428571,0.410116318288409,3.5,XMEAS9-XMEAS11,0.8571428571428571,2
F12,363,0.7142857142857143,0.7963116401738131,1.4,XMEAS9-XMEAS11,0.7142857142857143,3
F12,364,0.7142857142857143,0.7963116401738131,1.75,XMEAS7-XMEAS11,0.7142857142857143,3
F12,365,0.5714285714285714,1.1537419427010902,1.4,XMEAS9-XMEAS11,0.5714285714285714,4
F12,366,0.42857142857142855,1.0042424730540764,1.75,XMEAS9-XMEAS11,0.42857142857142855,3
F12,367,0.8571428571428571,0.410116318288409,2.3333333333333335,XMEAS9-XMEAS11,0.8571428571428571,2
F12,368,0.7142857142857143,0.7963116401738131,1.75,XMEAS9-XMEAS11,0.7142857142857143,3
F12,369,0.5714285714285714,0.9556998911125343,1.1666666666666667,XMEAS9-XMEAS11,0.5714285714285714,3
F12,370,0.5714285714285714,0.9556998911125343,1.1666666666666667,XMEAS9-XMEAS11,0.5714285714285714,3
F12,371,1.0,0.0,7.0,XMEAS9-XMEAS11,1.0,1
F12,372,0.7142857142857143,0.5982695885852573,2.3333333333333335,XMEAS9-XMEAS11,0.7142857142857143,2
F12,373,1.0,0.0,7.0,XMEAS9-XMEAS11,1.0,1
F12,374,0.5714285714285714,1.15374194270109,1.75,XMEAS9-XMEAS11,0.5714285714285714,4
F12,375,0.8571428571428571,0.410116318288409,2.3333333333333335,XMEAS9-XMEAS11,0.8571428571428571,2
F12,376,0.42857142857142855,1.2770342594661392,1.75,XMEAS9-XMEAS11,0.42857142857142855,4
F12,377,0.7142857142857143,0.7963116401738131,1.4,XMEAS9-XMEAS11,0.7142857142857143,3
F12,378,1.0,0.0,7.0,XMEAS9-XMEAS11,1.0,1
F12,379,0.7142857142857143,0.5982695885852573,1.75,XMEAS9-XMEAS11,0.7142857142857143,2
F12,380,0.42857142857142855,1.0042424730540764,2.3333333333333335,XMEAS9-XMEAS11,0.42857142857142855,3
F12,381,0.7142857142857143,0.7963116401738131,1.75,XMEAS9-XMEAS11,0.7142857142857143,3
F12,382,1.0,0.0,7.0,XMEAS7-XMEAS11,1.0,1
F12,383,0.7142857142857143,0.5982695885852573,3.5,XMEAS9-XMEAS11,0.7142857142857143,2
F12,384,0.7142857142857143,0.796311640173813,2.3333333333333335,XMEAS9-XMEAS11,0.7142857142857143,3
F12,385,0.5714285714285714,0.9556998911125343,1.1666666666666667,XMEAS9-XMEAS11,0.5714285714285714,3
F12,386,0.42857142857142855,1.0042424730540764,1.4,XMEAS9-XMEAS11,0.42857142857142855,3
F12,387,0.7142857142857143,0.5982695885852573,2.3333333333333335,XMEAS9-XMEAS11,0.7142857142857143,2
F12,388,0.5714285714285714,0.9556998911125343,1.75,XMEAS9-XMEAS11,0.5714285714285714,3
F12,389,0.8571428571428571,0.410116318288409,2.3333333333333335,XMEAS9-XMEAS11,0.8571428571428571,2
F12,390,0.5714285714285714,0.6829081047004717,2.3333333333333335,XMEAS9-XMEAS11,0.5714285714285714,2
F12,391,0.7142857142857143,0.5982695885852573,2.3333333333333335,XMEAS9-XMEAS11,0.7142857142857143,2
F12,392,0.5714285714285714,0.9556998911125343,1.1666666666666667,XMEAS7-XMEAS11,0.5714285714285714,3
F12,393,0.5714285714285714,0.6829081047004717,2.3333333333333335,XMEAS9-XMEAS11,0.5714285714285714,2
F12,394,0.8571428571428571,0.410116318288409,2.3333333333333335,XMEAS9-XMEAS11,0.8571428571428571,2
F12,395,0.7142857142857143,0.5982695885852573,2.3333333333333335,XMEAS7-XMEAS11,0.7142857142857143,2
F12,396,0.7142857142857143,0.7963116401738131,2.3333333333333335,XMEAS9-XMEAS11,0.7142857142857143,3
F12,397,0.7142857142857143,0.7963116401738131,1.75,XMEAS9-XMEAS11,0.7142857142857143,3
F12,398,0.8571428571428571,0.410116318288409,2.3333333333333335,XMEAS9-XMEAS11,0.8571428571428571,2
F12,399,0.5714285714285714,1.1537419427010902,1.1666666666666667,XMEAS9-XMEAS11,0.5714285714285714,4
F12,400,0.8571428571428571,0.410116318288409,2.3333333333333335,XMEAS9-XMEAS11,0.8571428571428571,2
F12,401,0.7142857142857143,0.7963116401738131,1.4,XMEAS9-XMEAS11,0.7142857142857143,3
F12,402,0.7142857142857143,0.7963116401738131,1.75,XMEAS9-XMEAS11,0.7142857142857143,3
F12,403,0.8571428571428571,0.410116318288409,3.5,XMEAS9-XMEAS11,0.8571428571428571,2
F12,404,0.5714285714285714,0.9556998911125343,1.75,XMEAS9-XMEAS11,0.5714285714285714,3
F12,405,0.5714285714285714,0.6829081047004717,1.4,XMEAS7-XMEAS11,0.5714285714285714,2
F12,406,0.7142857142857143,0.7963116401738131,1.4,XMEAS9-XMEAS11,0.7142857142857143,3
F12,407,0.42857142857142855,1.0042424730540764,2.3333333333333335,XMEAS9-XMEAS11,0.42857142857142855,3
F12,408,0.8571428571428571,0.410116318288409,2.3333333333333335,XMEAS9-XMEAS11,0.8571428571428571,2
F12,409,0.7142857142857143,0.7963116401738131,1.75,XMEAS9-XMEAS11,0.7142857142857143,3
F12,410,0.8571428571428571,0.410116318288409,3.5,XMEAS9-XMEAS11,0.8571428571428571,2
F12,411,0.7142857142857143,0.5982695885852573,3.5,XMEAS7-XMEAS11,0.7142857142857143,2
F12,412,0.7142857142857143,0.7963116401738131,1.75,XMEAS9-XMEAS11,0.7142857142857143,3
F12,413,0.7142857142857143,0.7963116401738131,1.75,XMEAS9-XMEAS11,0.7142857142857143,3
F12,414,0.5714285714285714,0.6829081047004717,1.75,XMEAS7-XMEAS11,0.5714285714285714,2
F12,415,0.42857142857142855,1.0042424730540764,1.1666666666666667,XMEAS9-XMEAS11,0.42857142857142855,3
F12,416,0.8571428571428571,0.410116318288409,3.5,XMEAS7-XMEAS11,0.8571428571428571,2
F12,417,0.5714285714285714,1.1537419427010902,1.75,XMEAS9-XMEAS11,0.5714285714285714,4
F12,418,0.7142857142857143,0.7963116401738131,1.75,XMEAS9-XMEAS11,0.7142857142857143,3
F12,419,0.5714285714285714,0.9556998911125343,1.4,XMEAS9-XMEAS11,0.5714285714285714,3
F12,420,0.5714285714285714,0.9556998911125343,1.1666666666666667,XMEAS9-XMEAS11,0.5714285714285714,3
F12,421,0.7142857142857143,0.5982695885852573,3.5,XMEAS7-XMEAS11,0.7142857142857143,2
F12,422,0.42857142857142855,1.277034259466139,1.4,XMEAS7-XMEAS11,0.42857142857142855,4
F12,423,0.7142857142857143,0.5982695885852573,2.3333333333333335,XMEAS9-XMEAS11,0.7142857142857143,2
F12,424,1.0,0.0,7.0,XMEAS9-XMEAS11,1.0,1
F12,425,0.42857142857142855,1.0042424730540764,1.1666666666666667,XMEAS9-XMEAS11,0.42857142857142855,3
F12,426,0.5714285714285714,0.9556998911125343,1.4,XMEAS9-XMEAS11,0.5714285714285714,3
F12,427,0.7142857142857143,0.5982695885852573,1.75,XMEAS9-XMEAS11,0.7142857142857143,2
F12,428,0.7142857142857143,0.7963116401738131,1.75,XMEAS9-XMEAS11,0.7142857142857143,3
F12,429,0.7142857142857143,0.5982695885852573,1.75,XMEAS9-XMEAS11,0.7142857142857143,2
F12,430,0.5714285714285714,0.9556998911125343,1.75,XMEAS9-XMEAS11,0.5714285714285714,3
F12,431,0.7142857142857143,0.5982695885852573,1.75,XMEAS9-XMEAS11,0.7142857142857143,2
F12,432,0.8571428571428571,0.410116318288409,2.3333333333333335,XMEAS9-XMEAS11,0.8571428571428571,2
F12,433,0.5714285714285714,0.6829081047004717,3.5,XMEAS9-XMEAS11,0.5714285714285714,2
F12,434,0.7142857142857143,0.5982695885852573,1.75,XMEAS7-XMEAS11,0.7142857142857143,2
F12,435,0.7142857142857143,0.7963116401738131,1.4,XMEAS9-XMEAS11,0.7142857142857143,3
F12,436,0.8571428571428571,0.410116318288409,3.5,XMEAS7-XMEAS11,0.8571428571428571,2
F12,437,0.42857142857142855,1.277034259466139,1.4,XMEAS9-XMEAS11,0.42857142857142855,4
F12,438,0.8571428571428571,0.410116318288409,2.3333333333333335,XMEAS9-XMEAS11,0.8571428571428571,2
F12,439,0.5714285714285714,0.6829081047004717,3.5,XMEAS9-XMEAS11,0.5714285714285714,2
F12,440,0.8571428571428571,0.410116318288409,3.5,XMEAS7-XMEAS11,0.8571428571428571,2
F12,441,0.7142857142857143,0.5982695885852573,1.75,XMEAS9-XMEAS11,0.7142857142857143,2
F12,442,0.8571428571428571,0.410116318288409,3.5,XMEAS9-XMEAS11,0.8571428571428571,2
F12,443,0.7142857142857143,0.7963116401738131,1.75,XMEAS9-XMEAS11,0.7142857142857143,3
F12,444,0.8571428571428571,0.410116318288409,3.5,XMEAS9-XMEAS11,0.8571428571428571,2
F12,445,0.5714285714285714,0.9556998911125343,1.75,XMEAS9-XMEAS11,0.5714285714285714,3
F12,446,0.7142857142857143,0.7963116401738131,1.75,XMEAS9-XMEAS11,0.7142857142857143,3
F12,447,0.42857142857142855,1.277034259466139,1.4,XMEAS7-XMEAS11,0.42857142857142855,4
F12,448,0.42857142857142855,1.0042424730540764,1.1666666666666667,XMEAS9-XMEAS11,0.42857142857142855,3
F12,449,0.5714285714285714,0.9556998911125343,1.4,XMEAS7-XMEAS11,0.5714285714285714,3
F12,450,0.7142857142857143,0.5982695885852573,1.75,XMEAS9-XMEAS11,0.7142857142857143,2
F12,451,0.7142857142857143,0.5982695885852573,2.3333333333333335,XMEAS9-XMEAS11,0.7142857142857143,2
F12,452,0.8571428571428571,0.410116318288409,3.5,XMEAS9-XMEAS11,0.8571428571428571,2
F12,453,0.42857142857142855,1.277034259466139,1.75,XMEAS7-XMEAS11,0.42857142857142855,4
F12,454,0.7142857142857143,0.7963116401738131,1.75,XMEAS9-XMEAS11,0.7142857142857143,3
F12,455,0.42857142857142855,1.2770342594661392,1.4,XMEAS7-XMEAS11,0.42857142857142855,4
F12,456,0.8571428571428571,0.410116318288409,2.3333333333333335,XMEAS9-XMEAS11,0.8571428571428571,2
F12,457,0.7142857142857143,0.7963116401738131,1.75,XMEAS9-XMEAS11,0.7142857142857143,3
F12,458,0.8571428571428571,0.410116318288409,2.3333333333333335,XMEAS9-XMEAS11,0.8571428571428571,2
F12,459,0.5714285714285714,0.6829081047004717,2.3333333333333335,XMEAS9-XMEAS11,0.5714285714285714,2
F12,460,1.0,0.0,7.0,XMEAS9-XMEAS11,1.0,1
F12,461,0.7142857142857143,0.7963116401738131,1.75,XMEAS9-XMEAS11,0.7142857142857143,3
F12,462,1.0,0.0,7.0,XMEAS9-XMEAS11,1.0,1
F12,463,0.7142857142857143,0.5982695885852573,1.75,XMEAS9-XMEAS11,0.7142857142857143,2
F12,464,0.7142857142857143,0.7963116401738131,2.3333333333333335,XMEAS9-XMEAS11,0.7142857142857143,3
F12,465,1.0,0.0,7.0,XMEAS9-XMEAS11,1.0,1
F12,466,0.8571428571428571,0.410116318288409,3.5,XMEAS9-XMEAS11,0.8571428571428571,2
F12,467,0.7142857142857143,0.5982695885852573,1.4,XMEAS9-XMEAS11,0.7142857142857143,2
F12,468,0.8571428571428571,0.410116318288409,3.5,XMEAS9-XMEAS11,0.8571428571428571,2
F12,469,0.5714285714285714,0.6829081047004717,1.1666666666666667,XMEAS7-XMEAS11,0.5714285714285714,2
F12,470,0.5714285714285714,0.6829081047004717,2.3333333333333335,XMEAS9-XMEAS11,0.5714285714285714,2
F12,471,0.5714285714285714,0.9556998911125343,1.1666666666666667,XMEAS9-XMEAS11,0.5714285714285714,3
F12,472,0.8571428571428571,0.410116318288409,3.5,XMEAS9-XMEAS11,0.8571428571428571,2
F12,473,0.7142857142857143,0.5982695885852573,1.75,XMEAS7-XMEAS11,0.7142857142857143,2
F12,474,0.8571428571428571,0.410116318288409,2.3333333333333335,XMEAS9-XMEAS11,0.8571428571428571,2
F12,475,0.7142857142857143,0.796311640173813,2.3333333333333335,XMEAS7-XMEAS11,0.7142857142857143,3
F12,476,0.7142857142857143,0.5982695885852573,2.3333333333333335,XMEAS9-XMEAS11,0.7142857142857143,2
F12,477,0.7142857142857143,0.7963116401738131,2.3333333333333335,XMEAS9-XMEAS11,0.7142857142857143,3
F12,478,0.5714285714285714,0.6829081047004717,1.75,XMEAS9-XMEAS11,0.5714285714285714,2
F12,479,0.7142857142857143,0.5982695885852573,1.75,XMEAS7-XMEAS11,0.7142857142857143,2
F12,480,1.0,0.0,7.0,XMEAS9-XMEAS11,1.0,1
F12,481,0.7142857142857143,0.7963116401738131,1.4,XMEAS9-XMEAS11,0.7142857142857143,3
F12,482,0.7142857142857143,0.7963116401738131,1.75,XMEAS9-XMEAS11,0.7142857142857143,3
F12,483,0.7142857142857143,0.7963116401738131,1.75,XMEAS9-XMEAS11,0.7142857142857143,3
F12,484,0.5714285714285714,0.9556998911125343,2.3333333333333335,XMEAS9-XMEAS11,0.5714285714285714,3
F12,485,0.7142857142857143,0.7963116401738131,1.75,XMEAS9-XMEAS11,0.7142857142857143,3
F12,486,0.42857142857142855,1.0042424730540764,1.1666666666666667,XMEAS9-XMEAS11,0.42857142857142855,3
F12,487,0.8571428571428571,0.410116318288409,2.3333333333333335,XMEAS9-XMEAS11,0.8571428571428571,2
F12,488,0.8571428571428571,0.410116318288409,2.3333333333333335,XMEAS9-XMEAS11,0.8571428571428571,2
F12,489,0.42857142857142855,1.277034259466139,1.1666666666666667,XMEAS9-XMEAS11,0.42857142857142855,4
F12,490,0.7142857142857143,0.7963116401738131,1.4,XMEAS9-XMEAS11,0.7142857142857143,3
F12,491,0.8571428571428571,0.410116318288409,3.5,XMEAS9-XMEAS11,0.8571428571428571,2
F12,492,0.8571428571428571,0.410116318288409,2.3333333333333335,XMEAS9-XMEAS11,0.8571428571428571,2
F12,493,0.8571428571428571,0.410116318288409,2.3333333333333335,XMEAS9-XMEAS11,0.8571428571428571,2
F12,494,0.7142857142857143,0.7963116401738131,1.75,XMEAS7-XMEAS11,0.7142857142857143,3
F12,495,0.7142857142857143,0.7963116401738131,1.75,XMEAS9-XMEAS11,0.7142857142857143,3
F12,496,0.5714285714285714,1.1537419427010902,1.4,XMEAS9-XMEAS11,0.5714285714285714,4
F12,497,0.7142857142857143,0.7963116401738131,1.4,XMEAS9-XMEAS11,0.7142857142857143,3
F12,498,0.5714285714285714,0.9556998911125343,1.75,XMEAS9-XMEAS11,0.5714285714285714,3
F12,499,0.7142857142857143,0.7963116401738131,1.75,XMEAS9-XMEAS11,0.7142857142857143,3
F12,500,0.5714285714285714,0.9556998911125343,1.75,XMEAS9-XMEAS11,0.5714285714285714,3
F13,1,1.0,0.0,7.0,XMEAS7-XMEAS11,1.0,1
F13,2,1.0,0.0,7.0,XMEAS7-XMEAS11,1.0,1
F13,3,1.0,0.0,7.0,XMEAS7-XMEAS11,1.0,1
F13,4,1.0,0.0,7.0,XMEAS7-XMEAS11,1.0,1
F13,5,1.0,0.0,7.0,XMEAS7-XMEAS11,1.0,1
F13,6,0.8571428571428571,0.410116318288409,2.3333333333333335,XMEAS7-XMEAS11,0.8571428571428571,2
F13,7,1.0,0.0,7.0,XMEAS7-XMEAS11,1.0,1
F13,8,1.0,0.0,7.0,XMEAS7-XMEAS11,1.0,1
F13,9,1.0,0.0,7.0,XMEAS7-XMEAS11,1.0,1
F13,10,1.0,0.0,7.0,XMEAS7-XMEAS11,1.0,1
F13,11,1.0,0.0,7.0,XMEAS7-XMEAS11,1.0,1
F13,12,1.0,0.0,7.0,XMEAS7-XMEAS11,1.0,1
F13,13,1.0,0.0,7.0,XMEAS7-XMEAS11,1.0,1
F13,14,0.8571428571428571,0.410116318288409,2.3333333333333335,XMEAS7-XMEAS11,0.8571428571428571,2
F13,15,0.7142857142857143,0.7963116401738131,2.3333333333333335,XMEAS7-XMEAS11,0.7142857142857143,3
F13,16,1.0,0.0,7.0,XMEAS7-XMEAS11,1.0,1
F13,17,1.0,0.0,7.0,XMEAS7-XMEAS11,1.0,1
F13,18,1.0,0.0,7.0,XMEAS7-XMEAS11,1.0,1
F13,19,1.0,0.0,7.0,XMEAS7-XMEAS11,1.0,1
F13,20,1.0,0.0,7.0,XMEAS7-XMEAS11,1.0,1
F13,21,0.8571428571428571,0.410116318288409,2.3333333333333335,XMEAS7-XMEAS11,0.8571428571428571,2
F13,22,0.7142857142857143,0.5982695885852573,2.3333333333333335,XMEAS7-XMEAS11,0.7142857142857143,2
F13,23,1.0,0.0,7.0,XMEAS7-XMEAS11,1.0,1
F13,24,0.8571428571428571,0.410116318288409,2.3333333333333335,XMEAS7-XMEAS11,0.8571428571428571,2
F13,25,1.0,0.0,7.0,XMEAS7-XMEAS11,1.0,1
F13,26,0.8571428571428571,0.410116318288409,3.5,XMEAS7-XMEAS11,0.8571428571428571,2
F13,27,1.0,0.0,7.0,XMEAS7-XMEAS11,1.0,1
F13,28,1.0,0.0,7.0,XMEAS7-XMEAS11,1.0,1
F13,29,1.0,0.0,7.0,XMEAS7-XMEAS11,1.0,1
F13,30,0.8571428571428571,0.410116318288409,2.3333333333333335,XMEAS7-XMEAS11,0.8571428571428571,2
F13,31,1.0,0.0,7.0,XMEAS7-XMEAS11,1.0,1
F13,32,1.0,0.0,7.0,XMEAS7-XMEAS11,1.0,1
F13,33,1.0,0.0,7.0,XMEAS7-XMEAS11,1.0,1
F13,34,1.0,0.0,7.0,XMEAS7-XMEAS11,1.0,1
F13,35,0.8571428571428571,0.410116318288409,2.3333333333333335,XMEAS7-XMEAS11,0.8571428571428571,2
F13,36,1.0,0.0,7.0,XMEAS7-XMEAS11,1.0,1
F13,37,1.0,0.0,7.0,XMEAS7-XMEAS11,1.0,1
F13,38,1.0,0.0,7.0,XMEAS7-XMEAS11,1.0,1
F13,39,1.0,0.0,7.0,XMEAS7-XMEAS11,1.0,1
F13,40,1.0,0.0,7.0,XMEAS7-XMEAS11,1.0,1
F13,41,0.7142857142857143,0.7963116401738131,1.75,XMEAS7-XMEAS11,0.7142857142857143,3
F13,42,1.0,0.0,7.0,XMEAS7-XMEAS11,1.0,1
F13,43,1.0,0.0,7.0,XMEAS7-XMEAS11,1.0,1
F13,44,1.0,0.0,7.0,XMEAS7-XMEAS11,1.0,1
F13,45,1.0,0.0,7.0,XMEAS7-XMEAS11,1.0,1
F13,46,1.0,0.0,7.0,XMEAS7-XMEAS11,1.0,1
F13,47,1.0,0.0,7.0,XMEAS7-XMEAS11,1.0,1
F13,48,1.0,0.0,7.0,XMEAS7-XMEAS11,1.0,1
F13,49,1.0,0.0,7.0,XMEAS7-XMEAS11,1.0,1
F13,50,0.8571428571428571,0.410116318288409,3.5,XMEAS7-XMEAS11,0.8571428571428571,2
F13,51,0.8571428571428571,0.410116318288409,2.3333333333333335,XMEAS7-XMEAS11,0.8571428571428571,2
F13,52,1.0,0.0,7.0,XMEAS7-XMEAS11,1.0,1
F13,53,1.0,0.0,7.0,XMEAS7-XMEAS11,1.0,1
F13,54,1.0,0.0,7.0,XMEAS7-XMEAS11,1.0,1
F13,55,1.0,0.0,7.0,XMEAS7-XMEAS11,1.0,1
F13,56,0.8571428571428571,0.410116318288409,3.5,XMEAS7-XMEAS11,0.8571428571428571,2
F13,57,0.8571428571428571,0.410116318288409,3.5,XMEAS7-XMEAS11,0.8571428571428571,2
F13,58,1.0,0.0,7.0,XMEAS7-XMEAS11,1.0,1
F13,59,1.0,0.0,7.0,XMEAS7-XMEAS11,1.0,1
F13,60,1.0,0.0,7.0,XMEAS7-XMEAS11,1.0,1
F13,61,1.0,0.0,7.0,XMEAS7-XMEAS11,1.0,1
F13,62,1.0,0.0,7.0,XMEAS7-XMEAS11,1.0,1
F13,63,0.5714285714285714,1.1537419427010902,1.1666666666666667,XMEAS7-XMEAS11,0.5714285714285714,4
F13,64,1.0,0.0,7.0,XMEAS7-XMEAS11,1.0,1
F13,65,1.0,0.0,7.0,XMEAS7-XMEAS11,1.0,1
F13,66,1.0,0.0,7.0,XMEAS7-XMEAS11,1.0,1
F13,67,1.0,0.0,7.0,XMEAS7-XMEAS11,1.0,1
F13,68,1.0,0.0,7.0,XMEAS7-XMEAS11,1.0,1
F13,69,0.8571428571428571,0.410116318288409,2.3333333333333335,XMEAS7-XMEAS11,0.8571428571428571,2
F13,70,1.0,0.0,7.0,XMEAS7-XMEAS11,1.0,1
F13,71,1.0,0.0,7.0,XMEAS7-XMEAS11,1.0,1
F13,72,0.8571428571428571,0.410116318288409,3.5,XMEAS7-XMEAS11,0.8571428571428571,2
F13,73,1.0,0.0,7.0,XMEAS7-XMEAS11,1.0,1
F13,74,1.0,0.0,7.0,XMEAS7-XMEAS11,1.0,1
F13,75,1.0,0.0,7.0,XMEAS7-XMEAS11,1.0,1
F13,76,1.0,0.0,7.0,XMEAS7-XMEAS11,1.0,1
F13,77,1.0,0.0,7.0,XMEAS7-XMEAS11,1.0,1
F13,78,1.0,0.0,7.0,XMEAS7-XMEAS11,1.0,1
F13,79,1.0,0.0,7.0,XMEAS7-XMEAS11,1.0,1
F13,80,1.0,0.0,7.0,XMEAS7-XMEAS11,1.0,1
F13,81,1.0,0.0,7.0,XMEAS7-XMEAS11,1.0,1
F13,82,1.0,0.0,7.0,XMEAS7-XMEAS11,1.0,1
F13,83,1.0,0.0,7.0,XMEAS7-XMEAS11,1.0,1
F13,84,1.0,0.0,7.0,XMEAS7-XMEAS11,1.0,1
F13,85,1.0,0.0,7.0,XMEAS7-XMEAS11,1.0,1
F13,86,0.8571428571428571,0.410116318288409,2.3333333333333335,XMEAS7-XMEAS11,0.8571428571428571,2
F13,87,1.0,0.0,7.0,XMEAS7-XMEAS11,1.0,1
F13,88,0.8571428571428571,0.410116318288409,2.3333333333333335,XMEAS7-XMEAS11,0.8571428571428571,2
F13,89,1.0,0.0,7.0,XMEAS7-XMEAS11,1.0,1
F13,90,1.0,0.0,7.0,XMEAS7-XMEAS11,1.0,1
F13,91,0.8571428571428571,0.410116318288409,2.3333333333333335,XMEAS7-XMEAS11,0.8571428571428571,2
F13,92,1.0,0.0,7.0,XMEAS7-XMEAS11,1.0,1
F13,93,1.0,0.0,7.0,XMEAS7-XMEAS11,1.0,1
F13,94,1.0,0.0,7.0,XMEAS7-XMEAS11,1.0,1
F13,95,0.8571428571428571,0.410116318288409,2.3333333333333335,XMEAS7-XMEAS11,0.8571428571428571,2
F13,96,1.0,0.0,7.0,XMEAS7-XMEAS11,1.0,1
F13,97,1.0,0.0,7.0,XMEAS7-XMEAS11,1.0,1
F13,98,0.8571428571428571,0.410116318288409,3.5,XMEAS7-XMEAS11,0.8571428571428571,2
F13,99,1.0,0.0,7.0,XMEAS7-XMEAS11,1.0,1
F13,100,0.8571428571428571,0.410116318288409,2.3333333333333335,XMEAS7-XMEAS11,0.8571428571428571,2
F13,101,1.0,0.0,7.0,XMEAS7-XMEAS11,1.0,1
F13,102,1.0,0.0,7.0,XMEAS7-XMEAS11,1.0,1
F13,103,0.8571428571428571,0.410116318288409,3.5,XMEAS7-XMEAS11,0.8571428571428571,2
F13,104,1.0,0.0,7.0,XMEAS7-XMEAS11,1.0,1
F13,105,0.8571428571428571,0.410116318288409,3.5,XMEAS7-XMEAS11,0.8571428571428571,2
F13,106,1.0,0.0,7.0,XMEAS7-XMEAS11,1.0,1
F13,107,0.8571428571428571,0.410116318288409,2.3333333333333335,XMEAS7-XMEAS11,0.8571428571428571,2
F13,108,1.0,0.0,7.0,XMEAS7-XMEAS11,1.0,1
F13,109,0.7142857142857143,0.5982695885852573,1.75,XMEAS7-XMEAS11,0.7142857142857143,2
F13,110,0.8571428571428571,0.410116318288409,3.5,XMEAS7-XMEAS11,0.8571428571428571,2
F13,111,1.0,0.0,7.0,XMEAS7-XMEAS11,1.0,1
F13,112,1.0,0.0,7.0,XMEAS7-XMEAS11,1.0,1
F13,113,1.0,0.0,7.0,XMEAS7-XMEAS11,1.0,1
F13,114,0.8571428571428571,0.410116318288409,3.5,XMEAS7-XMEAS11,0.8571428571428571,2
F13,115,1.0,0.0,7.0,XMEAS7-XMEAS11,1.0,1
F13,116,1.0,0.0,7.0,XMEAS7-XMEAS11,1.0,1
F13,117,0.8571428571428571,0.410116318288409,3.5,XMEAS7-XMEAS11,0.8571428571428571,2
F13,118,0.8571428571428571,0.410116318288409,3.5,XMEAS7-XMEAS11,0.8571428571428571,2
F13,119,0.8571428571428571,0.410116318288409,3.5,XMEAS7-XMEAS11,0.8571428571428571,2
F13,120,1.0,0.0,7.0,XMEAS7-XMEAS11,1.0,1
F13,121,1.0,0.0,7.0,XMEAS7-XMEAS11,1.0,1
F13,122,1.0,0.0,7.0,XMEAS7-XMEAS11,1.0,1
F13,123,1.0,0.0,7.0,XMEAS7-XMEAS11,1.0,1
F13,124,1.0,0.0,7.0,XMEAS7-XMEAS11,1.0,1
F13,125,1.0,0.0,7.0,XMEAS7-XMEAS11,1.0,1
F13,126,0.8571428571428571,0.410116318288409,2.3333333333333335,XMEAS7-XMEAS11,0.8571428571428571,2
F13,127,0.8571428571428571,0.410116318288409,3.5,XMEAS7-XMEAS11,0.8571428571428571,2
F13,128,0.8571428571428571,0.410116318288409,3.5,XMEAS7-XMEAS11,0.8571428571428571,2
F13,129,1.0,0.0,7.0,XMEAS7-XMEAS11,1.0,1
F13,130,0.8571428571428571,0.410116318288409,2.3333333333333335,XMEAS7-XMEAS11,0.8571428571428571,2
F13,131,0.8571428571428571,0.410116318288409,3.5,XMEAS7-XMEAS11,0.8571428571428571,2
F13,132,1.0,0.0,7.0,XMEAS7-XMEAS11,1.0,1
F13,133,0.8571428571428571,0.410116318288409,3.5,XMEAS7-XMEAS11,0.8571428571428571,2
F13,134,1.0,0.0,7.0,XMEAS7-XMEAS11,1.0,1
F13,135,1.0,0.0,7.0,XMEAS7-XMEAS11,1.0,1
F13,136,1.0,0.0,7.0,XMEAS7-XMEAS11,1.0,1
F13,137,1.0,0.0,7.0,XMEAS7-XMEAS11,1.0,1
F13,138,1.0,0.0,7.0,XMEAS7-XMEAS11,1.0,1
F13,139,1.0,0.0,7.0,XMEAS7-XMEAS11,1.0,1
F13,140,1.0,0.0,7.0,XMEAS7-XMEAS11,1.0,1
F13,141,0.8571428571428571,0.410116318288409,2.3333333333333335,XMEAS7-XMEAS11,0.8571428571428571,2
F13,142,1.0,0.0,7.0,XMEAS7-XMEAS11,1.0,1
F13,143,1.0,0.0,7.0,XMEAS7-XMEAS11,1.0,1
F13,144,1.0,0.0,7.0,XMEAS7-XMEAS11,1.0,1
F13,145,1.0,0.0,7.0,XMEAS7-XMEAS11,1.0,1
F13,146,1.0,0.0,7.0,XMEAS7-XMEAS11,1.0,1
F13,147,1.0,0.0,7.0,XMEAS7-XMEAS11,1.0,1
F13,148,1.0,0.0,7.0,XMEAS7-XMEAS11,1.0,1
F13,149,1.0,0.0,7.0,XMEAS7-XMEAS11,1.0,1
F13,150,1.0,0.0,7.0,XMEAS7-XMEAS11,1.0,1
F13,151,1.0,0.0,7.0,XMEAS7-XMEAS11,1.0,1
F13,152,1.0,0.0,7.0,XMEAS7-XMEAS11,1.0,1
F13,153,0.8571428571428571,0.410116318288409,2.3333333333333335,XMEAS7-XMEAS11,0.8571428571428571,2
F13,154,1.0,0.0,7.0,XMEAS7-XMEAS11,1.0,1
F13,155,1.0,0.0,7.0,XMEAS7-XMEAS11,1.0,1
F13,156,1.0,0.0,7.0,XMEAS7-XMEAS11,1.0,1
F13,157,1.0,0.0,7.0,XMEAS7-XMEAS11,1.0,1
F13,158,1.0,0.0,7.0,XMEAS7-XMEAS11,1.0,1
F13,159,1.0,0.0,7.0,XMEAS7-XMEAS11,1.0,1
F13,160,1.0,0.0,7.0,XMEAS7-XMEAS11,1.0,1
F13,161,0.8571428571428571,0.410116318288409,2.3333333333333335,XMEAS7-XMEAS11,0.8571428571428571,2
F13,162,1.0,0.0,7.0,XMEAS7-XMEAS11,1.0,1
F13,163,1.0,0.0,7.0,XMEAS7-XMEAS11,1.0,1
F13,164,1.0,0.0,7.0,XMEAS7-XMEAS11,1.0,1
F13,165,1.0,0.0,7.0,XMEAS7-XMEAS11,1.0,1
F13,166,1.0,0.0,7.0,XMEAS7-XMEAS11,1.0,1
F13,167,1.0,0.0,7.0,XMEAS7-XMEAS11,1.0,1
F13,168,1.0,0.0,7.0,XMEAS7-XMEAS11,1.0,1
F13,169,1.0,0.0,7.0,XMEAS7-XMEAS11,1.0,1
F13,170,0.8571428571428571,0.410116318288409,3.5,XMEAS7-XMEAS11,0.8571428571428571,2
F13,171,0.8571428571428571,0.410116318288409,3.5,XMEAS7-XMEAS11,0.8571428571428571,2
F13,172,1.0,0.0,7.0,XMEAS7-XMEAS11,1.0,1
F13,173,0.8571428571428571,0.410116318288409,3.5,XMEAS7-XMEAS11,0.8571428571428571,2
F13,174,0.7142857142857143,0.7963116401738131,1.75,XMEAS7-XMEAS11,0.7142857142857143,3
F13,175,1.0,0.0,7.0,XMEAS7-XMEAS11,1.0,1
F13,176,1.0,0.0,7.0,XMEAS7-XMEAS11,1.0,1
F13,177,1.0,0.0,7.0,XMEAS7-XMEAS11,1.0,1
F13,178,1.0,0.0,7.0,XMEAS7-XMEAS11,1.0,1
F13,179,1.0,0.0,7.0,XMEAS7-XMEAS11,1.0,1
F13,180,1.0,0.0,7.0,XMEAS7-XMEAS11,1.0,1
F13,181,1.0,0.0,7.0,XMEAS7-XMEAS11,1.0,1
F13,182,0.8571428571428571,0.410116318288409,2.3333333333333335,XMEAS7-XMEAS11,0.8571428571428571,2
F13,183,1.0,0.0,7.0,XMEAS7-XMEAS11,1.0,1
F13,184,1.0,0.0,7.0,XMEAS7-XMEAS11,1.0,1
F13,185,1.0,0.0,7.0,XMEAS7-XMEAS11,1.0,1
F13,186,1.0,0.0,7.0,XMEAS7-XMEAS11,1.0,1
F13,187,1.0,0.0,7.0,XMEAS7-XMEAS11,1.0,1
F13,188,0.8571428571428571,0.410116318288409,2.3333333333333335,XMEAS7-XMEAS11,0.8571428571428571,2
F13,189,1.0,0.0,7.0,XMEAS7-XMEAS11,1.0,1
F13,190,1.0,0.0,7.0,XMEAS7-XMEAS11,1.0,1
F13,191,1.0,0.0,7.0,XMEAS7-XMEAS11,1.0,1
F13,192,1.0,0.0,7.0,XMEAS7-XMEAS11,1.0,1
F13,193,1.0,0.0,7.0,XMEAS7-XMEAS11,1.0,1
F13,194,1.0,0.0,7.0,XMEAS7-XMEAS11,1.0,1
F13,195,0.8571428571428571,0.410116318288409,2.3333333333333335,XMEAS7-XMEAS11,0.8571428571428571,2
F13,196,1.0,0.0,7.0,XMEAS7-XMEAS11,1.0,1
F13,197,0.8571428571428571,0.410116318288409,3.5,XMEAS7-XMEAS11,0.8571428571428571,2
F13,198,0.8571428571428571,0.410116318288409,2.3333333333333335,XMEAS7-XMEAS11,0.8571428571428571,2
F13,199,0.8571428571428571,0.410116318288409,3.5,XMEAS7-XMEAS11,0.8571428571428571,2
F13,200,1.0,0.0,7.0,XMEAS7-XMEAS11,1.0,1
F13,201,1.0,0.0,7.0,XMEAS7-XMEAS11,1.0,1
F13,202,0.8571428571428571,0.410116318288409,2.3333333333333335,XMEAS7-XMEAS11,0.8571428571428571,2
F13,203,1.0,0.0,7.0,XMEAS7-XMEAS11,1.0,1
F13,204,1.0,0.0,7.0,XMEAS7-XMEAS11,1.0,1
F13,205,0.8571428571428571,0.410116318288409,2.3333333333333335,XMEAS7-XMEAS11,0.8571428571428571,2
F13,206,1.0,0.0,7.0,XMEAS7-XMEAS11,1.0,1
F13,207,1.0,0.0,7.0,XMEAS7-XMEAS11,1.0,1
F13,208,1.0,0.0,7.0,XMEAS7-XMEAS11,1.0,1
F13,209,1.0,0.0,7.0,XMEAS7-XMEAS11,1.0,1
F13,210,1.0,0.0,7.0,XMEAS7-XMEAS11,1.0,1
F13,211,0.8571428571428571,0.410116318288409,3.5,XMEAS7-XMEAS11,0.8571428571428571,2
F13,212,0.7142857142857143,0.5982695885852573,2.3333333333333335,XMEAS7-XMEAS11,0.7142857142857143,2
F13,213,1.0,0.0,7.0,XMEAS7-XMEAS11,1.0,1
F13,214,1.0,0.0,7.0,XMEAS7-XMEAS11,1.0,1
F13,215,1.0,0.0,7.0,XMEAS7-XMEAS11,1.0,1
F13,216,1.0,0.0,7.0,XMEAS7-XMEAS11,1.0,1
F13,217,0.8571428571428571,0.410116318288409,2.3333333333333335,XMEAS7-XMEAS11,0.8571428571428571,2
F13,218,1.0,0.0,7.0,XMEAS7-XMEAS11,1.0,1
F13,219,1.0,0.0,7.0,XMEAS7-XMEAS11,1.0,1
F13,220,0.8571428571428571,0.410116318288409,2.3333333333333335,XMEAS7-XMEAS11,0.8571428571428571,2
F13,221,1.0,0.0,7.0,XMEAS7-XMEAS11,1.0,1
F13,222,1.0,0.0,7.0,XMEAS7-XMEAS11,1.0,1
F13,223,1.0,0.0,7.0,XMEAS7-XMEAS11,1.0,1
F13,224,1.0,0.0,7.0,XMEAS7-XMEAS11,1.0,1
F13,225,1.0,0.0,7.0,XMEAS7-XMEAS11,1.0,1
F13,226,0.7142857142857143,0.796311640173813,2.3333333333333335,XMEAS7-XMEAS11,0.7142857142857143,3
F13,227,1.0,0.0,7.0,XMEAS7-XMEAS11,1.0,1
F13,228,0.7142857142857143,0.7963116401738131,2.3333333333333335,XMEAS7-XMEAS11,0.7142857142857143,3
F13,229,1.0,0.0,7.0,XMEAS7-XMEAS11,1.0,1
F13,230,1.0,0.0,7.0,XMEAS7-XMEAS11,1.0,1
F13,231,1.0,0.0,7.0,XMEAS7-XMEAS11,1.0,1
F13,232,1.0,0.0,7.0,XMEAS7-XMEAS11,1.0,1
F13,233,1.0,0.0,7.0,XMEAS7-XMEAS11,1.0,1
F13,234,1.0,0.0,7.0,XMEAS7-XMEAS11,1.0,1
F13,235,0.8571428571428571,0.410116318288409,3.5,XMEAS7-XMEAS11,0.8571428571428571,2
F13,236,0.7142857142857143,0.796311640173813,2.3333333333333335,XMEAS7-XMEAS11,0.7142857142857143,3
F13,237,1.0,0.0,7.0,XMEAS7-XMEAS11,1.0,1
F13,238,1.0,0.0,7.0,XMEAS7-XMEAS11,1.0,1
F13,239,0.8571428571428571,0.410116318288409,2.3333333333333335,XMEAS7-XMEAS11,0.8571428571428571,2
F13,240,1.0,0.0,7.0,XMEAS7-XMEAS11,1.0,1
F13,241,1.0,0.0,7.0,XMEAS7-XMEAS11,1.0,1
F13,242,0.8571428571428571,0.410116318288409,2.3333333333333335,XMEAS7-XMEAS11,0.8571428571428571,2
F13,243,0.8571428571428571,0.410116318288409,3.5,XMEAS7-XMEAS11,0.8571428571428571,2
F13,244,1.0,0.0,7.0,XMEAS7-XMEAS11,1.0,1
F13,245,1.0,0.0,7.0,XMEAS7-XMEAS11,1.0,1
F13,246,1.0,0.0,7.0,XMEAS7-XMEAS11,1.0,1
F13,247,0.8571428571428571,0.410116318288409,2.3333333333333335,XMEAS7-XMEAS11,0.8571428571428571,2
F13,248,1.0,0.0,7.0,XMEAS7-XMEAS11,1.0,1
F13,249,1.0,0.0,7.0,XMEAS7-XMEAS11,1.0,1
F13,250,0.8571428571428571,0.410116318288409,2.3333333333333335,XMEAS7-XMEAS11,0.8571428571428571,2
F13,251,1.0,0.0,7.0,XMEAS7-XMEAS11,1.0,1
F13,252,1.0,0.0,7.0,XMEAS7-XMEAS11,1.0,1
F13,253,1.0,0.0,7.0,XMEAS7-XMEAS11,1.0,1
F13,254,1.0,0.0,7.0,XMEAS7-XMEAS11,1.0,1
F13,255,1.0,0.0,7.0,XMEAS7-XMEAS11,1.0,1
F13,256,1.0,0.0,7.0,XMEAS7-XMEAS11,1.0,1
F13,257,1.0,0.0,7.0,XMEAS7-XMEAS11,1.0,1
F13,258,0.8571428571428571,0.410116318288409,2.3333333333333335,XMEAS7-XMEAS11,0.8571428571428571,2
F13,259,0.8571428571428571,0.410116318288409,3.5,XMEAS7-XMEAS11,0.8571428571428571,2
F13,260,1.0,0.0,7.0,XMEAS7-XMEAS11,1.0,1
F13,261,0.7142857142857143,0.7963116401738131,1.75,XMEAS7-XMEAS11,0.7142857142857143,3
F13,262,1.0,0.0,7.0,XMEAS7-XMEAS11,1.0,1
F13,263,0.7142857142857143,0.7963116401738131,1.75,XMEAS7-XMEAS11,0.7142857142857143,3
F13,264,1.0,0.0,7.0,XMEAS7-XMEAS11,1.0,1
F13,265,0.8571428571428571,0.410116318288409,2.3333333333333335,XMEAS7-XMEAS11,0.8571428571428571,2
F13,266,1.0,0.0,7.0,XMEAS7-XMEAS11,1.0,1
F13,267,1.0,0.0,7.0,XMEAS7-XMEAS11,1.0,1
F13,268,1.0,0.0,7.0,XMEAS7-XMEAS11,1.0,1
F13,269,1.0,0.0,7.0,XMEAS7-XMEAS11,1.0,1
F13,270,1.0,0.0,7.0,XMEAS7-XMEAS11,1.0,1
F13,271,1.0,0.0,7.0,XMEAS7-XMEAS11,1.0,1
F13,272,0.8571428571428571,0.410116318288409,2.3333333333333335,XMEAS7-XMEAS11,0.8571428571428571,2
F13,273,1.0,0.0,7.0,XMEAS7-XMEAS11,1.0,1
F13,274,1.0,0.0,7.0,XMEAS7-XMEAS11,1.0,1
F13,275,1.0,0.0,7.0,XMEAS7-XMEAS11,1.0,1
F13,276,0.8571428571428571,0.410116318288409,2.3333333333333335,XMEAS7-XMEAS11,0.8571428571428571,2
F13,277,0.8571428571428571,0.410116318288409,3.5,XMEAS7-XMEAS11,0.8571428571428571,2
F13,278,0.8571428571428571,0.410116318288409,2.3333333333333335,XMEAS7-XMEAS11,0.8571428571428571,2
F13,279,1.0,0.0,7.0,XMEAS7-XMEAS11,1.0,1
F13,280,1.0,0.0,7.0,XMEAS7-XMEAS11,1.0,1
F13,281,1.0,0.0,7.0,XMEAS7-XMEAS11,1.0,1
F13,282,0.8571428571428571,0.410116318288409,3.5,XMEAS7-XMEAS11,0.8571428571428571,2
F13,283,1.0,0.0,7.0,XMEAS7-XMEAS11,1.0,1
F13,284,1.0,0.0,7.0,XMEAS7-XMEAS11,1.0,1
F13,285,1.0,0.0,7.0,XMEAS7-XMEAS11,1.0,1
F13,286,1.0,0.0,7.0,XMEAS7-XMEAS11,1.0,1
F13,287,1.0,0.0,7.0,XMEAS7-XMEAS11,1.0,1
F13,288,1.0,0.0,7.0,XMEAS7-XMEAS11,1.0,1
F13,289,1.0,0.0,7.0,XMEAS7-XMEAS11,1.0,1
F13,290,0.8571428571428571,0.410116318288409,2.3333333333333335,XMEAS7-XMEAS11,0.8571428571428571,2
F13,291,1.0,0.0,7.0,XMEAS7-XMEAS11,1.0,1
F13,292,0.8571428571428571,0.410116318288409,2.3333333333333335,XMEAS7-XMEAS11,0.8571428571428571,2
F13,293,1.0,0.0,7.0,XMEAS7-XMEAS11,1.0,1
F13,294,1.0,0.0,7.0,XMEAS7-XMEAS11,1.0,1
F13,295,0.7142857142857143,0.7963116401738131,1.75,XMEAS7-XMEAS11,0.7142857142857143,3
F13,296,1.0,0.0,7.0,XMEAS7-XMEAS11,1.0,1
F13,297,1.0,0.0,7.0,XMEAS7-XMEAS11,1.0,1
F13,298,1.0,0.0,7.0,XMEAS7-XMEAS11,1.0,1
F13,299,1.0,0.0,7.0,XMEAS7-XMEAS11,1.0,1
F13,300,0.8571428571428571,0.410116318288409,2.3333333333333335,XMEAS7-XMEAS11,0.8571428571428571,2
F13,301,1.0,0.0,7.0,XMEAS7-XMEAS11,1.0,1
F13,302,1.0,0.0,7.0,XMEAS7-XMEAS11,1.0,1
F13,303,0.8571428571428571,0.410116318288409,3.5,XMEAS7-XMEAS11,0.8571428571428571,2
F13,304,1.0,0.0,7.0,XMEAS7-XMEAS11,1.0,1
F13,305,1.0,0.0,7.0,XMEAS7-XMEAS11,1.0,1
F13,306,0.8571428571428571,0.410116318288409,2.3333333333333335,XMEAS7-XMEAS11,0.8571428571428571,2
F13,307,1.0,0.0,7.0,XMEAS7-XMEAS11,1.0,1
F13,308,1.0,0.0,7.0,XMEAS7-XMEAS11,1.0,1
F13,309,1.0,0.0,7.0,XMEAS7-XMEAS11,1.0,1
F13,310,1.0,0.0,7.0,XMEAS7-XMEAS11,1.0,1
F13,311,0.8571428571428571,0.410116318288409,2.3333333333333335,XMEAS7-XMEAS11,0.8571428571428571,2
F13,312,1.0,0.0,7.0,XMEAS7-XMEAS11,1.0,1
F13,313,1.0,0.0,7.0,XMEAS7-XMEAS11,1.0,1
F13,314,1.0,0.0,7.0,XMEAS7-XMEAS11,1.0,1
F13,315,0.5714285714285714,1.1537419427010902,1.4,XMEAS7-XMEAS11,0.5714285714285714,4
F13,316,1.0,0.0,7.0,XMEAS7-XMEAS11,1.0,1
F13,317,1.0,0.0,7.0,XMEAS7-XMEAS11,1.0,1
F13,318,1.0,0.0,7.0,XMEAS7-XMEAS11,1.0,1
F13,319,0.8571428571428571,0.410116318288409,3.5,XMEAS7-XMEAS11,0.8571428571428571,2
F13,320,0.8571428571428571,0.410116318288409,2.3333333333333335,XMEAS7-XMEAS11,0.8571428571428571,2
F13,321,0.7142857142857143,0.7963116401738131,1.75,XMEAS7-XMEAS11,0.7142857142857143,3
F13,322,1.0,0.0,7.0,XMEAS7-XMEAS11,1.0,1
F13,323,1.0,0.0,7.0,XMEAS7-XMEAS11,1.0,1
F13,324,1.0,0.0,7.0,XMEAS7-XMEAS11,1.0,1
F13,325,1.0,0.0,7.0,XMEAS7-XMEAS11,1.0,1
F13,326,1.0,0.0,7.0,XMEAS7-XMEAS11,1.0,1
F13,327,0.8571428571428571,0.410116318288409,2.3333333333333335,XMEAS7-XMEAS11,0.8571428571428571,2
F13,328,1.0,0.0,7.0,XMEAS7-XMEAS11,1.0,1
F13,329,1.0,0.0,7.0,XMEAS7-XMEAS11,1.0,1
F13,330,1.0,0.0,7.0,XMEAS7-XMEAS11,1.0,1
F13,331,1.0,0.0,7.0,XMEAS7-XMEAS11,1.0,1
F13,332,1.0,0.0,7.0,XMEAS7-XMEAS11,1.0,1
F13,333,1.0,0.0,7.0,XMEAS7-XMEAS11,1.0,1
F13,334,1.0,0.0,7.0,XMEAS7-XMEAS11,1.0,1
F13,335,1.0,0.0,7.0,XMEAS7-XMEAS11,1.0,1
F13,336,1.0,0.0,7.0,XMEAS7-XMEAS11,1.0,1
F13,337,1.0,0.0,7.0,XMEAS7-XMEAS11,1.0,1
F13,338,0.8571428571428571,0.410116318288409,2.3333333333333335,XMEAS7-XMEAS11,0.8571428571428571,2
F13,339,1.0,0.0,7.0,XMEAS7-XMEAS11,1.0,1
F13,340,1.0,0.0,7.0,XMEAS7-XMEAS11,1.0,1
F13,341,1.0,0.0,7.0,XMEAS7-XMEAS11,1.0,1
F13,342,1.0,0.0,7.0,XMEAS7-XMEAS11,1.0,1
F13,343,1.0,0.0,7.0,XMEAS7-XMEAS11,1.0,1
F13,344,0.8571428571428571,0.410116318288409,2.3333333333333335,XMEAS7-XMEAS11,0.8571428571428571,2
F13,345,1.0,0.0,7.0,XMEAS7-XMEAS11,1.0,1
F13,346,1.0,0.0,7.0,XMEAS7-XMEAS11,1.0,1
F13,347,0.8571428571428571,0.410116318288409,2.3333333333333335,XMEAS7-XMEAS11,0.8571428571428571,2
F13,348,0.7142857142857143,0.7963116401738131,1.75,XMEAS7-XMEAS11,0.7142857142857143,3
F13,349,0.8571428571428571,0.410116318288409,3.5,XMEAS7-XMEAS11,0.8571428571428571,2
F13,350,1.0,0.0,7.0,XMEAS7-XMEAS11,1.0,1
F13,351,1.0,0.0,7.0,XMEAS7-XMEAS11,1.0,1
F13,352,1.0,0.0,7.0,XMEAS7-XMEAS11,1.0,1
F13,353,1.0,0.0,7.0,XMEAS7-XMEAS11,1.0,1
F13,354,0.8571428571428571,0.410116318288409,2.3333333333333335,XMEAS7-XMEAS11,0.8571428571428571,2
F13,355,1.0,0.0,7.0,XMEAS7-XMEAS11,1.0,1
F13,356,0.7142857142857143,0.7963116401738131,1.75,XMEAS7-XMEAS11,0.7142857142857143,3
F13,357,1.0,0.0,7.0,XMEAS7-XMEAS11,1.0,1
F13,358,1.0,0.0,7.0,XMEAS7-XMEAS11,1.0,1
F13,359,0.7142857142857143,0.7963116401738131,1.75,XMEAS7-XMEAS11,0.7142857142857143,3
F13,360,1.0,0.0,7.0,XMEAS7-XMEAS11,1.0,1
F13,361,1.0,0.0,7.0,XMEAS7-XMEAS11,1.0,1
F13,362,1.0,0.0,7.0,XMEAS7-XMEAS11,1.0,1
F13,363,0.8571428571428571,0.410116318288409,2.3333333333333335,XMEAS7-XMEAS11,0.8571428571428571,2
F13,364,1.0,0.0,7.0,XMEAS7-XMEAS11,1.0,1
F13,365,1.0,0.0,7.0,XMEAS7-XMEAS11,1.0,1
F13,366,1.0,0.0,7.0,XMEAS7-XMEAS11,1.0,1
F13,367,0.8571428571428571,0.410116318288409,2.3333333333333335,XMEAS7-XMEAS11,0.8571428571428571,2
F13,368,1.0,0.0,7.0,XMEAS7-XMEAS11,1.0,1
F13,369,1.0,0.0,7.0,XMEAS7-XMEAS11,1.0,1
F13,370,1.0,0.0,7.0,XMEAS7-XMEAS11,1.0,1
F13,371,1.0,0.0,7.0,XMEAS7-XMEAS11,1.0,1
F13,372,1.0,0.0,7.0,XMEAS7-XMEAS11,1.0,1
F13,373,0.8571428571428571,0.410116318288409,2.3333333333333335,XMEAS7-XMEAS11,0.8571428571428571,2
F13,374,1.0,0.0,7.0,XMEAS7-XMEAS11,1.0,1
F13,375,0.7142857142857143,0.796311640173813,2.3333333333333335,XMEAS7-XMEAS11,0.7142857142857143,3
F13,376,1.0,0.0,7.0,XMEAS7-XMEAS11,1.0,1
F13,377,1.0,0.0,7.0,XMEAS7-XMEAS11,1.0,1
F13,378,1.0,0.0,7.0,XMEAS7-XMEAS11,1.0,1
F13,379,1.0,0.0,7.0,XMEAS7-XMEAS11,1.0,1
F13,380,0.8571428571428571,0.410116318288409,2.3333333333333335,XMEAS7-XMEAS11,0.8571428571428571,2
F13,381,1.0,0.0,7.0,XMEAS7-XMEAS11,1.0,1
F13,382,0.8571428571428571,0.410116318288409,2.3333333333333335,XMEAS7-XMEAS11,0.8571428571428571,2
F13,383,1.0,0.0,7.0,XMEAS7-XMEAS11,1.0,1
F13,384,1.0,0.0,7.0,XMEAS7-XMEAS11,1.0,1
F13,385,1.0,0.0,7.0,XMEAS7-XMEAS11,1.0,1
F13,386,1.0,0.0,7.0,XMEAS7-XMEAS11,1.0,1
F13,387,1.0,0.0,7.0,XMEAS7-XMEAS11,1.0,1
F13,388,1.0,0.0,7.0,XMEAS7-XMEAS11,1.0,1
F13,389,1.0,0.0,7.0,XMEAS7-XMEAS11,1.0,1
F13,390,1.0,0.0,7.0,XMEAS7-XMEAS11,1.0,1
F13,391,1.0,0.0,7.0,XMEAS7-XMEAS11,1.0,1
F13,392,1.0,0.0,7.0,XMEAS7-XMEAS11,1.0,1
F13,393,1.0,0.0,7.0,XMEAS7-XMEAS11,1.0,1
F13,394,1.0,0.0,7.0,XMEAS7-XMEAS11,1.0,1
F13,395,1.0,0.0,7.0,XMEAS7-XMEAS11,1.0,1
F13,396,0.7142857142857143,0.796311640173813,2.3333333333333335,XMEAS7-XMEAS11,0.7142857142857143,3
F13,397,1.0,0.0,7.0,XMEAS7-XMEAS11,1.0,1
F13,398,0.7142857142857143,0.5982695885852573,2.3333333333333335,XMEAS7-XMEAS11,0.7142857142857143,2
F13,399,1.0,0.0,7.0,XMEAS7-XMEAS11,1.0,1
F13,400,1.0,0.0,7.0,XMEAS7-XMEAS11,1.0,1
F13,401,1.0,0.0,7.0,XMEAS7-XMEAS11,1.0,1
F13,402,1.0,0.0,7.0,XMEAS7-XMEAS11,1.0,1
F13,403,0.8571428571428571,0.410116318288409,2.3333333333333335,XMEAS7-XMEAS11,0.8571428571428571,2
F13,404,1.0,0.0,7.0,XMEAS7-XMEAS11,1.0,1
F13,405,0.8571428571428571,0.410116318288409,2.3333333333333335,XMEAS7-XMEAS11,0.8571428571428571,2
F13,406,0.8571428571428571,0.410116318288409,2.3333333333333335,XMEAS7-XMEAS11,0.8571428571428571,2
F13,407,1.0,0.0,7.0,XMEAS7-XMEAS11,1.0,1
F13,408,1.0,0.0,7.0,XMEAS7-XMEAS11,1.0,1
F13,409,1.0,0.0,7.0,XMEAS7-XMEAS11,1.0,1
F13,410,0.8571428571428571,0.410116318288409,2.3333333333333335,XMEAS7-XMEAS11,0.8571428571428571,2
F13,411,1.0,0.0,7.0,XMEAS7-XMEAS11,1.0,1
F13,412,0.8571428571428571,0.410116318288409,3.5,XMEAS7-XMEAS11,0.8571428571428571,2
F13,413,1.0,0.0,7.0,XMEAS7-XMEAS11,1.0,1
F13,414,1.0,0.0,7.0,XMEAS7-XMEAS11,1.0,1
F13,415,1.0,0.0,7.0,XMEAS7-XMEAS11,1.0,1
F13,416,1.0,0.0,7.0,XMEAS7-XMEAS11,1.0,1
F13,417,1.0,0.0,7.0,XMEAS7-XMEAS11,1.0,1
F13,418,0.7142857142857143,0.7963116401738131,1.75,XMEAS7-XMEAS11,0.7142857142857143,3
F13,419,1.0,0.0,7.0,XMEAS7-XMEAS11,1.0,1
F13,420,1.0,0.0,7.0,XMEAS7-XMEAS11,1.0,1
F13,421,1.0,0.0,7.0,XMEAS7-XMEAS11,1.0,1
F13,422,1.0,0.0,7.0,XMEAS7-XMEAS11,1.0,1
F13,423,1.0,0.0,7.0,XMEAS7-XMEAS11,1.0,1
F13,424,1.0,0.0,7.0,XMEAS7-XMEAS11,1.0,1
F13,425,1.0,0.0,7.0,XMEAS7-XMEAS11,1.0,1
F13,426,1.0,0.0,7.0,XMEAS7-XMEAS11,1.0,1
F13,427,1.0,0.0,7.0,XMEAS7-XMEAS11,1.0,1
F13,428,1.0,0.0,7.0,XMEAS7-XMEAS11,1.0,1
F13,429,1.0,0.0,7.0,XMEAS7-XMEAS11,1.0,1
F13,430,1.0,0.0,7.0,XMEAS7-XMEAS11,1.0,1
F13,431,1.0,0.0,7.0,XMEAS7-XMEAS11,1.0,1
F13,432,1.0,0.0,7.0,XMEAS7-XMEAS11,1.0,1
F13,433,0.8571428571428571,0.410116318288409,3.5,XMEAS7-XMEAS11,0.8571428571428571,2
F13,434,1.0,0.0,7.0,XMEAS7-XMEAS11,1.0,1
F13,435,1.0,0.0,7.0,XMEAS7-XMEAS11,1.0,1
F13,436,1.0,0.0,7.0,XMEAS7-XMEAS11,1.0,1
F13,437,0.7142857142857143,0.796311640173813,2.3333333333333335,XMEAS7-XMEAS11,0.7142857142857143,3
F13,438,1.0,0.0,7.0,XMEAS7-XMEAS11,1.0,1
F13,439,0.7142857142857143,0.796311640173813,2.3333333333333335,XMEAS7-XMEAS11,0.7142857142857143,3
F13,440,0.8571428571428571,0.410116318288409,3.5,XMEAS7-XMEAS11,0.8571428571428571,2
F13,441,1.0,0.0,7.0,XMEAS7-XMEAS11,1.0,1
F13,442,1.0,0.0,7.0,XMEAS7-XMEAS11,1.0,1
F13,443,1.0,0.0,7.0,XMEAS7-XMEAS11,1.0,1
F13,444,1.0,0.0,7.0,XMEAS7-XMEAS11,1.0,1
F13,445,1.0,0.0,7.0,XMEAS7-XMEAS11,1.0,1
F13,446,1.0,0.0,7.0,XMEAS7-XMEAS11,1.0,1
F13,447,1.0,0.0,7.0,XMEAS7-XMEAS11,1.0,1
F13,448,1.0,0.0,7.0,XMEAS7-XMEAS11,1.0,1
F13,449,1.0,0.0,7.0,XMEAS7-XMEAS11,1.0,1
F13,450,1.0,0.0,7.0,XMEAS7-XMEAS11,1.0,1
F13,451,1.0,0.0,7.0,XMEAS7-XMEAS11,1.0,1
F13,452,1.0,0.0,7.0,XMEAS7-XMEAS11,1.0,1
F13,453,1.0,0.0,7.0,XMEAS7-XMEAS11,1.0,1
F13,454,1.0,0.0,7.0,XMEAS7-XMEAS11,1.0,1
F13,455,1.0,0.0,7.0,XMEAS7-XMEAS11,1.0,1
F13,456,1.0,0.0,7.0,XMEAS7-XMEAS11,1.0,1
F13,457,1.0,0.0,7.0,XMEAS7-XMEAS11,1.0,1
F13,458,1.0,0.0,7.0,XMEAS7-XMEAS11,1.0,1
F13,459,0.8571428571428571,0.410116318288409,2.3333333333333335,XMEAS7-XMEAS11,0.8571428571428571,2
F13,460,1.0,0.0,7.0,XMEAS7-XMEAS11,1.0,1
F13,461,0.8571428571428571,0.410116318288409,2.3333333333333335,XMEAS7-XMEAS11,0.8571428571428571,2
F13,462,1.0,0.0,7.0,XMEAS7-XMEAS11,1.0,1
F13,463,1.0,0.0,7.0,XMEAS7-XMEAS11,1.0,1
F13,464,1.0,0.0,7.0,XMEAS7-XMEAS11,1.0,1
F13,465,1.0,0.0,7.0,XMEAS7-XMEAS11,1.0,1
F13,466,0.8571428571428571,0.410116318288409,3.5,XMEAS7-XMEAS11,0.8571428571428571,2
F13,467,1.0,0.0,7.0,XMEAS7-XMEAS11,1.0,1
F13,468,1.0,0.0,7.0,XMEAS7-XMEAS11,1.0,1
F13,469,1.0,0.0,7.0,XMEAS7-XMEAS11,1.0,1
F13,470,1.0,0.0,7.0,XMEAS7-XMEAS11,1.0,1
F13,471,0.7142857142857143,0.7963116401738131,1.4,XMEAS7-XMEAS11,0.7142857142857143,3
F13,472,1.0,0.0,7.0,XMEAS7-XMEAS11,1.0,1
F13,473,1.0,0.0,7.0,XMEAS7-XMEAS11,1.0,1
F13,474,1.0,0.0,7.0,XMEAS7-XMEAS11,1.0,1
F13,475,1.0,0.0,7.0,XMEAS7-XMEAS11,1.0,1
F13,476,1.0,0.0,7.0,XMEAS7-XMEAS11,1.0,1
F13,477,0.8571428571428571,0.410116318288409,3.5,XMEAS7-XMEAS11,0.8571428571428571,2
F13,478,1.0,0.0,7.0,XMEAS7-XMEAS11,1.0,1
F13,479,1.0,0.0,7.0,XMEAS7-XMEAS11,1.0,1
F13,480,0.8571428571428571,0.410116318288409,3.5,XMEAS7-XMEAS11,0.8571428571428571,2
F13,481,1.0,0.0,7.0,XMEAS7-XMEAS11,1.0,1
F13,482,0.8571428571428571,0.410116318288409,2.3333333333333335,XMEAS7-XMEAS11,0.8571428571428571,2
F13,483,0.8571428571428571,0.410116318288409,2.3333333333333335,XMEAS7-XMEAS11,0.8571428571428571,2
F13,484,1.0,0.0,7.0,XMEAS7-XMEAS11,1.0,1
F13,485,1.0,0.0,7.0,XMEAS7-XMEAS11,1.0,1
F13,486,1.0,0.0,7.0,XMEAS7-XMEAS11,1.0,1
F13,487,1.0,0.0,7.0,XMEAS7-XMEAS11,1.0,1
F13,488,1.0,0.0,7.0,XMEAS7-XMEAS11,1.0,1
F13,489,1.0,0.0,7.0,XMEAS7-XMEAS11,1.0,1
F13,490,1.0,0.0,7.0,XMEAS7-XMEAS11,1.0,1
F13,491,1.0,0.0,7.0,XMEAS7-XMEAS11,1.0,1
F13,492,0.8571428571428571,0.410116318288409,2.3333333333333335,XMEAS7-XMEAS11,0.8571428571428571,2
F13,493,1.0,0.0,7.0,XMEAS7-XMEAS11,1.0,1
F13,494,1.0,0.0,7.0,XMEAS7-XMEAS11,1.0,1
F13,495,1.0,0.0,7.0,XMEAS7-XMEAS11,1.0,1
F13,496,0.8571428571428571,0.410116318288409,3.5,XMEAS7-XMEAS11,0.8571428571428571,2
F13,497,1.0,0.0,7.0,XMEAS7-XMEAS11,1.0,1
F13,498,1.0,0.0,7.0,XMEAS7-XMEAS11,1.0,1
F13,499,1.0,0.0,7.0,XMEAS7-XMEAS11,1.0,1
F13,500,0.8571428571428571,0.410116318288409,2.3333333333333335,XMEAS7-XMEAS11,0.8571428571428571,2
F14,1,1.0,0.0,7.0,XMEAS7-XMEAS11,1.0,1
F14,2,1.0,0.0,7.0,XMEAS7-XMEAS11,1.0,1
F14,3,1.0,0.0,7.0,XMEAS7-XMEAS11,1.0,1
F14,4,1.0,0.0,7.0,XMEAS7-XMEAS11,1.0,1
F14,5,1.0,0.0,7.0,XMEAS7-XMEAS11,1.0,1
F14,6,1.0,0.0,7.0,XMEAS7-XMEAS11,1.0,1
F14,7,1.0,0.0,7.0,XMEAS7-XMEAS11,1.0,1
F14,8,1.0,0.0,7.0,XMEAS7-XMEAS11,1.0,1
F14,9,1.0,0.0,7.0,XMEAS7-XMEAS11,1.0,1
F14,10,1.0,0.0,7.0,XMEAS7-XMEAS11,1.0,1
F14,11,1.0,0.0,7.0,XMEAS7-XMEAS11,1.0,1
F14,12,1.0,0.0,7.0,XMEAS7-XMEAS11,1.0,1
F14,13,1.0,0.0,7.0,XMEAS7-XMEAS11,1.0,1
F14,14,1.0,0.0,7.0,XMEAS7-XMEAS11,1.0,1
F14,15,1.0,0.0,7.0,XMEAS7-XMEAS11,1.0,1
F14,16,1.0,0.0,7.0,XMEAS7-XMEAS11,1.0,1
F14,17,1.0,0.0,7.0,XMEAS7-XMEAS11,1.0,1
F14,18,1.0,0.0,7.0,XMEAS7-XMEAS11,1.0,1
F14,19,1.0,0.0,7.0,XMEAS7-XMEAS11,1.0,1
F14,20,1.0,0.0,7.0,XMEAS7-XMEAS11,1.0,1
F14,21,0.8571428571428571,0.410116318288409,2.3333333333333335,XMEAS7-XMEAS11,0.8571428571428571,2
F14,22,1.0,0.0,7.0,XMEAS7-XMEAS11,1.0,1
F14,23,1.0,0.0,7.0,XMEAS7-XMEAS11,1.0,1
F14,24,1.0,0.0,7.0,XMEAS7-XMEAS11,1.0,1
F14,25,1.0,0.0,7.0,XMEAS7-XMEAS11,1.0,1
F14,26,1.0,0.0,7.0,XMEAS7-XMEAS11,1.0,1
F14,27,1.0,0.0,7.0,XMEAS7-XMEAS11,1.0,1
F14,28,1.0,0.0,7.0,XMEAS7-XMEAS11,1.0,1
F14,29,1.0,0.0,7.0,XMEAS7-XMEAS11,1.0,1
F14,30,1.0,0.0,7.0,XMEAS7-XMEAS11,1.0,1
F14,31,1.0,0.0,7.0,XMEAS7-XMEAS11,1.0,1
F14,32,1.0,0.0,7.0,XMEAS7-XMEAS11,1.0,1
F14,33,1.0,0.0,7.0,XMEAS7-XMEAS11,1.0,1
F14,34,1.0,0.0,7.0,XMEAS7-XMEAS11,1.0,1
F14,35,1.0,0.0,7.0,XMEAS7-XMEAS11,1.0,1
F14,36,1.0,0.0,7.0,XMEAS7-XMEAS11,1.0,1
F14,37,1.0,0.0,7.0,XMEAS7-XMEAS11,1.0,1
F14,38,1.0,0.0,7.0,XMEAS7-XMEAS11,1.0,1
F14,39,1.0,0.0,7.0,XMEAS7-XMEAS11,1.0,1
F14,40,1.0,0.0,7.0,XMEAS7-XMEAS11,1.0,1
F14,41,1.0,0.0,7.0,XMEAS7-XMEAS11,1.0,1
F14,42,1.0,0.0,7.0,XMEAS7-XMEAS11,1.0,1
F14,43,1.0,0.0,7.0,XMEAS7-XMEAS11,1.0,1
F14,44,1.0,0.0,7.0,XMEAS7-XMEAS11,1.0,1
F14,45,1.0,0.0,7.0,XMEAS7-XMEAS11,1.0,1
F14,46,1.0,0.0,7.0,XMEAS7-XMEAS11,1.0,1
F14,47,1.0,0.0,7.0,XMEAS7-XMEAS11,1.0,1
F14,48,1.0,0.0,7.0,XMEAS7-XMEAS11,1.0,1
F14,49,1.0,0.0,7.0,XMEAS7-XMEAS11,1.0,1
F14,50,1.0,0.0,7.0,XMEAS7-XMEAS11,1.0,1
F14,51,1.0,0.0,7.0,XMEAS7-XMEAS11,1.0,1
F14,52,1.0,0.0,7.0,XMEAS7-XMEAS11,1.0,1
F14,53,1.0,0.0,7.0,XMEAS7-XMEAS11,1.0,1
F14,54,1.0,0.0,7.0,XMEAS7-XMEAS11,1.0,1
F14,55,1.0,0.0,7.0,XMEAS7-XMEAS11,1.0,1
F14,56,1.0,0.0,7.0,XMEAS7-XMEAS11,1.0,1
F14,57,1.0,0.0,7.0,XMEAS7-XMEAS11,1.0,1
F14,58,1.0,0.0,7.0,XMEAS7-XMEAS11,1.0,1
F14,59,1.0,0.0,7.0,XMEAS7-XMEAS11,1.0,1
F14,60,1.0,0.0,7.0,XMEAS7-XMEAS11,1.0,1
F14,61,1.0,0.0,7.0,XMEAS7-XMEAS11,1.0,1
F14,62,1.0,0.0,7.0,XMEAS7-XMEAS11,1.0,1
F14,63,1.0,0.0,7.0,XMEAS7-XMEAS11,1.0,1
F14,64,1.0,0.0,7.0,XMEAS7-XMEAS11,1.0,1
F14,65,1.0,0.0,7.0,XMEAS7-XMEAS11,1.0,1
F14,66,1.0,0.0,7.0,XMEAS7-XMEAS11,1.0,1
F14,67,1.0,0.0,7.0,XMEAS7-XMEAS11,1.0,1
F14,68,1.0,0.0,7.0,XMEAS7-XMEAS11,1.0,1
F14,69,1.0,0.0,7.0,XMEAS7-XMEAS11,1.0,1
F14,70,1.0,0.0,7.0,XMEAS7-XMEAS11,1.0,1
F14,71,1.0,0.0,7.0,XMEAS7-XMEAS11,1.0,1
F14,72,1.0,0.0,7.0,XMEAS7-XMEAS11,1.0,1
F14,73,1.0,0.0,7.0,XMEAS7-XMEAS11,1.0,1
F14,74,1.0,0.0,7.0,XMEAS7-XMEAS11,1.0,1
F14,75,1.0,0.0,7.0,XMEAS7-XMEAS11,1.0,1
F14,76,1.0,0.0,7.0,XMEAS7-XMEAS11,1.0,1
F14,77,1.0,0.0,7.0,XMEAS7-XMEAS11,1.0,1
F14,78,1.0,0.0,7.0,XMEAS7-XMEAS11,1.0,1
F14,79,1.0,0.0,7.0,XMEAS7-XMEAS11,1.0,1
F14,80,1.0,0.0,7.0,XMEAS7-XMEAS11,1.0,1
F14,81,1.0,0.0,7.0,XMEAS7-XMEAS11,1.0,1
F14,82,1.0,0.0,7.0,XMEAS7-XMEAS11,1.0,1
F14,83,1.0,0.0,7.0,XMEAS7-XMEAS11,1.0,1
F14,84,1.0,0.0,7.0,XMEAS7-XMEAS11,1.0,1
F14,85,1.0,0.0,7.0,XMEAS7-XMEAS11,1.0,1
F14,86,1.0,0.0,7.0,XMEAS7-XMEAS11,1.0,1
F14,87,1.0,0.0,7.0,XMEAS7-XMEAS11,1.0,1
F14,88,1.0,0.0,7.0,XMEAS7-XMEAS11,1.0,1
F14,89,1.0,0.0,7.0,XMEAS7-XMEAS11,1.0,1
F14,90,1.0,0.0,7.0,XMEAS7-XMEAS11,1.0,1
F14,91,1.0,0.0,7.0,XMEAS7-XMEAS11,1.0,1
F14,92,1.0,0.0,7.0,XMEAS7-XMEAS11,1.0,1
F14,93,1.0,0.0,7.0,XMEAS7-XMEAS11,1.0,1
F14,94,1.0,0.0,7.0,XMEAS7-XMEAS11,1.0,1
F14,95,1.0,0.0,7.0,XMEAS7-XMEAS11,1.0,1
F14,96,1.0,0.0,7.0,XMEAS7-XMEAS11,1.0,1
F14,97,1.0,0.0,7.0,XMEAS7-XMEAS11,1.0,1
F14,98,1.0,0.0,7.0,XMEAS7-XMEAS11,1.0,1
F14,99,1.0,0.0,7.0,XMEAS7-XMEAS11,1.0,1
F14,100,1.0,0.0,7.0,XMEAS7-XMEAS11,1.0,1
F14,101,1.0,0.0,7.0,XMEAS7-XMEAS11,1.0,1
F14,102,1.0,0.0,7.0,XMEAS7-XMEAS11,1.0,1
F14,103,1.0,0.0,7.0,XMEAS7-XMEAS11,1.0,1
F14,104,1.0,0.0,7.0,XMEAS7-XMEAS11,1.0,1
F14,105,1.0,0.0,7.0,XMEAS7-XMEAS11,1.0,1
F14,106,1.0,0.0,7.0,XMEAS7-XMEAS11,1.0,1
F14,107,1.0,0.0,7.0,XMEAS7-XMEAS11,1.0,1
F14,108,1.0,0.0,7.0,XMEAS7-XMEAS11,1.0,1
F14,109,1.0,0.0,7.0,XMEAS7-XMEAS11,1.0,1
F14,110,1.0,0.0,7.0,XMEAS7-XMEAS11,1.0,1
F14,111,1.0,0.0,7.0,XMEAS7-XMEAS11,1.0,1
F14,112,1.0,0.0,7.0,XMEAS7-XMEAS11,1.0,1
F14,113,1.0,0.0,7.0,XMEAS7-XMEAS11,1.0,1
F14,114,1.0,0.0,7.0,XMEAS7-XMEAS11,1.0,1
F14,115,1.0,0.0,7.0,XMEAS7-XMEAS11,1.0,1
F14,116,1.0,0.0,7.0,XMEAS7-XMEAS11,1.0,1
F14,117,1.0,0.0,7.0,XMEAS7-XMEAS11,1.0,1
F14,118,1.0,0.0,7.0,XMEAS7-XMEAS11,1.0,1
F14,119,1.0,0.0,7.0,XMEAS7-XMEAS11,1.0,1
F14,120,1.0,0.0,7.0,XMEAS7-XMEAS11,1.0,1
F14,121,1.0,0.0,7.0,XMEAS7-XMEAS11,1.0,1
F14,122,1.0,0.0,7.0,XMEAS7-XMEAS11,1.0,1
F14,123,1.0,0.0,7.0,XMEAS7-XMEAS11,1.0,1
F14,124,1.0,0.0,7.0,XMEAS7-XMEAS11,1.0,1
F14,125,1.0,0.0,7.0,XMEAS7-XMEAS11,1.0,1
F14,126,1.0,0.0,7.0,XMEAS7-XMEAS11,1.0,1
F14,127,1.0,0.0,7.0,XMEAS7-XMEAS11,1.0,1
F14,128,1.0,0.0,7.0,XMEAS7-XMEAS11,1.0,1
F14,129,1.0,0.0,7.0,XMEAS7-XMEAS11,1.0,1
F14,130,1.0,0.0,7.0,XMEAS7-XMEAS11,1.0,1
F14,131,1.0,0.0,7.0,XMEAS7-XMEAS11,1.0,1
F14,132,1.0,0.0,7.0,XMEAS7-XMEAS11,1.0,1
F14,133,1.0,0.0,7.0,XMEAS7-XMEAS11,1.0,1
F14,134,1.0,0.0,7.0,XMEAS7-XMEAS11,1.0,1
F14,135,1.0,0.0,7.0,XMEAS7-XMEAS11,1.0,1
F14,136,1.0,0.0,7.0,XMEAS7-XMEAS11,1.0,1
F14,137,1.0,0.0,7.0,XMEAS7-XMEAS11,1.0,1
F14,138,1.0,0.0,7.0,XMEAS7-XMEAS11,1.0,1
F14,139,1.0,0.0,7.0,XMEAS7-XMEAS11,1.0,1
F14,140,1.0,0.0,7.0,XMEAS7-XMEAS11,1.0,1
F14,141,1.0,0.0,7.0,XMEAS7-XMEAS11,1.0,1
F14,142,1.0,0.0,7.0,XMEAS7-XMEAS11,1.0,1
F14,143,1.0,0.0,7.0,XMEAS7-XMEAS11,1.0,1
F14,144,1.0,0.0,7.0,XMEAS7-XMEAS11,1.0,1
F14,145,1.0,0.0,7.0,XMEAS7-XMEAS11,1.0,1
F14,146,1.0,0.0,7.0,XMEAS7-XMEAS11,1.0,1
F14,147,1.0,0.0,7.0,XMEAS7-XMEAS11,1.0,1
F14,148,1.0,0.0,7.0,XMEAS7-XMEAS11,1.0,1
F14,149,1.0,0.0,7.0,XMEAS7-XMEAS11,1.0,1
F14,150,1.0,0.0,7.0,XMEAS7-XMEAS11,1.0,1
F14,151,1.0,0.0,7.0,XMEAS7-XMEAS11,1.0,1
F14,152,1.0,0.0,7.0,XMEAS7-XMEAS11,1.0,1
F14,153,1.0,0.0,7.0,XMEAS7-XMEAS11,1.0,1
F14,154,1.0,0.0,7.0,XMEAS7-XMEAS11,1.0,1
F14,155,1.0,0.0,7.0,XMEAS7-XMEAS11,1.0,1
F14,156,1.0,0.0,7.0,XMEAS7-XMEAS11,1.0,1
F14,157,1.0,0.0,7.0,XMEAS7-XMEAS11,1.0,1
F14,158,1.0,0.0,7.0,XMEAS7-XMEAS11,1.0,1
F14,159,1.0,0.0,7.0,XMEAS7-XMEAS11,1.0,1
F14,160,1.0,0.0,7.0,XMEAS7-XMEAS11,1.0,1
F14,161,1.0,0.0,7.0,XMEAS7-XMEAS11,1.0,1
F14,162,1.0,0.0,7.0,XMEAS7-XMEAS11,1.0,1
F14,163,1.0,0.0,7.0,XMEAS7-XMEAS11,1.0,1
F14,164,1.0,0.0,7.0,XMEAS7-XMEAS11,1.0,1
F14,165,1.0,0.0,7.0,XMEAS7-XMEAS11,1.0,1
F14,166,1.0,0.0,7.0,XMEAS7-XMEAS11,1.0,1
F14,167,1.0,0.0,7.0,XMEAS7-XMEAS11,1.0,1
F14,168,1.0,0.0,7.0,XMEAS7-XMEAS11,1.0,1
F14,169,1.0,0.0,7.0,XMEAS7-XMEAS11,1.0,1
F14,170,1.0,0.0,7.0,XMEAS7-XMEAS11,1.0,1
F14,171,1.0,0.0,7.0,XMEAS7-XMEAS11,1.0,1
F14,172,1.0,0.0,7.0,XMEAS7-XMEAS11,1.0,1
F14,173,1.0,0.0,7.0,XMEAS7-XMEAS11,1.0,1
F14,174,1.0,0.0,7.0,XMEAS7-XMEAS11,1.0,1
F14,175,1.0,0.0,7.0,XMEAS7-XMEAS11,1.0,1
F14,176,1.0,0.0,7.0,XMEAS7-XMEAS11,1.0,1
F14,177,1.0,0.0,7.0,XMEAS7-XMEAS11,1.0,1
F14,178,1.0,0.0,7.0,XMEAS7-XMEAS11,1.0,1
F14,179,1.0,0.0,7.0,XMEAS7-XMEAS11,1.0,1
F14,180,1.0,0.0,7.0,XMEAS7-XMEAS11,1.0,1
F14,181,1.0,0.0,7.0,XMEAS7-XMEAS11,1.0,1
F14,182,1.0,0.0,7.0,XMEAS7-XMEAS11,1.0,1
F14,183,1.0,0.0,7.0,XMEAS7-XMEAS11,1.0,1
F14,184,1.0,0.0,7.0,XMEAS7-XMEAS11,1.0,1
F14,185,1.0,0.0,7.0,XMEAS7-XMEAS11,1.0,1
F14,186,1.0,0.0,7.0,XMEAS7-XMEAS11,1.0,1
F14,187,1.0,0.0,7.0,XMEAS7-XMEAS11,1.0,1
F14,188,1.0,0.0,7.0,XMEAS7-XMEAS11,1.0,1
F14,189,1.0,0.0,7.0,XMEAS7-XMEAS11,1.0,1
F14,190,1.0,0.0,7.0,XMEAS7-XMEAS11,1.0,1
F14,191,1.0,0.0,7.0,XMEAS7-XMEAS11,1.0,1
F14,192,1.0,0.0,7.0,XMEAS7-XMEAS11,1.0,1
F14,193,1.0,0.0,7.0,XMEAS7-XMEAS11,1.0,1
F14,194,1.0,0.0,7.0,XMEAS7-XMEAS11,1.0,1
F14,195,1.0,0.0,7.0,XMEAS7-XMEAS11,1.0,1
F14,196,1.0,0.0,7.0,XMEAS7-XMEAS11,1.0,1
F14,197,1.0,0.0,7.0,XMEAS7-XMEAS11,1.0,1
F14,198,1.0,0.0,7.0,XMEAS7-XMEAS11,1.0,1
F14,199,1.0,0.0,7.0,XMEAS7-XMEAS11,1.0,1
F14,200,1.0,0.0,7.0,XMEAS7-XMEAS11,1.0,1
F14,201,1.0,0.0,7.0,XMEAS7-XMEAS11,1.0,1
F14,202,1.0,0.0,7.0,XMEAS7-XMEAS11,1.0,1
F14,203,1.0,0.0,7.0,XMEAS7-XMEAS11,1.0,1
F14,204,1.0,0.0,7.0,XMEAS7-XMEAS11,1.0,1
F14,205,1.0,0.0,7.0,XMEAS7-XMEAS11,1.0,1
F14,206,1.0,0.0,7.0,XMEAS7-XMEAS11,1.0,1
F14,207,1.0,0.0,7.0,XMEAS7-XMEAS11,1.0,1
F14,208,1.0,0.0,7.0,XMEAS7-XMEAS11,1.0,1
F14,209,1.0,0.0,7.0,XMEAS7-XMEAS11,1.0,1
F14,210,1.0,0.0,7.0,XMEAS7-XMEAS11,1.0,1
F14,211,1.0,0.0,7.0,XMEAS7-XMEAS11,1.0,1
F14,212,1.0,0.0,7.0,XMEAS7-XMEAS11,1.0,1
F14,213,1.0,0.0,7.0,XMEAS7-XMEAS11,1.0,1
F14,214,1.0,0.0,7.0,XMEAS7-XMEAS11,1.0,1
F14,215,1.0,0.0,7.0,XMEAS7-XMEAS11,1.0,1
F14,216,1.0,0.0,7.0,XMEAS7-XMEAS11,1.0,1
F14,217,1.0,0.0,7.0,XMEAS7-XMEAS11,1.0,1
F14,218,1.0,0.0,7.0,XMEAS7-XMEAS11,1.0,1
F14,219,1.0,0.0,7.0,XMEAS7-XMEAS11,1.0,1
F14,220,1.0,0.0,7.0,XMEAS7-XMEAS11,1.0,1
F14,221,1.0,0.0,7.0,XMEAS7-XMEAS11,1.0,1
F14,222,1.0,0.0,7.0,XMEAS7-XMEAS11,1.0,1
F14,223,1.0,0.0,7.0,XMEAS7-XMEAS11,1.0,1
F14,224,1.0,0.0,7.0,XMEAS7-XMEAS11,1.0,1
F14,225,1.0,0.0,7.0,XMEAS7-XMEAS11,1.0,1
F14,226,1.0,0.0,7.0,XMEAS7-XMEAS11,1.0,1
F14,227,1.0,0.0,7.0,XMEAS7-XMEAS11,1.0,1
F14,228,1.0,0.0,7.0,XMEAS7-XMEAS11,1.0,1
F14,229,1.0,0.0,7.0,XMEAS7-XMEAS11,1.0,1
F14,230,1.0,0.0,7.0,XMEAS7-XMEAS11,1.0,1
F14,231,1.0,0.0,7.0,XMEAS7-XMEAS11,1.0,1
F14,232,1.0,0.0,7.0,XMEAS7-XMEAS11,1.0,1
F14,233,1.0,0.0,7.0,XMEAS7-XMEAS11,1.0,1
F14,234,1.0,0.0,7.0,XMEAS7-XMEAS11,1.0,1
F14,235,1.0,0.0,7.0,XMEAS7-XMEAS11,1.0,1
F14,236,1.0,0.0,7.0,XMEAS7-XMEAS11,1.0,1
F14,237,1.0,0.0,7.0,XMEAS7-XMEAS11,1.0,1
F14,238,1.0,0.0,7.0,XMEAS7-XMEAS11,1.0,1
F14,239,1.0,0.0,7.0,XMEAS7-XMEAS11,1.0,1
F14,240,1.0,0.0,7.0,XMEAS7-XMEAS11,1.0,1
F14,241,1.0,0.0,7.0,XMEAS7-XMEAS11,1.0,1
F14,242,1.0,0.0,7.0,XMEAS7-XMEAS11,1.0,1
F14,243,1.0,0.0,7.0,XMEAS7-XMEAS11,1.0,1
F14,244,1.0,0.0,7.0,XMEAS7-XMEAS11,1.0,1
F14,245,1.0,0.0,7.0,XMEAS7-XMEAS11,1.0,1
F14,246,1.0,0.0,7.0,XMEAS7-XMEAS11,1.0,1
F14,247,1.0,0.0,7.0,XMEAS7-XMEAS11,1.0,1
F14,248,1.0,0.0,7.0,XMEAS7-XMEAS11,1.0,1
F14,249,1.0,0.0,7.0,XMEAS7-XMEAS11,1.0,1
F14,250,1.0,0.0,7.0,XMEAS7-XMEAS11,1.0,1
F14,251,1.0,0.0,7.0,XMEAS7-XMEAS11,1.0,1
F14,252,1.0,0.0,7.0,XMEAS7-XMEAS11,1.0,1
F14,253,1.0,0.0,7.0,XMEAS7-XMEAS11,1.0,1
F14,254,1.0,0.0,7.0,XMEAS7-XMEAS11,1.0,1
F14,255,1.0,0.0,7.0,XMEAS7-XMEAS11,1.0,1
F14,256,1.0,0.0,7.0,XMEAS7-XMEAS11,1.0,1
F14,257,1.0,0.0,7.0,XMEAS7-XMEAS11,1.0,1
F14,258,1.0,0.0,7.0,XMEAS7-XMEAS11,1.0,1
F14,259,1.0,0.0,7.0,XMEAS7-XMEAS11,1.0,1
F14,260,1.0,0.0,7.0,XMEAS7-XMEAS11,1.0,1
F14,261,1.0,0.0,7.0,XMEAS7-XMEAS11,1.0,1
F14,262,1.0,0.0,7.0,XMEAS7-XMEAS11,1.0,1
F14,263,1.0,0.0,7.0,XMEAS7-XMEAS11,1.0,1
F14,264,1.0,0.0,7.0,XMEAS7-XMEAS11,1.0,1
F14,265,1.0,0.0,7.0,XMEAS7-XMEAS11,1.0,1
F14,266,1.0,0.0,7.0,XMEAS7-XMEAS11,1.0,1
F14,267,1.0,0.0,7.0,XMEAS7-XMEAS11,1.0,1
F14,268,1.0,0.0,7.0,XMEAS7-XMEAS11,1.0,1
F14,269,1.0,0.0,7.0,XMEAS7-XMEAS11,1.0,1
F14,270,1.0,0.0,7.0,XMEAS7-XMEAS11,1.0,1
F14,271,1.0,0.0,7.0,XMEAS7-XMEAS11,1.0,1
F14,272,1.0,0.0,7.0,XMEAS7-XMEAS11,1.0,1
F14,273,1.0,0.0,7.0,XMEAS7-XMEAS11,1.0,1
F14,274,1.0,0.0,7.0,XMEAS7-XMEAS11,1.0,1
F14,275,1.0,0.0,7.0,XMEAS7-XMEAS11,1.0,1
F14,276,1.0,0.0,7.0,XMEAS7-XMEAS11,1.0,1
F14,277,1.0,0.0,7.0,XMEAS7-XMEAS11,1.0,1
F14,278,1.0,0.0,7.0,XMEAS7-XMEAS11,1.0,1
F14,279,1.0,0.0,7.0,XMEAS7-XMEAS11,1.0,1
F14,280,1.0,0.0,7.0,XMEAS7-XMEAS11,1.0,1
F14,281,1.0,0.0,7.0,XMEAS7-XMEAS11,1.0,1
F14,282,1.0,0.0,7.0,XMEAS7-XMEAS11,1.0,1
F14,283,1.0,0.0,7.0,XMEAS7-XMEAS11,1.0,1
F14,284,1.0,0.0,7.0,XMEAS7-XMEAS11,1.0,1
F14,285,1.0,0.0,7.0,XMEAS7-XMEAS11,1.0,1
F14,286,1.0,0.0,7.0,XMEAS7-XMEAS11,1.0,1
F14,287,1.0,0.0,7.0,XMEAS7-XMEAS11,1.0,1
F14,288,1.0,0.0,7.0,XMEAS7-XMEAS11,1.0,1
F14,289,1.0,0.0,7.0,XMEAS7-XMEAS11,1.0,1
F14,290,1.0,0.0,7.0,XMEAS7-XMEAS11,1.0,1
F14,291,1.0,0.0,7.0,XMEAS7-XMEAS11,1.0,1
F14,292,0.8571428571428571,0.410116318288409,3.5,XMEAS7-XMEAS11,0.8571428571428571,2
F14,293,1.0,0.0,7.0,XMEAS7-XMEAS11,1.0,1
F14,294,1.0,0.0,7.0,XMEAS7-XMEAS11,1.0,1
F14,295,1.0,0.0,7.0,XMEAS7-XMEAS11,1.0,1
F14,296,1.0,0.0,7.0,XMEAS7-XMEAS11,1.0,1
F14,297,1.0,0.0,7.0,XMEAS7-XMEAS11,1.0,1
F14,298,1.0,0.0,7.0,XMEAS7-XMEAS11,1.0,1
F14,299,1.0,0.0,7.0,XMEAS7-XMEAS11,1.0,1
F14,300,1.0,0.0,7.0,XMEAS7-XMEAS11,1.0,1
F14,301,1.0,0.0,7.0,XMEAS7-XMEAS11,1.0,1
F14,302,1.0,0.0,7.0,XMEAS7-XMEAS11,1.0,1
F14,303,1.0,0.0,7.0,XMEAS7-XMEAS11,1.0,1
F14,304,1.0,0.0,7.0,XMEAS7-XMEAS11,1.0,1
F14,305,1.0,0.0,7.0,XMEAS7-XMEAS11,1.0,1
F14,306,1.0,0.0,7.0,XMEAS7-XMEAS11,1.0,1
F14,307,1.0,0.0,7.0,XMEAS7-XMEAS11,1.0,1
F14,308,1.0,0.0,7.0,XMEAS7-XMEAS11,1.0,1
F14,309,1.0,0.0,7.0,XMEAS7-XMEAS11,1.0,1
F14,310,1.0,0.0,7.0,XMEAS7-XMEAS11,1.0,1
F14,311,1.0,0.0,7.0,XMEAS7-XMEAS11,1.0,1
F14,312,1.0,0.0,7.0,XMEAS7-XMEAS11,1.0,1
F14,313,1.0,0.0,7.0,XMEAS7-XMEAS11,1.0,1
F14,314,1.0,0.0,7.0,XMEAS7-XMEAS11,1.0,1
F14,315,1.0,0.0,7.0,XMEAS7-XMEAS11,1.0,1
F14,316,1.0,0.0,7.0,XMEAS7-XMEAS11,1.0,1
F14,317,1.0,0.0,7.0,XMEAS7-XMEAS11,1.0,1
F14,318,1.0,0.0,7.0,XMEAS7-XMEAS11,1.0,1
F14,319,1.0,0.0,7.0,XMEAS7-XMEAS11,1.0,1
F14,320,1.0,0.0,7.0,XMEAS7-XMEAS11,1.0,1
F14,321,1.0,0.0,7.0,XMEAS7-XMEAS11,1.0,1
F14,322,1.0,0.0,7.0,XMEAS7-XMEAS11,1.0,1
F14,323,1.0,0.0,7.0,XMEAS7-XMEAS11,1.0,1
F14,324,1.0,0.0,7.0,XMEAS7-XMEAS11,1.0,1
F14,325,1.0,0.0,7.0,XMEAS7-XMEAS11,1.0,1
F14,326,1.0,0.0,7.0,XMEAS7-XMEAS11,1.0,1
F14,327,1.0,0.0,7.0,XMEAS7-XMEAS11,1.0,1
F14,328,1.0,0.0,7.0,XMEAS7-XMEAS11,1.0,1
F14,329,1.0,0.0,7.0,XMEAS7-XMEAS11,1.0,1
F14,330,1.0,0.0,7.0,XMEAS7-XMEAS11,1.0,1
F14,331,1.0,0.0,7.0,XMEAS7-XMEAS11,1.0,1
F14,332,1.0,0.0,7.0,XMEAS7-XMEAS11,1.0,1
F14,333,1.0,0.0,7.0,XMEAS7-XMEAS11,1.0,1
F14,334,1.0,0.0,7.0,XMEAS7-XMEAS11,1.0,1
F14,335,1.0,0.0,7.0,XMEAS7-XMEAS11,1.0,1
F14,336,1.0,0.0,7.0,XMEAS7-XMEAS11,1.0,1
F14,337,1.0,0.0,7.0,XMEAS7-XMEAS11,1.0,1
F14,338,1.0,0.0,7.0,XMEAS7-XMEAS11,1.0,1
F14,339,1.0,0.0,7.0,XMEAS7-XMEAS11,1.0,1
F14,340,1.0,0.0,7.0,XMEAS7-XMEAS11,1.0,1
F14,341,1.0,0.0,7.0,XMEAS7-XMEAS11,1.0,1
F14,342,1.0,0.0,7.0,XMEAS7-XMEAS11,1.0,1
F14,343,1.0,0.0,7.0,XMEAS7-XMEAS11,1.0,1
F14,344,1.0,0.0,7.0,XMEAS7-XMEAS11,1.0,1
F14,345,1.0,0.0,7.0,XMEAS7-XMEAS11,1.0,1
F14,346,1.0,0.0,7.0,XMEAS7-XMEAS11,1.0,1
F14,347,1.0,0.0,7.0,XMEAS7-XMEAS11,1.0,1
F14,348,1.0,0.0,7.0,XMEAS7-XMEAS11,1.0,1
F14,349,1.0,0.0,7.0,XMEAS7-XMEAS11,1.0,1
F14,350,1.0,0.0,7.0,XMEAS7-XMEAS11,1.0,1
F14,351,1.0,0.0,7.0,XMEAS7-XMEAS11,1.0,1
F14,352,1.0,0.0,7.0,XMEAS7-XMEAS11,1.0,1
F14,353,1.0,0.0,7.0,XMEAS7-XMEAS11,1.0,1
F14,354,1.0,0.0,7.0,XMEAS7-XMEAS11,1.0,1
F14,355,1.0,0.0,7.0,XMEAS7-XMEAS11,1.0,1
F14,356,1.0,0.0,7.0,XMEAS7-XMEAS11,1.0,1
F14,357,1.0,0.0,7.0,XMEAS7-XMEAS11,1.0,1
F14,358,1.0,0.0,7.0,XMEAS7-XMEAS11,1.0,1
F14,359,1.0,0.0,7.0,XMEAS7-XMEAS11,1.0,1
F14,360,1.0,0.0,7.0,XMEAS7-XMEAS11,1.0,1
F14,361,1.0,0.0,7.0,XMEAS7-XMEAS11,1.0,1
F14,362,1.0,0.0,7.0,XMEAS7-XMEAS11,1.0,1
F14,363,1.0,0.0,7.0,XMEAS7-XMEAS11,1.0,1
F14,364,1.0,0.0,7.0,XMEAS7-XMEAS11,1.0,1
F14,365,1.0,0.0,7.0,XMEAS7-XMEAS11,1.0,1
F14,366,1.0,0.0,7.0,XMEAS7-XMEAS11,1.0,1
F14,367,1.0,0.0,7.0,XMEAS7-XMEAS11,1.0,1
F14,368,1.0,0.0,7.0,XMEAS7-XMEAS11,1.0,1
F14,369,1.0,0.0,7.0,XMEAS7-XMEAS11,1.0,1
F14,370,1.0,0.0,7.0,XMEAS7-XMEAS11,1.0,1
F14,371,1.0,0.0,7.0,XMEAS7-XMEAS11,1.0,1
F14,372,1.0,0.0,7.0,XMEAS7-XMEAS11,1.0,1
F14,373,1.0,0.0,7.0,XMEAS7-XMEAS11,1.0,1
F14,374,1.0,0.0,7.0,XMEAS7-XMEAS11,1.0,1
F14,375,1.0,0.0,7.0,XMEAS7-XMEAS11,1.0,1
F14,376,1.0,0.0,7.0,XMEAS7-XMEAS11,1.0,1
F14,377,1.0,0.0,7.0,XMEAS7-XMEAS11,1.0,1
F14,378,1.0,0.0,7.0,XMEAS7-XMEAS11,1.0,1
F14,379,1.0,0.0,7.0,XMEAS7-XMEAS11,1.0,1
F14,380,1.0,0.0,7.0,XMEAS7-XMEAS11,1.0,1
F14,381,1.0,0.0,7.0,XMEAS7-XMEAS11,1.0,1
F14,382,1.0,0.0,7.0,XMEAS7-XMEAS11,1.0,1
F14,383,1.0,0.0,7.0,XMEAS7-XMEAS11,1.0,1
F14,384,1.0,0.0,7.0,XMEAS7-XMEAS11,1.0,1
F14,385,1.0,0.0,7.0,XMEAS7-XMEAS11,1.0,1
F14,386,1.0,0.0,7.0,XMEAS7-XMEAS11,1.0,1
F14,387,1.0,0.0,7.0,XMEAS7-XMEAS11,1.0,1
F14,388,1.0,0.0,7.0,XMEAS7-XMEAS11,1.0,1
F14,389,1.0,0.0,7.0,XMEAS7-XMEAS11,1.0,1
F14,390,1.0,0.0,7.0,XMEAS7-XMEAS11,1.0,1
F14,391,1.0,0.0,7.0,XMEAS7-XMEAS11,1.0,1
F14,392,1.0,0.0,7.0,XMEAS7-XMEAS11,1.0,1
F14,393,1.0,0.0,7.0,XMEAS7-XMEAS11,1.0,1
F14,394,1.0,0.0,7.0,XMEAS7-XMEAS11,1.0,1
F14,395,1.0,0.0,7.0,XMEAS7-XMEAS11,1.0,1
F14,396,1.0,0.0,7.0,XMEAS7-XMEAS11,1.0,1
F14,397,1.0,0.0,7.0,XMEAS7-XMEAS11,1.0,1
F14,398,1.0,0.0,7.0,XMEAS7-XMEAS11,1.0,1
F14,399,1.0,0.0,7.0,XMEAS7-XMEAS11,1.0,1
F14,400,1.0,0.0,7.0,XMEAS7-XMEAS11,1.0,1
F14,401,1.0,0.0,7.0,XMEAS7-XMEAS11,1.0,1
F14,402,1.0,0.0,7.0,XMEAS7-XMEAS11,1.0,1
F14,403,1.0,0.0,7.0,XMEAS7-XMEAS11,1.0,1
F14,404,1.0,0.0,7.0,XMEAS7-XMEAS11,1.0,1
F14,405,1.0,0.0,7.0,XMEAS7-XMEAS11,1.0,1
F14,406,1.0,0.0,7.0,XMEAS7-XMEAS11,1.0,1
F14,407,1.0,0.0,7.0,XMEAS7-XMEAS11,1.0,1
F14,408,0.8571428571428571,0.410116318288409,3.5,XMEAS7-XMEAS11,0.8571428571428571,2
F14,409,1.0,0.0,7.0,XMEAS7-XMEAS11,1.0,1
F14,410,1.0,0.0,7.0,XMEAS7-XMEAS11,1.0,1
F14,411,1.0,0.0,7.0,XMEAS7-XMEAS11,1.0,1
F14,412,1.0,0.0,7.0,XMEAS7-XMEAS11,1.0,1
F14,413,1.0,0.0,7.0,XMEAS7-XMEAS11,1.0,1
F14,414,1.0,0.0,7.0,XMEAS7-XMEAS11,1.0,1
F14,415,1.0,0.0,7.0,XMEAS7-XMEAS11,1.0,1
F14,416,1.0,0.0,7.0,XMEAS7-XMEAS11,1.0,1
F14,417,1.0,0.0,7.0,XMEAS7-XMEAS11,1.0,1
F14,418,1.0,0.0,7.0,XMEAS7-XMEAS11,1.0,1
F14,419,1.0,0.0,7.0,XMEAS7-XMEAS11,1.0,1
F14,420,1.0,0.0,7.0,XMEAS7-XMEAS11,1.0,1
F14,421,1.0,0.0,7.0,XMEAS7-XMEAS11,1.0,1
F14,422,1.0,0.0,7.0,XMEAS7-XMEAS11,1.0,1
F14,423,1.0,0.0,7.0,XMEAS7-XMEAS11,1.0,1
F14,424,1.0,0.0,7.0,XMEAS7-XMEAS11,1.0,1
F14,425,1.0,0.0,7.0,XMEAS7-XMEAS11,1.0,1
F14,426,1.0,0.0,7.0,XMEAS7-XMEAS11,1.0,1
F14,427,1.0,0.0,7.0,XMEAS7-XMEAS11,1.0,1
F14,428,1.0,0.0,7.0,XMEAS7-XMEAS11,1.0,1
F14,429,1.0,0.0,7.0,XMEAS7-XMEAS11,1.0,1
F14,430,1.0,0.0,7.0,XMEAS7-XMEAS11,1.0,1
F14,431,1.0,0.0,7.0,XMEAS7-XMEAS11,1.0,1
F14,432,1.0,0.0,7.0,XMEAS7-XMEAS11,1.0,1
F14,433,1.0,0.0,7.0,XMEAS7-XMEAS11,1.0,1
F14,434,1.0,0.0,7.0,XMEAS7-XMEAS11,1.0,1
F14,435,1.0,0.0,7.0,XMEAS7-XMEAS11,1.0,1
F14,436,1.0,0.0,7.0,XMEAS7-XMEAS11,1.0,1
F14,437,1.0,0.0,7.0,XMEAS7-XMEAS11,1.0,1
F14,438,0.8571428571428571,0.410116318288409,2.3333333333333335,XMEAS7-XMEAS11,0.8571428571428571,2
F14,439,1.0,0.0,7.0,XMEAS7-XMEAS11,1.0,1
F14,440,1.0,0.0,7.0,XMEAS7-XMEAS11,1.0,1
F14,441,1.0,0.0,7.0,XMEAS7-XMEAS11,1.0,1
F14,442,1.0,0.0,7.0,XMEAS7-XMEAS11,1.0,1
F14,443,1.0,0.0,7.0,XMEAS7-XMEAS11,1.0,1
F14,444,1.0,0.0,7.0,XMEAS7-XMEAS11,1.0,1
F14,445,1.0,0.0,7.0,XMEAS7-XMEAS11,1.0,1
F14,446,1.0,0.0,7.0,XMEAS7-XMEAS11,1.0,1
F14,447,1.0,0.0,7.0,XMEAS7-XMEAS11,1.0,1
F14,448,1.0,0.0,7.0,XMEAS7-XMEAS11,1.0,1
F14,449,1.0,0.0,7.0,XMEAS7-XMEAS11,1.0,1
F14,450,1.0,0.0,7.0,XMEAS7-XMEAS11,1.0,1
F14,451,1.0,0.0,7.0,XMEAS7-XMEAS11,1.0,1
F14,452,1.0,0.0,7.0,XMEAS7-XMEAS11,1.0,1
F14,453,1.0,0.0,7.0,XMEAS7-XMEAS11,1.0,1
F14,454,1.0,0.0,7.0,XMEAS7-XMEAS11,1.0,1
F14,455,1.0,0.0,7.0,XMEAS7-XMEAS11,1.0,1
F14,456,1.0,0.0,7.0,XMEAS7-XMEAS11,1.0,1
F14,457,1.0,0.0,7.0,XMEAS7-XMEAS11,1.0,1
F14,458,1.0,0.0,7.0,XMEAS7-XMEAS11,1.0,1
F14,459,1.0,0.0,7.0,XMEAS7-XMEAS11,1.0,1
F14,460,1.0,0.0,7.0,XMEAS7-XMEAS11,1.0,1
F14,461,1.0,0.0,7.0,XMEAS7-XMEAS11,1.0,1
F14,462,1.0,0.0,7.0,XMEAS7-XMEAS11,1.0,1
F14,463,1.0,0.0,7.0,XMEAS7-XMEAS11,1.0,1
F14,464,1.0,0.0,7.0,XMEAS7-XMEAS11,1.0,1
F14,465,1.0,0.0,7.0,XMEAS7-XMEAS11,1.0,1
F14,466,1.0,0.0,7.0,XMEAS7-XMEAS11,1.0,1
F14,467,1.0,0.0,7.0,XMEAS7-XMEAS11,1.0,1
F14,468,1.0,0.0,7.0,XMEAS7-XMEAS11,1.0,1
F14,469,1.0,0.0,7.0,XMEAS7-XMEAS11,1.0,1
F14,470,1.0,0.0,7.0,XMEAS7-XMEAS11,1.0,1
F14,471,1.0,0.0,7.0,XMEAS7-XMEAS11,1.0,1
F14,472,1.0,0.0,7.0,XMEAS7-XMEAS11,1.0,1
F14,473,1.0,0.0,7.0,XMEAS7-XMEAS11,1.0,1
F14,474,1.0,0.0,7.0,XMEAS7-XMEAS11,1.0,1
F14,475,1.0,0.0,7.0,XMEAS7-XMEAS11,1.0,1
F14,476,1.0,0.0,7.0,XMEAS7-XMEAS11,1.0,1
F14,477,1.0,0.0,7.0,XMEAS7-XMEAS11,1.0,1
F14,478,1.0,0.0,7.0,XMEAS7-XMEAS11,1.0,1
F14,479,1.0,0.0,7.0,XMEAS7-XMEAS11,1.0,1
F14,480,1.0,0.0,7.0,XMEAS7-XMEAS11,1.0,1
F14,481,1.0,0.0,7.0,XMEAS7-XMEAS11,1.0,1
F14,482,1.0,0.0,7.0,XMEAS7-XMEAS11,1.0,1
F14,483,1.0,0.0,7.0,XMEAS7-XMEAS11,1.0,1
F14,484,1.0,0.0,7.0,XMEAS7-XMEAS11,1.0,1
F14,485,1.0,0.0,7.0,XMEAS7-XMEAS11,1.0,1
F14,486,1.0,0.0,7.0,XMEAS7-XMEAS11,1.0,1
F14,487,1.0,0.0,7.0,XMEAS7-XMEAS11,1.0,1
F14,488,1.0,0.0,7.0,XMEAS7-XMEAS11,1.0,1
F14,489,1.0,0.0,7.0,XMEAS7-XMEAS11,1.0,1
F14,490,1.0,0.0,7.0,XMEAS7-XMEAS11,1.0,1
F14,491,1.0,0.0,7.0,XMEAS7-XMEAS11,1.0,1
F14,492,1.0,0.0,7.0,XMEAS7-XMEAS11,1.0,1
F14,493,1.0,0.0,7.0,XMEAS7-XMEAS11,1.0,1
F14,494,1.0,0.0,7.0,XMEAS7-XMEAS11,1.0,1
F14,495,1.0,0.0,7.0,XMEAS7-XMEAS11,1.0,1
F14,496,1.0,0.0,7.0,XMEAS7-XMEAS11,1.0,1
F14,497,1.0,0.0,7.0,XMEAS7-XMEAS11,1.0,1
F14,498,1.0,0.0,7.0,XMEAS7-XMEAS11,1.0,1
F14,499,1.0,0.0,7.0,XMEAS7-XMEAS11,1.0,1
F14,500,1.0,0.0,7.0,XMEAS7-XMEAS11,1.0,1
F15,1,0.42857142857142855,1.2770342594661392,1.1666666666666667,XMEAS9-XMEAS11,0.42857142857142855,4
F15,2,0.2857142857142857,1.7478680974667578,1.1666666666666667,XMEAS8-XMEAS9,0.2857142857142857,6
F15,3,0.2857142857142857,1.549826045878202,1.0,XMEAS8-XMEAS10,0.2857142857142857,5
F15,4,0.2857142857142857,1.7478680974667578,1.0,XMEAS8-XMEAS11,0.2857142857142857,6
F15,5,0.42857142857142855,1.277034259466139,1.0,XMEAS8-XMEAS10,0.42857142857142855,4
F15,6,0.2857142857142857,1.549826045878202,1.1666666666666667,XMEAS10-XMEAS11,0.2857142857142857,5
F15,7,0.2857142857142857,1.549826045878202,1.1666666666666667,XMEAS9-XMEAS10,0.2857142857142857,5
F15,8,0.42857142857142855,1.277034259466139,1.0,XMEAS8-XMEAS10,0.42857142857142855,4
F15,9,0.2857142857142857,1.7478680974667578,1.0,XMEAS8-XMEAS11,0.2857142857142857,6
F15,10,0.42857142857142855,1.4750763110546947,1.1666666666666667,XMEAS8-XMEAS9,0.42857142857142855,5
F15,11,0.2857142857142857,1.7478680974667578,1.1666666666666667,XMEAS8-XMEAS10,0.2857142857142857,6
F15,12,0.42857142857142855,1.4750763110546947,1.1666666666666667,XMEAS10-XMEAS11,0.42857142857142855,5
F15,13,0.2857142857142857,1.5498260458782016,1.1666666666666667,XMEAS8-XMEAS9,0.2857142857142857,5
F15,14,0.2857142857142857,1.549826045878202,1.1666666666666667,XMEAS8-XMEAS11,0.2857142857142857,5
F15,15,0.2857142857142857,1.5498260458782016,1.1666666666666667,XMEAS8-XMEAS10,0.2857142857142857,5
F15,16,0.5714285714285714,1.1537419427010902,1.1666666666666667,XMEAS8-XMEAS9,0.5714285714285714,4
F15,17,0.2857142857142857,1.7478680974667578,1.0,XMEAS7-XMEAS9,0.2857142857142857,6
F15,18,0.2857142857142857,1.5498260458782016,1.0,XMEAS10-XMEAS11,0.2857142857142857,5
F15,19,0.2857142857142857,1.351783994289646,1.0,XMEAS9-XMEAS10,0.2857142857142857,4
F15,20,0.2857142857142857,1.549826045878202,1.1666666666666667,XMEAS8-XMEAS9,0.2857142857142857,5
F15,21,0.2857142857142857,1.549826045878202,1.0,XMEAS7-XMEAS9,0.2857142857142857,5
F15,22,0.42857142857142855,1.475076311054695,1.1666666666666667,XMEAS8-XMEAS10,0.42857142857142855,5
F15,23,0.42857142857142855,1.2770342594661392,1.1666666666666667,XMEAS9-XMEAS10,0.42857142857142855,4
F15,24,0.42857142857142855,1.277034259466139,1.4,XMEAS8-XMEAS11,0.42857142857142855,4
F15,25,0.2857142857142857,1.351783994289646,1.1666666666666667,XMEAS7-XMEAS10,0.2857142857142857,4
F15,26,0.42857142857142855,1.475076311054695,1.4,XMEAS8-XMEAS9,0.42857142857142855,5
F15,27,0.42857142857142855,1.4750763110546947,1.4,XMEAS8-XMEAS9,0.42857142857142855,5
F15,28,0.42857142857142855,1.277034259466139,1.75,XMEAS8-XMEAS9,0.42857142857142855,4
F15,29,0.42857142857142855,1.2770342594661392,1.4,XMEAS8-XMEAS9,0.42857142857142855,4
F15,30,0.2857142857142857,1.549826045878202,1.1666666666666667,XMEAS10-XMEAS11,0.2857142857142857,5
F15,31,0.5714285714285714,1.1537419427010902,1.4,XMEAS8-XMEAS9,0.5714285714285714,4
F15,32,0.2857142857142857,1.549826045878202,1.4,XMEAS8-XMEAS9,0.2857142857142857,5
F15,33,0.42857142857142855,1.475076311054695,1.0,XMEAS8-XMEAS9,0.42857142857142855,5
F15,34,0.2857142857142857,1.5498260458782016,1.1666666666666667,XMEAS8-XMEAS11,0.2857142857142857,5
F15,35,0.2857142857142857,1.7478680974667578,1.0,XMEAS9-XMEAS11,0.2857142857142857,6
F15,36,0.42857142857142855,1.277034259466139,1.1666666666666667,XMEAS8-XMEAS9,0.42857142857142855,4
F15,37,0.2857142857142857,1.549826045878202,1.0,XMEAS8-XMEAS9,0.2857142857142857,5
F15,38,0.2857142857142857,1.549826045878202,1.1666666666666667,XMEAS10-XMEAS11,0.2857142857142857,5
F15,39,0.2857142857142857,1.549826045878202,1.0,XMEAS8-XMEAS10,0.2857142857142857,5
F15,40,0.2857142857142857,1.7478680974667578,1.0,XMEAS10-XMEAS11,0.2857142857142857,6
F15,41,0.5714285714285714,1.1537419427010902,1.4,XMEAS8-XMEAS10,0.5714285714285714,4
F15,42,0.42857142857142855,1.2770342594661392,1.0,XMEAS10-XMEAS11,0.42857142857142855,4
F15,43,0.2857142857142857,1.5498260458782016,1.1666666666666667,XMEAS7-XMEAS8,0.2857142857142857,5
F15,44,0.2857142857142857,1.549826045878202,1.0,XMEAS8-XMEAS11,0.2857142857142857,5
F15,45,0.5714285714285714,0.9556998911125343,1.4,XMEAS8-XMEAS9,0.5714285714285714,3
F15,46,0.2857142857142857,1.5498260458782016,1.1666666666666667,XMEAS7-XMEAS9,0.2857142857142857,5
F15,47,0.2857142857142857,1.5498260458782018,1.1666666666666667,XMEAS7-XMEAS10,0.2857142857142857,5
F15,48,0.2857142857142857,1.549826045878202,1.1666666666666667,XMEAS7-XMEAS9,0.2857142857142857,5
F15,49,0.2857142857142857,1.549826045878202,1.1666666666666667,XMEAS8-XMEAS10,0.2857142857142857,5
F15,50,0.2857142857142857,1.7478680974667578,1.0,XMEAS8-XMEAS9,0.2857142857142857,6
F15,51,0.2857142857142857,1.7478680974667578,1.1666666666666667,XMEAS8-XMEAS9,0.2857142857142857,6
F15,52,0.42857142857142855,1.2770342594661392,1.1666666666666667,XMEAS10-XMEAS11,0.42857142857142855,4
F15,53,0.2857142857142857,1.7478680974667578,1.0,XMEAS7-XMEAS8,0.2857142857142857,6
F15,54,0.42857142857142855,1.475076311054695,1.4,XMEAS8-XMEAS9,0.42857142857142855,5
F15,55,0.2857142857142857,1.549826045878202,1.1666666666666667,XMEAS8-XMEAS9,0.2857142857142857,5
F15,56,0.2857142857142857,1.5498260458782018,1.1666666666666667,XMEAS8-XMEAS10,0.2857142857142857,5
F15,57,0.42857142857142855,1.277034259466139,1.1666666666666667,XMEAS8-XMEAS9,0.42857142857142855,4
F15,58,0.5714285714285714,1.1537419427010902,1.1666666666666667,XMEAS8-XMEAS9,0.5714285714285714,4
F15,59,0.2857142857142857,1.549826045878202,1.1666666666666667,XMEAS10-XMEAS11,0.2857142857142857,5
F15,60,0.2857142857142857,1.5498260458782016,1.1666666666666667,XMEAS8-XMEAS10,0.2857142857142857,5
F15,61,0.2857142857142857,1.5498260458782016,1.4,XMEAS7-XMEAS10,0.2857142857142857,5
F15,62,0.14285714285714285,1.945910149055314,1.0,XMEAS8-XMEAS10,0.14285714285714285,7
F15,63,0.2857142857142857,1.549826045878202,1.1666666666666667,XMEAS8-XMEAS9,0.2857142857142857,5
F15,64,0.2857142857142857,1.351783994289646,1.0,XMEAS9-XMEAS10,0.2857142857142857,4
F15,65,0.2857142857142857,1.7478680974667578,1.0,XMEAS7-XMEAS10,0.2857142857142857,6
F15,66,0.7142857142857143,0.7963116401738131,1.75,XMEAS8-XMEAS9,0.7142857142857143,3
F15,67,0.42857142857142855,1.277034259466139,1.1666666666666667,XMEAS8-XMEAS9,0.42857142857142855,4
F15,68,0.42857142857142855,1.475076311054695,1.4,XMEAS8-XMEAS9,0.42857142857142855,5
F15,69,0.14285714285714285,1.945910149055314,1.0,XMEAS9-XMEAS11,0.14285714285714285,7
F15,70,0.42857142857142855,1.475076311054695,1.0,XMEAS8-XMEAS9,0.42857142857142855,5
F15,71,0.42857142857142855,1.475076311054695,1.1666666666666667,XMEAS8-XMEAS11,0.42857142857142855,5
F15,72,0.42857142857142855,1.475076311054695,1.0,XMEAS8-XMEAS10,0.42857142857142855,5
F15,73,0.42857142857142855,1.475076311054695,1.1666666666666667,XMEAS8-XMEAS10,0.42857142857142855,5
F15,74,0.2857142857142857,1.5498260458782016,1.0,XMEAS8-XMEAS10,0.2857142857142857,5
F15,75,0.42857142857142855,1.277034259466139,1.4,XMEAS8-XMEAS9,0.42857142857142855,4
F15,76,0.2857142857142857,1.549826045878202,1.0,XMEAS10-XMEAS11,0.2857142857142857,5
F15,77,0.2857142857142857,1.549826045878202,1.0,XMEAS10-XMEAS11,0.2857142857142857,5
F15,78,0.2857142857142857,1.7478680974667578,1.1666666666666667,XMEAS7-XMEAS9,0.2857142857142857,6
F15,79,0.5714285714285714,1.1537419427010902,1.75,XMEAS8-XMEAS10,0.5714285714285714,4
F15,80,0.42857142857142855,1.4750763110546947,1.1666666666666667,XMEAS8-XMEAS10,0.42857142857142855,5
F15,81,0.2857142857142857,1.5498260458782016,1.1666666666666667,XMEAS10-XMEAS11,0.2857142857142857,5
F15,82,0.2857142857142857,1.7478680974667578,1.0,XMEAS7-XMEAS9,0.2857142857142857,6
F15,83,0.2857142857142857,1.5498260458782016,1.0,XMEAS7-XMEAS10,0.2857142857142857,5
F15,84,0.2857142857142857,1.5498260458782018,1.1666666666666667,XMEAS7-XMEAS10,0.2857142857142857,5
F15,85,0.42857142857142855,1.475076311054695,1.1666666666666667,XMEAS8-XMEAS9,0.42857142857142855,5
F15,86,0.5714285714285714,0.9556998911125343,1.1666666666666667,XMEAS8-XMEAS10,0.5714285714285714,3
F15,87,0.42857142857142855,1.475076311054695,1.1666666666666667,XMEAS8-XMEAS9,0.42857142857142855,5
F15,88,0.2857142857142857,1.549826045878202,1.0,XMEAS8-XMEAS9,0.2857142857142857,5
F15,89,0.2857142857142857,1.7478680974667578,1.0,XMEAS8-XMEAS11,0.2857142857142857,6
F15,90,0.42857142857142855,1.475076311054695,1.1666666666666667,XMEAS8-XMEAS9,0.42857142857142855,5
F15,91,0.2857142857142857,1.5498260458782018,1.1666666666666667,XMEAS10-XMEAS11,0.2857142857142857,5
F15,92,0.2857142857142857,1.549826045878202,1.1666666666666667,XMEAS9-XMEAS10,0.2857142857142857,5
F15,93,0.42857142857142855,1.475076311054695,1.0,XMEAS9-XMEAS10,0.42857142857142855,5
F15,94,0.2857142857142857,1.7478680974667578,1.0,XMEAS10-XMEAS11,0.2857142857142857,6
F15,95,0.42857142857142855,1.475076311054695,1.1666666666666667,XMEAS8-XMEAS9,0.42857142857142855,5
F15,96,0.2857142857142857,1.5498260458782016,1.4,XMEAS7-XMEAS9,0.2857142857142857,5
F15,97,0.42857142857142855,1.475076311054695,1.0,XMEAS8-XMEAS9,0.42857142857142855,5
F15,98,0.2857142857142857,1.549826045878202,1.0,XMEAS8-XMEAS10,0.2857142857142857,5
F15,99,0.42857142857142855,1.475076311054695,1.0,XMEAS7-XMEAS10,0.42857142857142855,5
F15,100,0.2857142857142857,1.351783994289646,1.0,XMEAS7-XMEAS10,0.2857142857142857,4
F15,101,0.42857142857142855,1.475076311054695,1.0,XMEAS8-XMEAS9,0.42857142857142855,5
F15,102,0.42857142857142855,1.277034259466139,1.0,XMEAS8-XMEAS10,0.42857142857142855,4
F15,103,0.2857142857142857,1.351783994289646,1.4,XMEAS8-XMEAS9,0.2857142857142857,4
F15,104,0.42857142857142855,1.277034259466139,1.4,XMEAS8-XMEAS11,0.42857142857142855,4
F15,105,0.2857142857142857,1.7478680974667573,1.1666666666666667,XMEAS10-XMEAS11,0.2857142857142857,6
F15,106,0.2857142857142857,1.351783994289646,1.1666666666666667,XMEAS8-XMEAS9,0.2857142857142857,4
F15,107,0.42857142857142855,1.0789922078775833,1.4,XMEAS9-XMEAS10,0.42857142857142855,3
F15,108,0.42857142857142855,1.2770342594661392,1.1666666666666667,XMEAS8-XMEAS9,0.42857142857142855,4
F15,109,0.42857142857142855,1.277034259466139,1.4,XMEAS8-XMEAS10,0.42857142857142855,4
F15,110,0.42857142857142855,1.2770342594661392,1.1666666666666667,XMEAS8-XMEAS10,0.42857142857142855,4
F15,111,0.2857142857142857,1.7478680974667578,1.0,XMEAS7-XMEAS10,0.2857142857142857,6
F15,112,0.2857142857142857,1.5498260458782016,1.0,XMEAS10-XMEAS11,0.2857142857142857,5
F15,113,0.2857142857142857,1.7478680974667573,1.1666666666666667,XMEAS8-XMEAS9,0.2857142857142857,6
F15,114,0.42857142857142855,1.0789922078775833,1.1666666666666667,XMEAS9-XMEAS10,0.42857142857142855,3
F15,115,0.5714285714285714,1.1537419427010902,1.1666666666666667,XMEAS10-XMEAS11,0.5714285714285714,4
F15,116,0.2857142857142857,1.7478680974667578,1.1666666666666667,XMEAS8-XMEAS9,0.2857142857142857,6
F15,117,0.2857142857142857,1.351783994289646,1.4,XMEAS10-XMEAS11,0.2857142857142857,4
F15,118,0.42857142857142855,1.475076311054695,1.1666666666666667,XMEAS8-XMEAS9,0.42857142857142855,5
F15,119,0.42857142857142855,1.475076311054695,1.1666666666666667,XMEAS8-XMEAS10,0.42857142857142855,5
F15,120,0.2857142857142857,1.5498260458782016,1.0,XMEAS8-XMEAS11,0.2857142857142857,5
F15,121,0.5714285714285714,0.9556998911125343,1.0,XMEAS8-XMEAS11,0.5714285714285714,3
F15,122,0.42857142857142855,1.475076311054695,1.4,XMEAS9-XMEAS11,0.42857142857142855,5
F15,123,0.42857142857142855,1.277034259466139,1.1666666666666667,XMEAS10-XMEAS11,0.42857142857142855,4
F15,124,0.5714285714285714,1.1537419427010902,1.1666666666666667,XMEAS8-XMEAS10,0.5714285714285714,4
F15,125,0.14285714285714285,1.945910149055314,1.0,XMEAS10-XMEAS11,0.14285714285714285,7
F15,126,0.42857142857142855,1.2770342594661392,1.0,XMEAS8-XMEAS9,0.42857142857142855,4
F15,127,0.42857142857142855,1.277034259466139,1.1666666666666667,XMEAS7-XMEAS10,0.42857142857142855,4
F15,128,0.2857142857142857,1.5498260458782018,1.1666666666666667,XMEAS8-XMEAS9,0.2857142857142857,5
F15,129,0.42857142857142855,1.475076311054695,1.0,XMEAS9-XMEAS10,0.42857142857142855,5
F15,130,0.2857142857142857,1.5498260458782016,1.0,XMEAS8-XMEAS9,0.2857142857142857,5
F15,131,0.42857142857142855,1.2770342594661392,1.4,XMEAS8-XMEAS9,0.42857142857142855,4
F15,132,0.42857142857142855,1.0789922078775833,1.4,XMEAS8-XMEAS9,0.42857142857142855,3
F15,133,0.14285714285714285,1.945910149055314,1.0,XMEAS8-XMEAS11,0.14285714285714285,7
F15,134,0.5714285714285714,1.1537419427010902,1.1666666666666667,XMEAS8-XMEAS9,0.5714285714285714,4
F15,135,0.2857142857142857,1.5498260458782016,1.0,XMEAS8-XMEAS9,0.2857142857142857,5
F15,136,0.2857142857142857,1.549826045878202,1.0,XMEAS8-XMEAS10,0.2857142857142857,5
F15,137,0.42857142857142855,1.0042424730540764,1.4,XMEAS8-XMEAS11,0.42857142857142855,3
F15,138,0.2857142857142857,1.7478680974667578,1.0,XMEAS7-XMEAS10,0.2857142857142857,6
F15,139,0.5714285714285714,0.6829081047004717,1.4,XMEAS8-XMEAS9,0.5714285714285714,2
F15,140,0.42857142857142855,1.475076311054695,1.1666666666666667,XMEAS7-XMEAS9,0.42857142857142855,5
F15,141,0.2857142857142857,1.7478680974667578,1.0,XMEAS8-XMEAS9,0.2857142857142857,6
F15,142,0.42857142857142855,1.2770342594661392,1.0,XMEAS10-XMEAS11,0.42857142857142855,4
F15,143,0.2857142857142857,1.549826045878202,1.4,XMEAS8-XMEAS9,0.2857142857142857,5
F15,144,0.2857142857142857,1.7478680974667578,1.0,XMEAS8-XMEAS11,0.2857142857142857,6
F15,145,0.42857142857142855,1.2770342594661392,1.75,XMEAS8-XMEAS9,0.42857142857142855,4
F15,146,0.14285714285714285,1.945910149055314,1.0,XMEAS9-XMEAS11,0.14285714285714285,7
F15,147,0.42857142857142855,1.277034259466139,1.4,XMEAS9-XMEAS10,0.42857142857142855,4
F15,148,0.42857142857142855,1.277034259466139,1.1666666666666667,XMEAS8-XMEAS9,0.42857142857142855,4
F15,149,0.2857142857142857,1.7478680974667578,1.1666666666666667,XMEAS10-XMEAS11,0.2857142857142857,6
F15,150,0.42857142857142855,1.277034259466139,1.4,XMEAS8-XMEAS11,0.42857142857142855,4
F15,151,0.2857142857142857,1.5498260458782016,1.0,XMEAS8-XMEAS10,0.2857142857142857,5
F15,152,0.2857142857142857,1.549826045878202,1.0,XMEAS9-XMEAS10,0.2857142857142857,5
F15,153,0.2857142857142857,1.549826045878202,1.1666666666666667,XMEAS8-XMEAS9,0.2857142857142857,5
F15,154,0.14285714285714285,1.945910149055314,1.0,XMEAS8-XMEAS10,0.14285714285714285,7
F15,155,0.42857142857142855,1.2770342594661392,1.1666666666666667,XMEAS8-XMEAS11,0.42857142857142855,4
F15,156,0.2857142857142857,1.5498260458782018,1.4,XMEAS8-XMEAS9,0.2857142857142857,5
F15,157,0.2857142857142857,1.5498260458782016,1.1666666666666667,XMEAS8-XMEAS9,0.2857142857142857,5
F15,158,0.2857142857142857,1.7478680974667578,1.1666666666666667,XMEAS8-XMEAS11,0.2857142857142857,6
F15,159,0.2857142857142857,1.5498260458782018,1.1666666666666667,XMEAS8-XMEAS9,0.2857142857142857,5
F15,160,0.2857142857142857,1.7478680974667578,1.1666666666666667,XMEAS9-XMEAS10,0.2857142857142857,6
F15,161,0.2857142857142857,1.549826045878202,1.1666666666666667,XMEAS7-XMEAS11,0.2857142857142857,5
F15,162,0.2857142857142857,1.7478680974667578,1.0,XMEAS7-XMEAS9,0.2857142857142857,6
F15,163,0.2857142857142857,1.549826045878202,1.0,XMEAS7-XMEAS10,0.2857142857142857,5
F15,164,0.2857142857142857,1.351783994289646,1.0,XMEAS8-XMEAS9,0.2857142857142857,4
F15,165,0.42857142857142855,1.2770342594661392,1.4,XMEAS7-XMEAS10,0.42857142857142855,4
F15,166,0.5714285714285714,0.9556998911125343,1.4,XMEAS8-XMEAS9,0.5714285714285714,3
F15,167,0.42857142857142855,1.277034259466139,1.0,XMEAS8-XMEAS9,0.42857142857142855,4
F15,168,0.2857142857142857,1.351783994289646,1.4,XMEAS8-XMEAS11,0.2857142857142857,4
F15,169,0.2857142857142857,1.5498260458782016,1.0,XMEAS9-XMEAS10,0.2857142857142857,5
F15,170,0.2857142857142857,1.7478680974667578,1.0,XMEAS8-XMEAS10,0.2857142857142857,6
F15,171,0.2857142857142857,1.351783994289646,1.0,XMEAS10-XMEAS11,0.2857142857142857,4
F15,172,0.42857142857142855,1.2770342594661392,1.1666666666666667,XMEAS7-XMEAS9,0.42857142857142855,4
F15,173,0.42857142857142855,1.2770342594661392,1.1666666666666667,XMEAS8-XMEAS9,0.42857142857142855,4
F15,174,0.2857142857142857,1.549826045878202,1.1666666666666667,XMEAS8-XMEAS9,0.2857142857142857,5
F15,175,0.42857142857142855,1.475076311054695,1.1666666666666667,XMEAS8-XMEAS10,0.42857142857142855,5
F15,176,0.42857142857142855,1.2770342594661392,1.1666666666666667,XMEAS8-XMEAS10,0.42857142857142855,4
F15,177,0.42857142857142855,1.475076311054695,1.1666666666666667,XMEAS9-XMEAS10,0.42857142857142855,5
F15,178,0.42857142857142855,1.2770342594661392,1.1666666666666667,XMEAS8-XMEAS10,0.42857142857142855,4
F15,179,0.2857142857142857,1.5498260458782016,1.1666666666666667,XMEAS7-XMEAS9,0.2857142857142857,5
F15,180,0.5714285714285714,0.9556998911125343,1.75,XMEAS8-XMEAS9,0.5714285714285714,3
F15,181,0.2857142857142857,1.5498260458782016,1.0,XMEAS10-XMEAS11,0.2857142857142857,5
F15,182,0.42857142857142855,1.4750763110546947,1.1666666666666667,XMEAS8-XMEAS9,0.42857142857142855,5
F15,183,0.2857142857142857,1.7478680974667578,1.1666666666666667,XMEAS8-XMEAS10,0.2857142857142857,6
F15,184,0.2857142857142857,1.549826045878202,1.1666666666666667,XMEAS10-XMEAS11,0.2857142857142857,5
F15,185,0.2857142857142857,1.351783994289646,1.1666666666666667,XMEAS8-XMEAS9,0.2857142857142857,4
F15,186,0.2857142857142857,1.351783994289646,1.1666666666666667,XMEAS10-XMEAS11,0.2857142857142857,4
F15,187,0.2857142857142857,1.549826045878202,1.0,XMEAS9-XMEAS10,0.2857142857142857,5
F15,188,0.2857142857142857,1.7478680974667578,1.0,XMEAS7-XMEAS10,0.2857142857142857,6
F15,189,0.42857142857142855,1.277034259466139,1.1666666666666667,XMEAS8-XMEAS10,0.42857142857142855,4
F15,190,0.2857142857142857,1.549826045878202,1.1666666666666667,XMEAS8-XMEAS10,0.2857142857142857,5
F15,191,0.5714285714285714,1.15374194270109,1.4,XMEAS8-XMEAS9,0.5714285714285714,4
F15,192,0.42857142857142855,1.277034259466139,1.4,XMEAS8-XMEAS10,0.42857142857142855,4
F15,193,0.2857142857142857,1.7478680974667578,1.0,XMEAS7-XMEAS8,0.2857142857142857,6
F15,194,0.2857142857142857,1.351783994289646,1.1666666666666667,XMEAS8-XMEAS9,0.2857142857142857,4
F15,195,0.2857142857142857,1.549826045878202,1.1666666666666667,XMEAS8-XMEAS9,0.2857142857142857,5
F15,196,0.42857142857142855,1.277034259466139,1.4,XMEAS8-XMEAS9,0.42857142857142855,4
F15,197,0.14285714285714285,1.945910149055314,1.0,XMEAS10-XMEAS11,0.14285714285714285,7
F15,198,0.2857142857142857,1.351783994289646,1.1666666666666667,XMEAS7-XMEAS9,0.2857142857142857,4
F15,199,0.2857142857142857,1.7478680974667578,1.1666666666666667,XMEAS10-XMEAS11,0.2857142857142857,6
F15,200,0.2857142857142857,1.7478680974667573,1.1666666666666667,XMEAS9-XMEAS10,0.2857142857142857,6
F15,201,0.42857142857142855,1.475076311054695,1.1666666666666667,XMEAS8-XMEAS9,0.42857142857142855,5
F15,202,0.42857142857142855,1.475076311054695,1.4,XMEAS9-XMEAS10,0.42857142857142855,5
F15,203,0.2857142857142857,1.549826045878202,1.1666666666666667,XMEAS8-XMEAS10,0.2857142857142857,5
F15,204,0.5714285714285714,0.9556998911125343,1.4,XMEAS8-XMEAS9,0.5714285714285714,3
F15,205,0.42857142857142855,1.2770342594661392,1.4,XMEAS8-XMEAS9,0.42857142857142855,4
F15,206,0.5714285714285714,1.1537419427010902,1.75,XMEAS7-XMEAS10,0.5714285714285714,4
F15,207,0.2857142857142857,1.351783994289646,1.4,XMEAS7-XMEAS10,0.2857142857142857,4
F15,208,0.2857142857142857,1.351783994289646,1.0,XMEAS8-XMEAS9,0.2857142857142857,4
F15,209,0.2857142857142857,1.7478680974667573,1.1666666666666667,XMEAS7-XMEAS10,0.2857142857142857,6
F15,210,0.2857142857142857,1.7478680974667578,1.1666666666666667,XMEAS8-XMEAS9,0.2857142857142857,6
F15,211,0.42857142857142855,1.277034259466139,1.75,XMEAS9-XMEAS10,0.42857142857142855,4
F15,212,0.42857142857142855,1.2770342594661392,1.0,XMEAS8-XMEAS10,0.42857142857142855,4
F15,213,0.2857142857142857,1.5498260458782018,1.1666666666666667,XMEAS9-XMEAS10,0.2857142857142857,5
F15,214,0.2857142857142857,1.5498260458782016,1.0,XMEAS10-XMEAS11,0.2857142857142857,5
F15,215,0.2857142857142857,1.5498260458782016,1.0,XMEAS8-XMEAS9,0.2857142857142857,5
F15,216,0.42857142857142855,1.277034259466139,1.1666666666666667,XMEAS8-XMEAS9,0.42857142857142855,4
F15,217,0.2857142857142857,1.351783994289646,1.4,XMEAS8-XMEAS9,0.2857142857142857,4
F15,218,0.42857142857142855,1.2770342594661392,1.75,XMEAS8-XMEAS9,0.42857142857142855,4
F15,219,0.2857142857142857,1.7478680974667578,1.0,XMEAS8-XMEAS9,0.2857142857142857,6
F15,220,0.2857142857142857,1.7478680974667578,1.0,XMEAS8-XMEAS10,0.2857142857142857,6
F15,221,0.2857142857142857,1.5498260458782016,1.0,XMEAS10-XMEAS11,0.2857142857142857,5
F15,222,0.42857142857142855,1.277034259466139,1.4,XMEAS8-XMEAS9,0.42857142857142855,4
F15,223,0.2857142857142857,1.7478680974667578,1.0,XMEAS8-XMEAS9,0.2857142857142857,6
F15,224,0.42857142857142855,1.475076311054695,1.4,XMEAS8-XMEAS9,0.42857142857142855,5
F15,225,0.2857142857142857,1.351783994289646,1.4,XMEAS8-XMEAS11,0.2857142857142857,4
F15,226,0.42857142857142855,1.277034259466139,1.0,XMEAS7-XMEAS10,0.42857142857142855,4
F15,227,0.42857142857142855,1.475076311054695,1.1666666666666667,XMEAS8-XMEAS9,0.42857142857142855,5
F15,228,0.2857142857142857,1.7478680974667578,1.0,XMEAS10-XMEAS11,0.2857142857142857,6
F15,229,0.2857142857142857,1.351783994289646,1.0,XMEAS8-XMEAS11,0.2857142857142857,4
F15,230,0.42857142857142855,1.2770342594661392,1.4,XMEAS8-XMEAS10,0.42857142857142855,4
F15,231,0.42857142857142855,1.475076311054695,1.1666666666666667,XMEAS8-XMEAS10,0.42857142857142855,5
F15,232,0.42857142857142855,1.475076311054695,1.1666666666666667,XMEAS10-XMEAS11,0.42857142857142855,5
F15,233,0.42857142857142855,1.475076311054695,1.1666666666666667,XMEAS8-XMEAS9,0.42857142857142855,5
F15,234,0.2857142857142857,1.7478680974667578,1.0,XMEAS8-XMEAS10,0.2857142857142857,6
F15,235,0.2857142857142857,1.7478680974667578,1.0,XMEAS8-XMEAS9,0.2857142857142857,6
F15,236,0.2857142857142857,1.351783994289646,1.1666666666666667,XMEAS8-XMEAS10,0.2857142857142857,4
F15,237,0.2857142857142857,1.5498260458782016,1.1666666666666667,XMEAS8-XMEAS10,0.2857142857142857,5
F15,238,0.2857142857142857,1.351783994289646,1.1666666666666667,XMEAS8-XMEAS9,0.2857142857142857,4
F15,239,0.14285714285714285,1.945910149055314,1.0,XMEAS8-XMEAS10,0.14285714285714285,7
F15,240,0.2857142857142857,1.549826045878202,1.4,XMEAS8-XMEAS10,0.2857142857142857,5
F15,241,0.2857142857142857,1.351783994289646,1.0,XMEAS7-XMEAS10,0.2857142857142857,4
F15,242,0.2857142857142857,1.7478680974667578,1.0,XMEAS8-XMEAS10,0.2857142857142857,6
F15,243,0.2857142857142857,1.351783994289646,1.1666666666666667,XMEAS10-XMEAS11,0.2857142857142857,4
F15,244,0.2857142857142857,1.7478680974667578,1.0,XMEAS8-XMEAS10,0.2857142857142857,6
F15,245,0.2857142857142857,1.549826045878202,1.1666666666666667,XMEAS9-XMEAS10,0.2857142857142857,5
F15,246,0.42857142857142855,1.0789922078775833,1.1666666666666667,XMEAS8-XMEAS9,0.42857142857142855,3
F15,247,0.2857142857142857,1.549826045878202,1.0,XMEAS8-XMEAS10,0.2857142857142857,5
F15,248,0.2857142857142857,1.7478680974667578,1.1666666666666667,XMEAS8-XMEAS9,0.2857142857142857,6
F15,249,0.42857142857142855,1.277034259466139,1.4,XMEAS8-XMEAS9,0.42857142857142855,4
F15,250,0.2857142857142857,1.7478680974667578,1.0,XMEAS7-XMEAS9,0.2857142857142857,6
F15,251,0.5714285714285714,0.9556998911125343,1.4,XMEAS8-XMEAS10,0.5714285714285714,3
F15,252,0.5714285714285714,0.9556998911125343,1.1666666666666667,XMEAS8-XMEAS9,0.5714285714285714,3
F15,253,0.2857142857142857,1.7478680974667578,1.0,XMEAS8-XMEAS9,0.2857142857142857,6
F15,254,0.2857142857142857,1.549826045878202,1.1666666666666667,XMEAS8-XMEAS11,0.2857142857142857,5
F15,255,0.2857142857142857,1.7478680974667578,1.0,XMEAS8-XMEAS9,0.2857142857142857,6
F15,256,0.42857142857142855,1.2770342594661392,1.75,XMEAS8-XMEAS9,0.42857142857142855,4
F15,257,0.2857142857142857,1.7478680974667578,1.0,XMEAS7-XMEAS8,0.2857142857142857,6
F15,258,0.42857142857142855,1.475076311054695,1.1666666666666667,XMEAS8-XMEAS9,0.42857142857142855,5
F15,259,0.2857142857142857,1.5498260458782016,1.1666666666666667,XMEAS7-XMEAS8,0.2857142857142857,5
F15,260,0.42857142857142855,1.0789922078775833,1.1666666666666667,XMEAS9-XMEAS11,0.42857142857142855,3
F15,261,0.42857142857142855,1.2770342594661392,1.1666666666666667,XMEAS8-XMEAS9,0.42857142857142855,4
F15,262,0.5714285714285714,1.1537419427010902,1.1666666666666667,XMEAS10-XMEAS11,0.5714285714285714,4
F15,263,0.14285714285714285,1.945910149055314,1.0,XMEAS10-XMEAS11,0.14285714285714285,7
F15,264,0.2857142857142857,1.5498260458782018,1.1666666666666667,XMEAS10-XMEAS11,0.2857142857142857,5
F15,265,0.2857142857142857,1.7478680974667578,1.0,XMEAS7-XMEAS9,0.2857142857142857,6
F15,266,0.2857142857142857,1.5498260458782016,1.1666666666666667,XMEAS7-XMEAS9,0.2857142857142857,5
F15,267,0.2857142857142857,1.351783994289646,1.1666666666666667,XMEAS7-XMEAS8,0.2857142857142857,4
F15,268,0.42857142857142855,1.475076311054695,1.4,XMEAS8-XMEAS9,0.42857142857142855,5
F15,269,0.42857142857142855,1.475076311054695,1.1666666666666667,XMEAS8-XMEAS9,0.42857142857142855,5
F15,270,0.2857142857142857,1.7478680974667578,1.0,XMEAS7-XMEAS9,0.2857142857142857,6
F15,271,0.42857142857142855,1.2770342594661392,1.1666666666666667,XMEAS9-XMEAS11,0.42857142857142855,4
F15,272,0.2857142857142857,1.549826045878202,1.0,XMEAS8-XMEAS9,0.2857142857142857,5
F15,273,0.42857142857142855,1.2770342594661392,1.4,XMEAS8-XMEAS9,0.42857142857142855,4
F15,274,0.42857142857142855,1.2770342594661392,1.1666666666666667,XMEAS8-XMEAS9,0.42857142857142855,4
F15,275,0.42857142857142855,1.475076311054695,1.0,XMEAS8-XMEAS9,0.42857142857142855,5
F15,276,0.2857142857142857,1.351783994289646,1.0,XMEAS8-XMEAS11,0.2857142857142857,4
F15,277,0.2857142857142857,1.7478680974667578,1.0,XMEAS8-XMEAS10,0.2857142857142857,6
F15,278,0.2857142857142857,1.549826045878202,1.1666666666666667,XMEAS8-XMEAS9,0.2857142857142857,5
F15,279,0.2857142857142857,1.351783994289646,1.4,XMEAS7-XMEAS9,0.2857142857142857,4
F15,280,0.2857142857142857,1.7478680974667573,1.1666666666666667,XMEAS9-XMEAS11,0.2857142857142857,6
F15,281,0.2857142857142857,1.7478680974667578,1.0,XMEAS8-XMEAS9,0.2857142857142857,6
F15,282,0.14285714285714285,1.945910149055314,1.0,XMEAS8-XMEAS10,0.14285714285714285,7
F15,283,0.2857142857142857,1.549826045878202,1.0,XMEAS8-XMEAS9,0.2857142857142857,5
F15,284,0.2857142857142857,1.549826045878202,1.1666666666666667,XMEAS8-XMEAS10,0.2857142857142857,5
F15,285,0.2857142857142857,1.549826045878202,1.0,XMEAS8-XMEAS9,0.2857142857142857,5
F15,286,0.2857142857142857,1.7478680974667573,1.1666666666666667,XMEAS7-XMEAS8,0.2857142857142857,6
F15,287,0.2857142857142857,1.5498260458782016,1.0,XMEAS10-XMEAS11,0.2857142857142857,5
F15,288,0.2857142857142857,1.549826045878202,1.1666666666666667,XMEAS8-XMEAS9,0.2857142857142857,5
F15,289,0.14285714285714285,1.945910149055314,1.0,XMEAS8-XMEAS9,0.14285714285714285,7
F15,290,0.2857142857142857,1.351783994289646,1.1666666666666667,XMEAS8-XMEAS9,0.2857142857142857,4
F15,291,0.2857142857142857,1.7478680974667573,1.0,XMEAS8-XMEAS9,0.2857142857142857,6
F15,292,0.2857142857142857,1.7478680974667578,1.0,XMEAS7-XMEAS8,0.2857142857142857,6
F15,293,0.2857142857142857,1.549826045878202,1.1666666666666667,XMEAS9-XMEAS11,0.2857142857142857,5
F15,294,0.2857142857142857,1.7478680974667578,1.0,XMEAS8-XMEAS9,0.2857142857142857,6
F15,295,0.2857142857142857,1.5498260458782016,1.0,XMEAS8-XMEAS9,0.2857142857142857,5
F15,296,0.42857142857142855,1.475076311054695,1.1666666666666667,XMEAS8-XMEAS9,0.42857142857142855,5
F15,297,0.42857142857142855,1.277034259466139,1.0,XMEAS8-XMEAS9,0.42857142857142855,4
F15,298,0.2857142857142857,1.549826045878202,1.0,XMEAS8-XMEAS9,0.2857142857142857,5
F15,299,0.42857142857142855,1.2770342594661392,1.0,XMEAS8-XMEAS10,0.42857142857142855,4
F15,300,0.2857142857142857,1.5498260458782016,1.1666666666666667,XMEAS8-XMEAS11,0.2857142857142857,5
F15,301,0.42857142857142855,1.2770342594661392,1.4,XMEAS8-XMEAS9,0.42857142857142855,4
F15,302,0.42857142857142855,1.2770342594661392,1.0,XMEAS8-XMEAS9,0.42857142857142855,4
F15,303,0.2857142857142857,1.7478680974667578,1.0,XMEAS8-XMEAS10,0.2857142857142857,6
F15,304,0.42857142857142855,1.2770342594661392,1.0,XMEAS8-XMEAS9,0.42857142857142855,4
F15,305,0.2857142857142857,1.5498260458782016,1.0,XMEAS8-XMEAS9,0.2857142857142857,5
F15,306,0.2857142857142857,1.5498260458782018,1.1666666666666667,XMEAS8-XMEAS10,0.2857142857142857,5
F15,307,0.42857142857142855,1.2770342594661392,1.1666666666666667,XMEAS9-XMEAS10,0.42857142857142855,4
F15,308,0.42857142857142855,1.475076311054695,1.1666666666666667,XMEAS8-XMEAS10,0.42857142857142855,5
F15,309,0.42857142857142855,1.277034259466139,1.4,XMEAS8-XMEAS10,0.42857142857142855,4
F15,310,0.2857142857142857,1.7478680974667578,1.0,XMEAS8-XMEAS10,0.2857142857142857,6
F15,311,0.42857142857142855,1.0789922078775833,2.3333333333333335,XMEAS10-XMEAS11,0.42857142857142855,3
F15,312,0.2857142857142857,1.7478680974667578,1.0,XMEAS8-XMEAS9,0.2857142857142857,6
F15,313,0.42857142857142855,1.475076311054695,1.1666666666666667,XMEAS8-XMEAS11,0.42857142857142855,5
F15,314,0.7142857142857143,0.7963116401738131,1.75,XMEAS8-XMEAS9,0.7142857142857143,3
F15,315,0.42857142857142855,1.475076311054695,1.1666666666666667,XMEAS8-XMEAS9,0.42857142857142855,5
F15,316,0.2857142857142857,1.549826045878202,1.0,XMEAS8-XMEAS10,0.2857142857142857,5
F15,317,0.7142857142857143,0.7963116401738131,1.4,XMEAS8-XMEAS9,0.7142857142857143,3
F15,318,0.2857142857142857,1.7478680974667578,1.1666666666666667,XMEAS8-XMEAS9,0.2857142857142857,6
F15,319,0.42857142857142855,1.2770342594661392,1.4,XMEAS8-XMEAS9,0.42857142857142855,4
F15,320,0.2857142857142857,1.7478680974667578,1.0,XMEAS8-XMEAS9,0.2857142857142857,6
F15,321,0.42857142857142855,1.475076311054695,1.1666666666666667,XMEAS10-XMEAS11,0.42857142857142855,5
F15,322,0.42857142857142855,1.0042424730540764,1.4,XMEAS8-XMEAS9,0.42857142857142855,3
F15,323,0.2857142857142857,1.549826045878202,1.1666666666666667,XMEAS7-XMEAS10,0.2857142857142857,5
F15,324,0.2857142857142857,1.5498260458782016,1.1666666666666667,XMEAS8-XMEAS11,0.2857142857142857,5
F15,325,0.42857142857142855,1.277034259466139,1.1666666666666667,XMEAS8-XMEAS9,0.42857142857142855,4
F15,326,0.42857142857142855,1.475076311054695,1.0,XMEAS8-XMEAS11,0.42857142857142855,5
F15,327,0.42857142857142855,1.475076311054695,1.0,XMEAS8-XMEAS9,0.42857142857142855,5
F15,328,0.42857142857142855,1.2770342594661392,1.4,XMEAS8-XMEAS9,0.42857142857142855,4
F15,329,0.2857142857142857,1.549826045878202,1.4,XMEAS9-XMEAS10,0.2857142857142857,5
F15,330,0.5714285714285714,1.15374194270109,1.4,XMEAS8-XMEAS9,0.5714285714285714,4
F15,331,0.2857142857142857,1.5498260458782016,1.1666666666666667,XMEAS8-XMEAS10,0.2857142857142857,5
F15,332,0.42857142857142855,1.4750763110546947,1.1666666666666667,XMEAS9-XMEAS10,0.42857142857142855,5
F15,333,0.42857142857142855,1.475076311054695,1.0,XMEAS8-XMEAS9,0.42857142857142855,5
F15,334,0.2857142857142857,1.549826045878202,1.1666666666666667,XMEAS8-XMEAS9,0.2857142857142857,5
F15,335,0.42857142857142855,1.4750763110546947,1.1666666666666667,XMEAS8-XMEAS9,0.42857142857142855,5
F15,336,0.2857142857142857,1.549826045878202,1.0,XMEAS9-XMEAS10,0.2857142857142857,5
F15,337,0.14285714285714285,1.945910149055314,1.0,XMEAS8-XMEAS11,0.14285714285714285,7
F15,338,0.2857142857142857,1.7478680974667578,1.0,XMEAS10-XMEAS11,0.2857142857142857,6
F15,339,0.42857142857142855,1.2770342594661392,1.1666666666666667,XMEAS8-XMEAS10,0.42857142857142855,4
F15,340,0.2857142857142857,1.549826045878202,1.0,XMEAS8-XMEAS9,0.2857142857142857,5
F15,341,0.2857142857142857,1.5498260458782018,1.1666666666666667,XMEAS7-XMEAS9,0.2857142857142857,5
F15,342,0.42857142857142855,1.2770342594661392,1.4,XMEAS10-XMEAS11,0.42857142857142855,4
F15,343,0.2857142857142857,1.7478680974667578,1.0,XMEAS7-XMEAS8,0.2857142857142857,6
F15,344,0.42857142857142855,1.2770342594661392,1.75,XMEAS8-XMEAS9,0.42857142857142855,4
F15,345,0.14285714285714285,1.945910149055314,1.0,XMEAS8-XMEAS10,0.14285714285714285,7
F15,346,0.2857142857142857,1.7478680974667578,1.0,XMEAS10-XMEAS11,0.2857142857142857,6
F15,347,0.42857142857142855,1.2770342594661392,1.1666666666666667,XMEAS8-XMEAS9,0.42857142857142855,4
F15,348,0.2857142857142857,1.7478680974667578,1.1666666666666667,XMEAS8-XMEAS9,0.2857142857142857,6
F15,349,0.42857142857142855,1.0042424730540764,1.1666666666666667,XMEAS8-XMEAS11,0.42857142857142855,3
F15,350,0.42857142857142855,1.475076311054695,1.1666666666666667,XMEAS8-XMEAS11,0.42857142857142855,5
F15,351,0.42857142857142855,1.4750763110546947,1.4,XMEAS8-XMEAS9,0.42857142857142855,5
F15,352,0.2857142857142857,1.5498260458782018,1.4,XMEAS9-XMEAS10,0.2857142857142857,5
F15,353,0.14285714285714285,1.945910149055314,1.0,XMEAS8-XMEAS10,0.14285714285714285,7
F15,354,0.2857142857142857,1.351783994289646,1.4,XMEAS8-XMEAS10,0.2857142857142857,4
F15,355,0.2857142857142857,1.7478680974667578,1.0,XMEAS10-XMEAS11,0.2857142857142857,6
F15,356,0.2857142857142857,1.549826045878202,1.0,XMEAS7-XMEAS8,0.2857142857142857,5
F15,357,0.42857142857142855,1.0042424730540764,1.4,XMEAS8-XMEAS11,0.42857142857142855,3
F15,358,0.2857142857142857,1.549826045878202,1.0,XMEAS7-XMEAS10,0.2857142857142857,5
F15,359,0.42857142857142855,1.277034259466139,1.1666666666666667,XMEAS8-XMEAS9,0.42857142857142855,4
F15,360,0.2857142857142857,1.549826045878202,1.1666666666666667,XMEAS7-XMEAS10,0.2857142857142857,5
F15,361,0.2857142857142857,1.5498260458782016,1.4,XMEAS8-XMEAS9,0.2857142857142857,5
F15,362,0.2857142857142857,1.7478680974667578,1.0,XMEAS8-XMEAS9,0.2857142857142857,6
F15,363,0.42857142857142855,1.277034259466139,1.0,XMEAS8-XMEAS10,0.42857142857142855,4
F15,364,0.42857142857142855,1.475076311054695,1.0,XMEAS8-XMEAS11,0.42857142857142855,5
F15,365,0.2857142857142857,1.7478680974667578,1.1666666666666667,XMEAS8-XMEAS10,0.2857142857142857,6
F15,366,0.42857142857142855,1.2770342594661392,1.4,XMEAS8-XMEAS9,0.42857142857142855,4
F15,367,0.5714285714285714,1.1537419427010902,1.1666666666666667,XMEAS8-XMEAS9,0.5714285714285714,4
F15,368,0.2857142857142857,1.5498260458782016,1.4,XMEAS7-XMEAS10,0.2857142857142857,5
F15,369,0.2857142857142857,1.549826045878202,1.1666666666666667,XMEAS8-XMEAS10,0.2857142857142857,5
F15,370,0.2857142857142857,1.549826045878202,1.1666666666666667,XMEAS10-XMEAS11,0.2857142857142857,5
F15,371,0.2857142857142857,1.7478680974667578,1.0,XMEAS8-XMEAS10,0.2857142857142857,6
F15,372,0.42857142857142855,1.475076311054695,1.1666666666666667,XMEAS8-XMEAS9,0.42857142857142855,5
F15,373,0.2857142857142857,1.5498260458782018,1.1666666666666667,XMEAS10-XMEAS11,0.2857142857142857,5
F15,374,0.42857142857142855,1.0789922078775833,1.1666666666666667,XMEAS8-XMEAS10,0.42857142857142855,3
F15,375,0.2857142857142857,1.5498260458782016,1.0,XMEAS10-XMEAS11,0.2857142857142857,5
F15,376,0.2857142857142857,1.549826045878202,1.1666666666666667,XMEAS7-XMEAS9,0.2857142857142857,5
F15,377,0.2857142857142857,1.5498260458782016,1.4,XMEAS10-XMEAS11,0.2857142857142857,5
F15,378,0.42857142857142855,1.4750763110546947,1.4,XMEAS7-XMEAS10,0.42857142857142855,5
F15,379,0.42857142857142855,1.475076311054695,1.1666666666666667,XMEAS8-XMEAS10,0.42857142857142855,5
F15,380,0.42857142857142855,1.2770342594661392,1.1666666666666667,XMEAS10-XMEAS11,0.42857142857142855,4
F15,381,0.2857142857142857,1.5498260458782016,1.1666666666666667,XMEAS9-XMEAS10,0.2857142857142857,5
F15,382,0.42857142857142855,1.277034259466139,1.0,XMEAS7-XMEAS9,0.42857142857142855,4
F15,383,0.42857142857142855,1.0789922078775833,1.0,XMEAS8-XMEAS10,0.42857142857142855,3
F15,384,0.2857142857142857,1.351783994289646,1.4,XMEAS10-XMEAS11,0.2857142857142857,4
F15,385,0.2857142857142857,1.549826045878202,1.1666666666666667,XMEAS9-XMEAS11,0.2857142857142857,5
F15,386,0.42857142857142855,1.277034259466139,1.1666666666666667,XMEAS8-XMEAS9,0.42857142857142855,4
F15,387,0.2857142857142857,1.549826045878202,1.0,XMEAS8-XMEAS11,0.2857142857142857,5
F15,388,0.2857142857142857,1.549826045878202,1.1666666666666667,XMEAS7-XMEAS10,0.2857142857142857,5
F15,389,0.2857142857142857,1.549826045878202,1.0,XMEAS10-XMEAS11,0.2857142857142857,5
F15,390,0.2857142857142857,1.7478680974667573,1.0,XMEAS8-XMEAS9,0.2857142857142857,6
F15,391,0.2857142857142857,1.549826045878202,1.4,XMEAS7-XMEAS10,0.2857142857142857,5
F15,392,0.42857142857142855,1.475076311054695,1.1666666666666667,XMEAS8-XMEAS9,0.42857142857142855,5
F15,393,0.2857142857142857,1.7478680974667578,1.1666666666666667,XMEAS9-XMEAS10,0.2857142857142857,6
F15,394,0.2857142857142857,1.549826045878202,1.0,XMEAS8-XMEAS9,0.2857142857142857,5
F15,395,0.2857142857142857,1.7478680974667578,1.0,XMEAS8-XMEAS9,0.2857142857142857,6
F15,396,0.5714285714285714,1.1537419427010902,1.0,XMEAS8-XMEAS9,0.5714285714285714,4
F15,397,0.2857142857142857,1.7478680974667578,1.1666666666666667,XMEAS7-XMEAS8,0.2857142857142857,6
F15,398,0.2857142857142857,1.7478680974667578,1.0,XMEAS8-XMEAS9,0.2857142857142857,6
F15,399,0.42857142857142855,1.475076311054695,1.1666666666666667,XMEAS7-XMEAS8,0.42857142857142855,5
F15,400,0.2857142857142857,1.7478680974667578,1.0,XMEAS8-XMEAS9,0.2857142857142857,6
F15,401,0.5714285714285714,0.9556998911125343,1.1666666666666667,XMEAS8-XMEAS9,0.5714285714285714,3
F15,402,0.42857142857142855,1.475076311054695,1.1666666666666667,XMEAS7-XMEAS10,0.42857142857142855,5
F15,403,0.42857142857142855,1.475076311054695,1.1666666666666667,XMEAS8-XMEAS9,0.42857142857142855,5
F15,404,0.42857142857142855,1.475076311054695,1.0,XMEAS7-XMEAS10,0.42857142857142855,5
F15,405,0.2857142857142857,1.5498260458782016,1.1666666666666667,XMEAS8-XMEAS9,0.2857142857142857,5
F15,406,0.14285714285714285,1.945910149055314,1.0,XMEAS9-XMEAS11,0.14285714285714285,7
F15,407,0.5714285714285714,1.1537419427010902,1.4,XMEAS8-XMEAS10,0.5714285714285714,4
F15,408,0.42857142857142855,1.475076311054695,1.1666666666666667,XMEAS8-XMEAS9,0.42857142857142855,5
F15,409,0.42857142857142855,1.277034259466139,1.1666666666666667,XMEAS8-XMEAS9,0.42857142857142855,4
F15,410,0.42857142857142855,1.277034259466139,1.1666666666666667,XMEAS8-XMEAS10,0.42857142857142855,4
F15,411,0.2857142857142857,1.5498260458782016,1.0,XMEAS9-XMEAS10,0.2857142857142857,5
F15,412,0.2857142857142857,1.5498260458782016,1.0,XMEAS8-XMEAS9,0.2857142857142857,5
F15,413,0.2857142857142857,1.5498260458782016,1.1666666666666667,XMEAS7-XMEAS10,0.2857142857142857,5
F15,414,0.2857142857142857,1.549826045878202,1.0,XMEAS10-XMEAS11,0.2857142857142857,5
F15,415,0.5714285714285714,1.1537419427010902,1.1666666666666667,XMEAS8-XMEAS9,0.5714285714285714,4
F15,416,0.2857142857142857,1.7478680974667578,1.0,XMEAS9-XMEAS11,0.2857142857142857,6
F15,417,0.2857142857142857,1.7478680974667578,1.0,XMEAS10-XMEAS11,0.2857142857142857,6
F15,418,0.2857142857142857,1.5498260458782018,1.1666666666666667,XMEAS8-XMEAS10,0.2857142857142857,5
F15,419,0.42857142857142855,1.475076311054695,1.1666666666666667,XMEAS7-XMEAS8,0.42857142857142855,5
F15,420,0.42857142857142855,1.0042424730540764,1.4,XMEAS9-XMEAS10,0.42857142857142855,3
F15,421,0.2857142857142857,1.7478680974667578,1.0,XMEAS9-XMEAS11,0.2857142857142857,6
F15,422,0.2857142857142857,1.549826045878202,1.0,XMEAS8-XMEAS9,0.2857142857142857,5
F15,423,0.2857142857142857,1.7478680974667578,1.0,XMEAS8-XMEAS9,0.2857142857142857,6
F15,424,0.2857142857142857,1.549826045878202,1.4,XMEAS8-XMEAS10,0.2857142857142857,5
F15,425,0.2857142857142857,1.5498260458782018,1.0,XMEAS8-XMEAS9,0.2857142857142857,5
F15,426,0.2857142857142857,1.7478680974667578,1.1666666666666667,XMEAS8-XMEAS10,0.2857142857142857,6
F15,427,0.2857142857142857,1.5498260458782016,1.0,XMEAS8-XMEAS9,0.2857142857142857,5
F15,428,0.5714285714285714,0.9556998911125343,1.1666666666666667,XMEAS10-XMEAS11,0.5714285714285714,3
F15,429,0.42857142857142855,1.475076311054695,1.0,XMEAS10-XMEAS11,0.42857142857142855,5
F15,430,0.42857142857142855,1.0042424730540764,1.4,XMEAS8-XMEAS10,0.42857142857142855,3
F15,431,0.2857142857142857,1.5498260458782016,1.0,XMEAS10-XMEAS11,0.2857142857142857,5
F15,432,0.14285714285714285,1.945910149055314,1.0,XMEAS7-XMEAS10,0.14285714285714285,7
F15,433,0.42857142857142855,1.475076311054695,1.1666666666666667,XMEAS8-XMEAS10,0.42857142857142855,5
F15,434,0.2857142857142857,1.7478680974667578,1.1666666666666667,XMEAS8-XMEAS9,0.2857142857142857,6
F15,435,0.2857142857142857,1.549826045878202,1.0,XMEAS8-XMEAS9,0.2857142857142857,5
F15,436,0.2857142857142857,1.7478680974667578,1.0,XMEAS8-XMEAS10,0.2857142857142857,6
F15,437,0.2857142857142857,1.7478680974667578,1.0,XMEAS10-XMEAS11,0.2857142857142857,6
F15,438,0.42857142857142855,1.475076311054695,1.1666666666666667,XMEAS8-XMEAS10,0.42857142857142855,5
F15,439,0.42857142857142855,1.475076311054695,1.1666666666666667,XMEAS10-XMEAS11,0.42857142857142855,5
F15,440,0.42857142857142855,1.0042424730540764,1.1666666666666667,XMEAS8-XMEAS10,0.42857142857142855,3
F15,441,0.2857142857142857,1.549826045878202,1.0,XMEAS8-XMEAS10,0.2857142857142857,5
F15,442,0.2857142857142857,1.7478680974667573,1.1666666666666667,XMEAS10-XMEAS11,0.2857142857142857,6
F15,443,0.2857142857142857,1.549826045878202,1.4,XMEAS8-XMEAS11,0.2857142857142857,5
F15,444,0.42857142857142855,1.475076311054695,1.1666666666666667,XMEAS8-XMEAS10,0.42857142857142855,5
F15,445,0.2857142857142857,1.7478680974667573,1.0,XMEAS7-XMEAS10,0.2857142857142857,6
F15,446,0.42857142857142855,1.277034259466139,1.1666666666666667,XMEAS8-XMEAS9,0.42857142857142855,4
F15,447,0.42857142857142855,1.475076311054695,1.0,XMEAS8-XMEAS9,0.42857142857142855,5
F15,448,0.5714285714285714,1.1537419427010902,1.1666666666666667,XMEAS8-XMEAS11,0.5714285714285714,4
F15,449,0.42857142857142855,1.277034259466139,1.1666666666666667,XMEAS8-XMEAS9,0.42857142857142855,4
F15,450,0.42857142857142855,1.277034259466139,1.1666666666666667,XMEAS8-XMEAS9,0.42857142857142855,4
F15,451,0.5714285714285714,0.9556998911125343,1.4,XMEAS9-XMEAS11,0.5714285714285714,3
F15,452,0.42857142857142855,1.2770342594661392,1.1666666666666667,XMEAS10-XMEAS11,0.42857142857142855,4
F15,453,0.2857142857142857,1.549826045878202,1.0,XMEAS8-XMEAS9,0.2857142857142857,5
F15,454,0.2857142857142857,1.549826045878202,1.0,XMEAS10-XMEAS11,0.2857142857142857,5
F15,455,0.2857142857142857,1.549826045878202,1.0,XMEAS8-XMEAS10,0.2857142857142857,5
F15,456,0.2857142857142857,1.7478680974667578,1.0,XMEAS8-XMEAS10,0.2857142857142857,6
F15,457,0.5714285714285714,0.9556998911125343,1.1666666666666667,XMEAS8-XMEAS9,0.5714285714285714,3
F15,458,0.2857142857142857,1.7478680974667573,1.1666666666666667,XMEAS8-XMEAS10,0.2857142857142857,6
F15,459,0.2857142857142857,1.549826045878202,1.0,XMEAS8-XMEAS10,0.2857142857142857,5
F15,460,0.2857142857142857,1.549826045878202,1.1666666666666667,XMEAS8-XMEAS9,0.2857142857142857,5
F15,461,0.42857142857142855,1.277034259466139,1.1666666666666667,XMEAS10-XMEAS11,0.42857142857142855,4
F15,462,0.2857142857142857,1.5498260458782016,1.1666666666666667,XMEAS8-XMEAS10,0.2857142857142857,5
F15,463,0.42857142857142855,1.475076311054695,1.1666666666666667,XMEAS8-XMEAS10,0.42857142857142855,5
F15,464,0.2857142857142857,1.351783994289646,1.0,XMEAS8-XMEAS9,0.2857142857142857,4
F15,465,0.42857142857142855,1.475076311054695,1.0,XMEAS10-XMEAS11,0.42857142857142855,5
F15,466,0.42857142857142855,1.475076311054695,1.1666666666666667,XMEAS7-XMEAS8,0.42857142857142855,5
F15,467,0.42857142857142855,1.277034259466139,1.1666666666666667,XMEAS8-XMEAS9,0.42857142857142855,4
F15,468,0.42857142857142855,1.475076311054695,1.1666666666666667,XMEAS8-XMEAS9,0.42857142857142855,5
F15,469,0.2857142857142857,1.7478680974667578,1.0,XMEAS8-XMEAS10,0.2857142857142857,6
F15,470,0.2857142857142857,1.549826045878202,1.0,XMEAS8-XMEAS10,0.2857142857142857,5
F15,471,0.2857142857142857,1.5498260458782016,1.1666666666666667,XMEAS7-XMEAS8,0.2857142857142857,5
F15,472,0.5714285714285714,0.9556998911125343,1.75,XMEAS7-XMEAS8,0.5714285714285714,3
F15,473,0.2857142857142857,1.7478680974667578,1.0,XMEAS8-XMEAS10,0.2857142857142857,6
F15,474,0.5714285714285714,1.1537419427010902,1.4,XMEAS8-XMEAS9,0.5714285714285714,4
F15,475,0.5714285714285714,1.1537419427010902,1.75,XMEAS10-XMEAS11,0.5714285714285714,4
F15,476,0.2857142857142857,1.5498260458782016,1.1666666666666667,XMEAS7-XMEAS9,0.2857142857142857,5
F15,477,0.2857142857142857,1.7478680974667578,1.0,XMEAS8-XMEAS9,0.2857142857142857,6
F15,478,0.42857142857142855,1.2770342594661392,1.1666666666666667,XMEAS8-XMEAS9,0.42857142857142855,4
F15,479,0.2857142857142857,1.549826045878202,1.0,XMEAS8-XMEAS10,0.2857142857142857,5
F15,480,0.2857142857142857,1.549826045878202,1.1666666666666667,XMEAS8-XMEAS10,0.2857142857142857,5
F15,481,0.2857142857142857,1.549826045878202,1.0,XMEAS8-XMEAS9,0.2857142857142857,5
F15,482,0.42857142857142855,1.0789922078775833,1.4,XMEAS10-XMEAS11,0.42857142857142855,3
F15,483,0.42857142857142855,1.0042424730540764,1.0,XMEAS8-XMEAS9,0.42857142857142855,3
F15,484,0.2857142857142857,1.5498260458782016,1.0,XMEAS8-XMEAS11,0.2857142857142857,5
F15,485,0.42857142857142855,1.277034259466139,1.1666666666666667,XMEAS8-XMEAS9,0.42857142857142855,4
F15,486,0.42857142857142855,1.277034259466139,1.1666666666666667,XMEAS8-XMEAS9,0.42857142857142855,4
F15,487,0.42857142857142855,1.2770342594661392,1.0,XMEAS8-XMEAS9,0.42857142857142855,4
F15,488,0.42857142857142855,1.475076311054695,1.1666666666666667,XMEAS8-XMEAS9,0.42857142857142855,5
F15,489,0.2857142857142857,1.351783994289646,1.4,XMEAS8-XMEAS10,0.2857142857142857,4
F15,490,0.2857142857142857,1.549826045878202,1.0,XMEAS7-XMEAS8,0.2857142857142857,5
F15,491,0.42857142857142855,1.475076311054695,1.1666666666666667,XMEAS10-XMEAS11,0.42857142857142855,5
F15,492,0.2857142857142857,1.549826045878202,1.0,XMEAS8-XMEAS10,0.2857142857142857,5
F15,493,0.2857142857142857,1.7478680974667578,1.0,XMEAS7-XMEAS10,0.2857142857142857,6
F15,494,0.2857142857142857,1.549826045878202,1.0,XMEAS8-XMEAS11,0.2857142857142857,5
F15,495,0.42857142857142855,1.2770342594661392,1.1666666666666667,XMEAS10-XMEAS11,0.42857142857142855,4
F15,496,0.5714285714285714,1.15374194270109,1.4,XMEAS8-XMEAS9,0.5714285714285714,4
F15,497,0.2857142857142857,1.7478680974667578,1.0,XMEAS8-XMEAS9,0.2857142857142857,6
F15,498,0.2857142857142857,1.549826045878202,1.1666666666666667,XMEAS10-XMEAS11,0.2857142857142857,5
F15,499,0.2857142857142857,1.7478680974667578,1.0,XMEAS10-XMEAS11,0.2857142857142857,6
F15,500,0.42857142857142855,1.277034259466139,1.1666666666666667,XMEAS8-XMEAS10,0.42857142857142855,4
F16,1,0.2857142857142857,1.549826045878202,1.1666666666666667,XMEAS9-XMEAS11,0.2857142857142857,5
F16,2,0.2857142857142857,1.5498260458782018,1.1666666666666667,XMEAS7-XMEAS9,0.2857142857142857,5
F16,3,0.2857142857142857,1.5498260458782018,1.4,XMEAS10-XMEAS11,0.2857142857142857,5
F16,4,0.2857142857142857,1.7478680974667578,1.0,XMEAS8-XMEAS11,0.2857142857142857,6
F16,5,0.2857142857142857,1.351783994289646,1.0,XMEAS10-XMEAS11,0.2857142857142857,4
F16,6,0.5714285714285714,1.1537419427010902,1.0,XMEAS10-XMEAS11,0.5714285714285714,4
F16,7,0.2857142857142857,1.549826045878202,1.1666666666666667,XMEAS10-XMEAS11,0.2857142857142857,5
F16,8,0.42857142857142855,1.475076311054695,1.0,XMEAS8-XMEAS10,0.42857142857142855,5
F16,9,0.2857142857142857,1.549826045878202,1.0,XMEAS10-XMEAS11,0.2857142857142857,5
F16,10,0.42857142857142855,1.277034259466139,1.4,XMEAS8-XMEAS9,0.42857142857142855,4
F16,11,0.2857142857142857,1.5498260458782016,1.1666666666666667,XMEAS8-XMEAS10,0.2857142857142857,5
F16,12,0.2857142857142857,1.351783994289646,1.0,XMEAS7-XMEAS11,0.2857142857142857,4
F16,13,0.2857142857142857,1.7478680974667578,1.1666666666666667,XMEAS7-XMEAS9,0.2857142857142857,6
F16,14,0.2857142857142857,1.5498260458782016,1.0,XMEAS8-XMEAS9,0.2857142857142857,5
F16,15,0.2857142857142857,1.351783994289646,1.0,XMEAS7-XMEAS10,0.2857142857142857,4
F16,16,0.2857142857142857,1.5498260458782016,1.0,XMEAS8-XMEAS9,0.2857142857142857,5
F16,17,0.2857142857142857,1.7478680974667578,1.0,XMEAS8-XMEAS9,0.2857142857142857,6
F16,18,0.42857142857142855,1.0042424730540764,1.1666666666666667,XMEAS10-XMEAS11,0.42857142857142855,3
F16,19,0.42857142857142855,1.475076311054695,1.0,XMEAS9-XMEAS10,0.42857142857142855,5
F16,20,0.2857142857142857,1.549826045878202,1.1666666666666667,XMEAS8-XMEAS9,0.2857142857142857,5
F16,21,0.2857142857142857,1.7478680974667578,1.0,XMEAS9-XMEAS10,0.2857142857142857,6
F16,22,0.42857142857142855,1.475076311054695,1.1666666666666667,XMEAS8-XMEAS10,0.42857142857142855,5
F16,23,0.2857142857142857,1.549826045878202,1.0,XMEAS8-XMEAS9,0.2857142857142857,5
F16,24,0.2857142857142857,1.549826045878202,1.1666666666666667,XMEAS8-XMEAS9,0.2857142857142857,5
F16,25,0.2857142857142857,1.5498260458782018,1.1666666666666667,XMEAS7-XMEAS10,0.2857142857142857,5
F16,26,0.42857142857142855,1.475076311054695,1.4,XMEAS8-XMEAS9,0.42857142857142855,5
F16,27,0.42857142857142855,1.4750763110546947,1.4,XMEAS8-XMEAS9,0.42857142857142855,5
F16,28,0.2857142857142857,1.351783994289646,1.1666666666666667,XMEAS8-XMEAS9,0.2857142857142857,4
F16,29,0.42857142857142855,1.2770342594661392,1.4,XMEAS8-XMEAS9,0.42857142857142855,4
F16,30,0.2857142857142857,1.7478680974667578,1.0,XMEAS8-XMEAS11,0.2857142857142857,6
F16,31,0.42857142857142855,1.475076311054695,1.1666666666666667,XMEAS8-XMEAS9,0.42857142857142855,5
F16,32,0.14285714285714285,1.945910149055314,1.0,XMEAS8-XMEAS9,0.14285714285714285,7
F16,33,0.42857142857142855,1.475076311054695,1.0,XMEAS8-XMEAS9,0.42857142857142855,5
F16,34,0.42857142857142855,1.2770342594661392,1.4,XMEAS7-XMEAS10,0.42857142857142855,4
F16,35,0.2857142857142857,1.7478680974667578,1.0,XMEAS7-XMEAS10,0.2857142857142857,6
F16,36,0.42857142857142855,1.475076311054695,1.1666666666666667,XMEAS8-XMEAS9,0.42857142857142855,5
F16,37,0.2857142857142857,1.5498260458782018,1.4,XMEAS9-XMEAS10,0.2857142857142857,5
F16,38,0.2857142857142857,1.7478680974667578,1.0,XMEAS10-XMEAS11,0.2857142857142857,6
F16,39,0.42857142857142855,1.277034259466139,1.0,XMEAS8-XMEAS10,0.42857142857142855,4
F16,40,0.2857142857142857,1.549826045878202,1.0,XMEAS8-XMEAS10,0.2857142857142857,5
F16,41,0.42857142857142855,1.475076311054695,1.1666666666666667,XMEAS8-XMEAS10,0.42857142857142855,5
F16,42,0.42857142857142855,1.0789922078775833,1.1666666666666667,XMEAS10-XMEAS11,0.42857142857142855,3
F16,43,0.42857142857142855,1.2770342594661392,1.4,XMEAS10-XMEAS11,0.42857142857142855,4
F16,44,0.2857142857142857,1.5498260458782016,1.1666666666666667,XMEAS8-XMEAS11,0.2857142857142857,5
F16,45,0.42857142857142855,1.2770342594661392,1.1666666666666667,XMEAS8-XMEAS9,0.42857142857142855,4
F16,46,0.2857142857142857,1.7478680974667578,1.1666666666666667,XMEAS8-XMEAS10,0.2857142857142857,6
F16,47,0.2857142857142857,1.549826045878202,1.0,XMEAS7-XMEAS10,0.2857142857142857,5
F16,48,0.2857142857142857,1.7478680974667578,1.1666666666666667,XMEAS7-XMEAS10,0.2857142857142857,6
F16,49,0.2857142857142857,1.7478680974667578,1.1666666666666667,XMEAS7-XMEAS10,0.2857142857142857,6
F16,50,0.2857142857142857,1.7478680974667578,1.1666666666666667,XMEAS9-XMEAS11,0.2857142857142857,6
F16,51,0.2857142857142857,1.7478680974667578,1.0,XMEAS10-XMEAS11,0.2857142857142857,6
F16,52,0.2857142857142857,1.351783994289646,1.1666666666666667,XMEAS8-XMEAS11,0.2857142857142857,4
F16,53,0.42857142857142855,1.2770342594661392,1.0,XMEAS7-XMEAS8,0.42857142857142855,4
F16,54,0.42857142857142855,1.277034259466139,1.4,XMEAS8-XMEAS9,0.42857142857142855,4
F16,55,0.2857142857142857,1.5498260458782016,1.1666666666666667,XMEAS10-XMEAS11,0.2857142857142857,5
F16,56,0.2857142857142857,1.549826045878202,1.0,XMEAS8-XMEAS10,0.2857142857142857,5
F16,57,0.42857142857142855,1.277034259466139,1.4,XMEAS8-XMEAS9,0.42857142857142855,4
F16,58,0.42857142857142855,1.2770342594661392,1.0,XMEAS8-XMEAS9,0.42857142857142855,4
F16,59,0.42857142857142855,1.2770342594661392,1.1666666666666667,XMEAS9-XMEAS11,0.42857142857142855,4
F16,60,0.42857142857142855,1.2770342594661392,1.1666666666666667,XMEAS7-XMEAS9,0.42857142857142855,4
F16,61,0.42857142857142855,1.277034259466139,1.4,XMEAS7-XMEAS10,0.42857142857142855,4
F16,62,0.14285714285714285,1.945910149055314,1.0,XMEAS8-XMEAS10,0.14285714285714285,7
F16,63,0.2857142857142857,1.7478680974667578,1.0,XMEAS8-XMEAS9,0.2857142857142857,6
F16,64,0.42857142857142855,1.277034259466139,1.1666666666666667,XMEAS8-XMEAS11,0.42857142857142855,4
F16,65,0.42857142857142855,1.475076311054695,1.0,XMEAS10-XMEAS11,0.42857142857142855,5
F16,66,0.5714285714285714,1.1537419427010902,1.1666666666666667,XMEAS8-XMEAS9,0.5714285714285714,4
F16,67,0.5714285714285714,0.9556998911125343,1.4,XMEAS8-XMEAS9,0.5714285714285714,3
F16,68,0.42857142857142855,1.475076311054695,1.4,XMEAS8-XMEAS9,0.42857142857142855,5
F16,69,0.14285714285714285,1.945910149055314,1.0,XMEAS7-XMEAS8,0.14285714285714285,7
F16,70,0.5714285714285714,0.9556998911125343,1.1666666666666667,XMEAS8-XMEAS9,0.5714285714285714,3
F16,71,0.42857142857142855,1.475076311054695,1.1666666666666667,XMEAS8-XMEAS11,0.42857142857142855,5
F16,72,0.2857142857142857,1.549826045878202,1.0,XMEAS8-XMEAS11,0.2857142857142857,5
F16,73,0.42857142857142855,1.475076311054695,1.1666666666666667,XMEAS8-XMEAS10,0.42857142857142855,5
F16,74,0.2857142857142857,1.351783994289646,1.1666666666666667,XMEAS8-XMEAS9,0.2857142857142857,4
F16,75,0.42857142857142855,1.2770342594661392,1.1666666666666667,XMEAS8-XMEAS9,0.42857142857142855,4
F16,76,0.2857142857142857,1.7478680974667578,1.0,XMEAS8-XMEAS9,0.2857142857142857,6
F16,77,0.2857142857142857,1.7478680974667578,1.0,XMEAS8-XMEAS9,0.2857142857142857,6
F16,78,0.2857142857142857,1.5498260458782018,1.4,XMEAS10-XMEAS11,0.2857142857142857,5
F16,79,0.5714285714285714,1.1537419427010902,1.75,XMEAS8-XMEAS10,0.5714285714285714,4
F16,80,0.42857142857142855,1.277034259466139,1.1666666666666667,XMEAS8-XMEAS10,0.42857142857142855,4
F16,81,0.2857142857142857,1.7478680974667578,1.1666666666666667,XMEAS8-XMEAS10,0.2857142857142857,6
F16,82,0.2857142857142857,1.351783994289646,1.4,XMEAS9-XMEAS10,0.2857142857142857,4
F16,83,0.2857142857142857,1.351783994289646,1.1666666666666667,XMEAS7-XMEAS10,0.2857142857142857,4
F16,84,0.2857142857142857,1.7478680974667578,1.0,XMEAS7-XMEAS10,0.2857142857142857,6
F16,85,0.42857142857142855,1.475076311054695,1.1666666666666667,XMEAS8-XMEAS9,0.42857142857142855,5
F16,86,0.2857142857142857,1.7478680974667578,1.0,XMEAS10-XMEAS11,0.2857142857142857,6
F16,87,0.2857142857142857,1.7478680974667578,1.0,XMEAS7-XMEAS11,0.2857142857142857,6
F16,88,0.2857142857142857,1.7478680974667578,1.0,XMEAS8-XMEAS9,0.2857142857142857,6
F16,89,0.2857142857142857,1.7478680974667578,1.0,XMEAS10-XMEAS11,0.2857142857142857,6
F16,90,0.14285714285714285,1.945910149055314,1.0,XMEAS7-XMEAS8,0.14285714285714285,7
F16,91,0.5714285714285714,0.9556998911125343,2.3333333333333335,XMEAS10-XMEAS11,0.5714285714285714,3
F16,92,0.2857142857142857,1.549826045878202,1.1666666666666667,XMEAS8-XMEAS11,0.2857142857142857,5
F16,93,0.42857142857142855,1.475076311054695,1.0,XMEAS9-XMEAS10,0.42857142857142855,5
F16,94,0.2857142857142857,1.7478680974667578,1.1666666666666667,XMEAS8-XMEAS9,0.2857142857142857,6
F16,95,0.42857142857142855,1.475076311054695,1.1666666666666667,XMEAS8-XMEAS9,0.42857142857142855,5
F16,96,0.2857142857142857,1.351783994289646,1.1666666666666667,XMEAS7-XMEAS11,0.2857142857142857,4
F16,97,0.42857142857142855,1.475076311054695,1.1666666666666667,XMEAS10-XMEAS11,0.42857142857142855,5
F16,98,0.2857142857142857,1.7478680974667578,1.0,XMEAS8-XMEAS10,0.2857142857142857,6
F16,99,0.2857142857142857,1.5498260458782018,1.1666666666666667,XMEAS7-XMEAS10,0.2857142857142857,5
F16,100,0.42857142857142855,1.277034259466139,1.1666666666666667,XMEAS10-XMEAS11,0.42857142857142855,4
F16,101,0.42857142857142855,1.2770342594661392,1.1666666666666667,XMEAS8-XMEAS9,0.42857142857142855,4
F16,102,0.2857142857142857,1.5498260458782016,1.1666666666666667,XMEAS7-XMEAS11,0.2857142857142857,5
F16,103,0.2857142857142857,1.5498260458782016,1.4,XMEAS8-XMEAS9,0.2857142857142857,5
F16,104,0.42857142857142855,1.277034259466139,1.4,XMEAS8-XMEAS11,0.42857142857142855,4
F16,105,0.42857142857142855,1.0042424730540764,1.4,XMEAS10-XMEAS11,0.42857142857142855,3
F16,106,0.42857142857142855,1.2770342594661392,1.4,XMEAS8-XMEAS9,0.42857142857142855,4
F16,107,0.42857142857142855,1.277034259466139,1.4,XMEAS9-XMEAS10,0.42857142857142855,4
F16,108,0.42857142857142855,1.475076311054695,1.0,XMEAS8-XMEAS9,0.42857142857142855,5
F16,109,0.42857142857142855,1.475076311054695,1.1666666666666667,XMEAS8-XMEAS10,0.42857142857142855,5
F16,110,0.42857142857142855,1.2770342594661392,1.1666666666666667,XMEAS8-XMEAS10,0.42857142857142855,4
F16,111,0.2857142857142857,1.549826045878202,1.1666666666666667,XMEAS10-XMEAS11,0.2857142857142857,5
F16,112,0.42857142857142855,1.277034259466139,1.1666666666666667,XMEAS9-XMEAS10,0.42857142857142855,4
F16,113,0.2857142857142857,1.7478680974667573,1.1666666666666667,XMEAS8-XMEAS9,0.2857142857142857,6
F16,114,0.42857142857142855,1.2770342594661392,1.1666666666666667,XMEAS9-XMEAS10,0.42857142857142855,4
F16,115,0.42857142857142855,1.475076311054695,1.0,XMEAS10-XMEAS11,0.42857142857142855,5
F16,116,0.2857142857142857,1.351783994289646,1.1666666666666667,XMEAS8-XMEAS10,0.2857142857142857,4
F16,117,0.2857142857142857,1.549826045878202,1.4,XMEAS10-XMEAS11,0.2857142857142857,5
F16,118,0.2857142857142857,1.549826045878202,1.1666666666666667,XMEAS8-XMEAS9,0.2857142857142857,5
F16,119,0.42857142857142855,1.475076311054695,1.1666666666666667,XMEAS8-XMEAS10,0.42857142857142855,5
F16,120,0.42857142857142855,1.277034259466139,1.1666666666666667,XMEAS9-XMEAS10,0.42857142857142855,4
F16,121,0.2857142857142857,1.549826045878202,1.0,XMEAS8-XMEAS11,0.2857142857142857,5
F16,122,0.2857142857142857,1.7478680974667578,1.1666666666666667,XMEAS9-XMEAS11,0.2857142857142857,6
F16,123,0.42857142857142855,1.475076311054695,1.1666666666666667,XMEAS10-XMEAS11,0.42857142857142855,5
F16,124,0.42857142857142855,1.277034259466139,1.4,XMEAS8-XMEAS10,0.42857142857142855,4
F16,125,0.2857142857142857,1.549826045878202,1.1666666666666667,XMEAS10-XMEAS11,0.2857142857142857,5
F16,126,0.42857142857142855,1.475076311054695,1.0,XMEAS8-XMEAS9,0.42857142857142855,5
F16,127,0.2857142857142857,1.549826045878202,1.0,XMEAS8-XMEAS10,0.2857142857142857,5
F16,128,0.42857142857142855,1.277034259466139,1.1666666666666667,XMEAS8-XMEAS9,0.42857142857142855,4
F16,129,0.42857142857142855,1.277034259466139,1.1666666666666667,XMEAS9-XMEAS10,0.42857142857142855,4
F16,130,0.2857142857142857,1.549826045878202,1.0,XMEAS10-XMEAS11,0.2857142857142857,5
F16,131,0.42857142857142855,1.2770342594661392,1.1666666666666667,XMEAS8-XMEAS9,0.42857142857142855,4
F16,132,0.2857142857142857,1.5498260458782016,1.1666666666666667,XMEAS9-XMEAS10,0.2857142857142857,5
F16,133,0.2857142857142857,1.7478680974667578,1.0,XMEAS8-XMEAS11,0.2857142857142857,6
F16,134,0.42857142857142855,1.475076311054695,1.1666666666666667,XMEAS8-XMEAS9,0.42857142857142855,5
F16,135,0.42857142857142855,1.277034259466139,1.75,XMEAS7-XMEAS9,0.42857142857142855,4
F16,136,0.2857142857142857,1.7478680974667578,1.0,XMEAS9-XMEAS11,0.2857142857142857,6
F16,137,0.5714285714285714,1.1537419427010902,1.1666666666666667,XMEAS8-XMEAS11,0.5714285714285714,4
F16,138,0.42857142857142855,1.475076311054695,1.1666666666666667,XMEAS7-XMEAS10,0.42857142857142855,5
F16,139,0.5714285714285714,1.1537419427010902,1.1666666666666667,XMEAS8-XMEAS9,0.5714285714285714,4
F16,140,0.2857142857142857,1.7478680974667578,1.1666666666666667,XMEAS10-XMEAS11,0.2857142857142857,6
F16,141,0.2857142857142857,1.549826045878202,1.0,XMEAS8-XMEAS9,0.2857142857142857,5
F16,142,0.2857142857142857,1.351783994289646,1.1666666666666667,XMEAS10-XMEAS11,0.2857142857142857,4
F16,143,0.42857142857142855,1.475076311054695,1.1666666666666667,XMEAS9-XMEAS11,0.42857142857142855,5
F16,144,0.2857142857142857,1.5498260458782016,1.1666666666666667,XMEAS8-XMEAS11,0.2857142857142857,5
F16,145,0.42857142857142855,1.475076311054695,1.4,XMEAS8-XMEAS9,0.42857142857142855,5
F16,146,0.14285714285714285,1.945910149055314,1.0,XMEAS9-XMEAS10,0.14285714285714285,7
F16,147,0.2857142857142857,1.7478680974667573,1.0,XMEAS10-XMEAS11,0.2857142857142857,6
F16,148,0.42857142857142855,1.277034259466139,1.1666666666666667,XMEAS8-XMEAS9,0.42857142857142855,4
F16,149,0.42857142857142855,1.277034259466139,1.1666666666666667,XMEAS10-XMEAS11,0.42857142857142855,4
F16,150,0.42857142857142855,1.2770342594661392,1.0,XMEAS8-XMEAS9,0.42857142857142855,4
F16,151,0.2857142857142857,1.7478680974667578,1.1666666666666667,XMEAS7-XMEAS10,0.2857142857142857,6
F16,152,0.42857142857142855,1.475076311054695,1.0,XMEAS9-XMEAS10,0.42857142857142855,5
F16,153,0.42857142857142855,1.2770342594661392,1.1666666666666667,XMEAS8-XMEAS9,0.42857142857142855,4
F16,154,0.2857142857142857,1.7478680974667578,1.0,XMEAS9-XMEAS10,0.2857142857142857,6
F16,155,0.2857142857142857,1.549826045878202,1.1666666666666667,XMEAS8-XMEAS9,0.2857142857142857,5
F16,156,0.2857142857142857,1.7478680974667578,1.0,XMEAS8-XMEAS9,0.2857142857142857,6
F16,157,0.2857142857142857,1.549826045878202,1.1666666666666667,XMEAS8-XMEAS9,0.2857142857142857,5
F16,158,0.2857142857142857,1.7478680974667578,1.1666666666666667,XMEAS8-XMEAS11,0.2857142857142857,6
F16,159,0.42857142857142855,1.475076311054695,1.0,XMEAS8-XMEAS9,0.42857142857142855,5
F16,160,0.42857142857142855,1.277034259466139,1.1666666666666667,XMEAS9-XMEAS11,0.42857142857142855,4
F16,161,0.2857142857142857,1.549826045878202,1.1666666666666667,XMEAS9-XMEAS11,0.2857142857142857,5
F16,162,0.2857142857142857,1.7478680974667578,1.0,XMEAS10-XMEAS11,0.2857142857142857,6
F16,163,0.2857142857142857,1.7478680974667573,1.1666666666666667,XMEAS7-XMEAS11,0.2857142857142857,6
F16,164,0.2857142857142857,1.7478680974667578,1.0,XMEAS8-XMEAS9,0.2857142857142857,6
F16,165,0.2857142857142857,1.5498260458782016,1.1666666666666667,XMEAS7-XMEAS10,0.2857142857142857,5
F16,166,0.5714285714285714,1.1537419427010902,1.1666666666666667,XMEAS8-XMEAS9,0.5714285714285714,4
F16,167,0.2857142857142857,1.549826045878202,1.0,XMEAS7-XMEAS11,0.2857142857142857,5
F16,168,0.2857142857142857,1.351783994289646,1.4,XMEAS8-XMEAS11,0.2857142857142857,4
F16,169,0.2857142857142857,1.7478680974667578,1.0,XMEAS9-XMEAS10,0.2857142857142857,6
F16,170,0.2857142857142857,1.549826045878202,1.0,XMEAS8-XMEAS10,0.2857142857142857,5
F16,171,0.42857142857142855,1.475076311054695,1.4,XMEAS7-XMEAS8,0.42857142857142855,5
F16,172,0.42857142857142855,1.277034259466139,1.4,XMEAS7-XMEAS8,0.42857142857142855,4
F16,173,0.5714285714285714,1.1537419427010902,1.1666666666666667,XMEAS8-XMEAS9,0.5714285714285714,4
F16,174,0.2857142857142857,1.5498260458782018,1.4,XMEAS8-XMEAS9,0.2857142857142857,5
F16,175,0.2857142857142857,1.5498260458782016,1.1666666666666667,XMEAS8-XMEAS10,0.2857142857142857,5
F16,176,0.2857142857142857,1.7478680974667578,1.0,XMEAS9-XMEAS10,0.2857142857142857,6
F16,177,0.42857142857142855,1.475076311054695,1.1666666666666667,XMEAS9-XMEAS10,0.42857142857142855,5
F16,178,0.2857142857142857,1.351783994289646,1.0,XMEAS8-XMEAS10,0.2857142857142857,4
F16,179,0.2857142857142857,1.5498260458782018,1.1666666666666667,XMEAS8-XMEAS11,0.2857142857142857,5
F16,180,0.42857142857142855,1.277034259466139,1.4,XMEAS8-XMEAS9,0.42857142857142855,4
F16,181,0.2857142857142857,1.5498260458782016,1.0,XMEAS9-XMEAS11,0.2857142857142857,5
F16,182,0.2857142857142857,1.351783994289646,1.1666666666666667,XMEAS9-XMEAS11,0.2857142857142857,4
F16,183,0.2857142857142857,1.549826045878202,1.1666666666666667,XMEAS9-XMEAS11,0.2857142857142857,5
F16,184,0.2857142857142857,1.7478680974667578,1.1666666666666667,XMEAS10-XMEAS11,0.2857142857142857,6
F16,185,0.2857142857142857,1.549826045878202,1.1666666666666667,XMEAS8-XMEAS9,0.2857142857142857,5
F16,186,0.2857142857142857,1.7478680974667578,1.0,XMEAS8-XMEAS9,0.2857142857142857,6
F16,187,0.2857142857142857,1.7478680974667578,1.0,XMEAS9-XMEAS11,0.2857142857142857,6
F16,188,0.2857142857142857,1.7478680974667578,1.0,XMEAS7-XMEAS11,0.2857142857142857,6
F16,189,0.42857142857142855,1.277034259466139,1.1666666666666667,XMEAS8-XMEAS10,0.42857142857142855,4
F16,190,0.42857142857142855,1.2770342594661392,1.4,XMEAS8-XMEAS10,0.42857142857142855,4
F16,191,0.2857142857142857,1.5498260458782018,1.0,XMEAS8-XMEAS11,0.2857142857142857,5
F16,192,0.2857142857142857,1.5498260458782016,1.1666666666666667,XMEAS8-XMEAS10,0.2857142857142857,5
F16,193,0.2857142857142857,1.7478680974667578,1.0,XMEAS7-XMEAS11,0.2857142857142857,6
F16,194,0.42857142857142855,1.277034259466139,1.4,XMEAS10-XMEAS11,0.42857142857142855,4
F16,195,0.2857142857142857,1.549826045878202,1.1666666666666667,XMEAS8-XMEAS9,0.2857142857142857,5
F16,196,0.42857142857142855,1.277034259466139,1.4,XMEAS8-XMEAS9,0.42857142857142855,4
F16,197,0.14285714285714285,1.945910149055314,1.0,XMEAS10-XMEAS11,0.14285714285714285,7
F16,198,0.42857142857142855,1.2770342594661392,1.0,XMEAS7-XMEAS9,0.42857142857142855,4
F16,199,0.2857142857142857,1.7478680974667573,1.0,XMEAS8-XMEAS9,0.2857142857142857,6
F16,200,0.2857142857142857,1.5498260458782016,1.1666666666666667,XMEAS8-XMEAS9,0.2857142857142857,5
F16,201,0.2857142857142857,1.5498260458782018,1.0,XMEAS8-XMEAS9,0.2857142857142857,5
F16,202,0.5714285714285714,1.1537419427010902,1.75,XMEAS9-XMEAS10,0.5714285714285714,4
F16,203,0.2857142857142857,1.7478680974667578,1.1666666666666667,XMEAS8-XMEAS9,0.2857142857142857,6
F16,204,0.42857142857142855,1.277034259466139,1.1666666666666667,XMEAS8-XMEAS9,0.42857142857142855,4
F16,205,0.2857142857142857,1.351783994289646,1.1666666666666667,XMEAS8-XMEAS9,0.2857142857142857,4
F16,206,0.2857142857142857,1.5498260458782018,1.1666666666666667,XMEAS8-XMEAS11,0.2857142857142857,5
F16,207,0.2857142857142857,1.5498260458782016,1.4,XMEAS8-XMEAS9,0.2857142857142857,5
F16,208,0.42857142857142855,1.277034259466139,1.0,XMEAS8-XMEAS9,0.42857142857142855,4
F16,209,0.2857142857142857,1.7478680974667573,1.1666666666666667,XMEAS7-XMEAS10,0.2857142857142857,6
F16,210,0.2857142857142857,1.5498260458782018,1.1666666666666667,XMEAS10-XMEAS11,0.2857142857142857,5
F16,211,0.2857142857142857,1.7478680974667578,1.1666666666666667,XMEAS8-XMEAS9,0.2857142857142857,6
F16,212,0.5714285714285714,1.1537419427010902,1.4,XMEAS8-XMEAS10,0.5714285714285714,4
F16,213,0.2857142857142857,1.549826045878202,1.0,XMEAS8-XMEAS11,0.2857142857142857,5
F16,214,0.2857142857142857,1.5498260458782016,1.0,XMEAS8-XMEAS11,0.2857142857142857,5
F16,215,0.42857142857142855,1.475076311054695,1.1666666666666667,XMEAS8-XMEAS9,0.42857142857142855,5
F16,216,0.2857142857142857,1.5498260458782016,1.0,XMEAS9-XMEAS10,0.2857142857142857,5
F16,217,0.2857142857142857,1.549826045878202,1.0,XMEAS8-XMEAS9,0.2857142857142857,5
F16,218,0.5714285714285714,1.1537419427010902,1.75,XMEAS8-XMEAS9,0.5714285714285714,4
F16,219,0.2857142857142857,1.7478680974667578,1.0,XMEAS8-XMEAS10,0.2857142857142857,6
F16,220,0.2857142857142857,1.549826045878202,1.0,XMEAS8-XMEAS9,0.2857142857142857,5
F16,221,0.2857142857142857,1.7478680974667578,1.0,XMEAS10-XMEAS11,0.2857142857142857,6
F16,222,0.42857142857142855,1.277034259466139,1.4,XMEAS8-XMEAS9,0.42857142857142855,4
F16,223,0.2857142857142857,1.549826045878202,1.1666666666666667,XMEAS8-XMEAS10,0.2857142857142857,5
F16,224,0.42857142857142855,1.475076311054695,1.4,XMEAS8-XMEAS9,0.42857142857142855,5
F16,225,0.2857142857142857,1.5498260458782018,1.1666666666666667,XMEAS10-XMEAS11,0.2857142857142857,5
F16,226,0.2857142857142857,1.5498260458782018,1.0,XMEAS9-XMEAS11,0.2857142857142857,5
F16,227,0.42857142857142855,1.475076311054695,1.1666666666666667,XMEAS8-XMEAS9,0.42857142857142855,5
F16,228,0.2857142857142857,1.351783994289646,1.1666666666666667,XMEAS7-XMEAS11,0.2857142857142857,4
F16,229,0.2857142857142857,1.549826045878202,1.0,XMEAS8-XMEAS10,0.2857142857142857,5
F16,230,0.2857142857142857,1.351783994289646,1.4,XMEAS8-XMEAS10,0.2857142857142857,4
F16,231,0.42857142857142855,1.475076311054695,1.1666666666666667,XMEAS8-XMEAS10,0.42857142857142855,5
F16,232,0.42857142857142855,1.475076311054695,1.1666666666666667,XMEAS10-XMEAS11,0.42857142857142855,5
F16,233,0.42857142857142855,1.0789922078775833,1.75,XMEAS8-XMEAS9,0.42857142857142855,3
F16,234,0.2857142857142857,1.7478680974667578,1.0,XMEAS8-XMEAS10,0.2857142857142857,6
F16,235,0.2857142857142857,1.549826045878202,1.0,XMEAS8-XMEAS9,0.2857142857142857,5
F16,236,0.42857142857142855,1.2770342594661392,1.0,XMEAS8-XMEAS10,0.42857142857142855,4
F16,237,0.2857142857142857,1.549826045878202,1.0,XMEAS7-XMEAS8,0.2857142857142857,5
F16,238,0.2857142857142857,1.7478680974667578,1.0,XMEAS7-XMEAS10,0.2857142857142857,6
F16,239,0.2857142857142857,1.549826045878202,1.1666666666666667,XMEAS8-XMEAS10,0.2857142857142857,5
F16,240,0.2857142857142857,1.549826045878202,1.1666666666666667,XMEAS8-XMEAS10,0.2857142857142857,5
F16,241,0.2857142857142857,1.5498260458782016,1.0,XMEAS8-XMEAS10,0.2857142857142857,5
F16,242,0.2857142857142857,1.7478680974667578,1.0,XMEAS8-XMEAS10,0.2857142857142857,6
F16,243,0.42857142857142855,1.0789922078775833,1.1666666666666667,XMEAS7-XMEAS8,0.42857142857142855,3
F16,244,0.14285714285714285,1.945910149055314,1.0,XMEAS8-XMEAS11,0.14285714285714285,7
F16,245,0.5714285714285714,1.1537419427010902,1.4,XMEAS9-XMEAS10,0.5714285714285714,4
F16,246,0.42857142857142855,1.0042424730540764,1.75,XMEAS8-XMEAS9,0.42857142857142855,3
F16,247,0.2857142857142857,1.7478680974667578,1.0,XMEAS10-XMEAS11,0.2857142857142857,6
F16,248,0.2857142857142857,1.7478680974667578,1.1666666666666667,XMEAS8-XMEAS9,0.2857142857142857,6
F16,249,0.5714285714285714,1.1537419427010902,1.4,XMEAS8-XMEAS9,0.5714285714285714,4
F16,250,0.2857142857142857,1.549826045878202,1.1666666666666667,XMEAS10-XMEAS11,0.2857142857142857,5
F16,251,0.42857142857142855,1.2770342594661392,1.0,XMEAS8-XMEAS9,0.42857142857142855,4
F16,252,0.5714285714285714,0.9556998911125343,1.1666666666666667,XMEAS8-XMEAS9,0.5714285714285714,3
F16,253,0.2857142857142857,1.7478680974667578,1.0,XMEAS8-XMEAS9,0.2857142857142857,6
F16,254,0.14285714285714285,1.945910149055314,1.0,XMEAS10-XMEAS11,0.14285714285714285,7
F16,255,0.2857142857142857,1.7478680974667578,1.1666666666666667,XMEAS9-XMEAS11,0.2857142857142857,6
F16,256,0.42857142857142855,1.277034259466139,1.75,XMEAS10-XMEAS11,0.42857142857142855,4
F16,257,0.2857142857142857,1.7478680974667578,1.0,XMEAS7-XMEAS8,0.2857142857142857,6
F16,258,0.42857142857142855,1.475076311054695,1.1666666666666667,XMEAS8-XMEAS9,0.42857142857142855,5
F16,259,0.42857142857142855,1.277034259466139,1.1666666666666667,XMEAS8-XMEAS9,0.42857142857142855,4
F16,260,0.42857142857142855,1.277034259466139,1.1666666666666667,XMEAS8-XMEAS9,0.42857142857142855,4
F16,261,0.2857142857142857,1.549826045878202,1.0,XMEAS10-XMEAS11,0.2857142857142857,5
F16,262,0.2857142857142857,1.7478680974667573,1.0,XMEAS10-XMEAS11,0.2857142857142857,6
F16,263,0.2857142857142857,1.7478680974667573,1.1666666666666667,XMEAS8-XMEAS9,0.2857142857142857,6
F16,264,0.42857142857142855,1.2770342594661392,1.75,XMEAS10-XMEAS11,0.42857142857142855,4
F16,265,0.2857142857142857,1.549826045878202,1.4,XMEAS7-XMEAS10,0.2857142857142857,5
F16,266,0.42857142857142855,1.475076311054695,1.0,XMEAS8-XMEAS9,0.42857142857142855,5
F16,267,0.2857142857142857,1.5498260458782016,1.1666666666666667,XMEAS7-XMEAS8,0.2857142857142857,5
F16,268,0.2857142857142857,1.7478680974667578,1.0,XMEAS8-XMEAS9,0.2857142857142857,6
F16,269,0.42857142857142855,1.475076311054695,1.1666666666666667,XMEAS8-XMEAS9,0.42857142857142855,5
F16,270,0.2857142857142857,1.7478680974667578,1.0,XMEAS7-XMEAS9,0.2857142857142857,6
F16,271,0.42857142857142855,1.475076311054695,1.0,XMEAS9-XMEAS11,0.42857142857142855,5
F16,272,0.42857142857142855,1.475076311054695,1.1666666666666667,XMEAS8-XMEAS9,0.42857142857142855,5
F16,273,0.42857142857142855,1.2770342594661392,1.4,XMEAS8-XMEAS9,0.42857142857142855,4
F16,274,0.42857142857142855,1.2770342594661392,1.4,XMEAS8-XMEAS9,0.42857142857142855,4
F16,275,0.2857142857142857,1.5498260458782018,1.0,XMEAS8-XMEAS9,0.2857142857142857,5
F16,276,0.2857142857142857,1.351783994289646,1.1666666666666667,XMEAS8-XMEAS10,0.2857142857142857,4
F16,277,0.2857142857142857,1.7478680974667573,1.1666666666666667,XMEAS8-XMEAS11,0.2857142857142857,6
F16,278,0.2857142857142857,1.7478680974667578,1.1666666666666667,XMEAS8-XMEAS9,0.2857142857142857,6
F16,279,0.2857142857142857,1.5498260458782018,1.1666666666666667,XMEAS7-XMEAS9,0.2857142857142857,5
F16,280,0.2857142857142857,1.549826045878202,1.0,XMEAS8-XMEAS10,0.2857142857142857,5
F16,281,0.2857142857142857,1.7478680974667578,1.0,XMEAS8-XMEAS9,0.2857142857142857,6
F16,282,0.2857142857142857,1.5498260458782018,1.4,XMEAS10-XMEAS11,0.2857142857142857,5
F16,283,0.2857142857142857,1.5498260458782016,1.1666666666666667,XMEAS10-XMEAS11,0.2857142857142857,5
F16,284,0.2857142857142857,1.549826045878202,1.0,XMEAS8-XMEAS9,0.2857142857142857,5
F16,285,0.2857142857142857,1.7478680974667578,1.0,XMEAS8-XMEAS9,0.2857142857142857,6
F16,286,0.2857142857142857,1.7478680974667573,1.1666666666666667,XMEAS7-XMEAS8,0.2857142857142857,6
F16,287,0.42857142857142855,1.277034259466139,1.1666666666666667,XMEAS9-XMEAS10,0.42857142857142855,4
F16,288,0.2857142857142857,1.5498260458782016,1.0,XMEAS8-XMEAS9,0.2857142857142857,5
F16,289,0.2857142857142857,1.5498260458782016,1.0,XMEAS9-XMEAS10,0.2857142857142857,5
F16,290,0.42857142857142855,1.475076311054695,1.1666666666666667,XMEAS8-XMEAS9,0.42857142857142855,5
F16,291,0.2857142857142857,1.7478680974667578,1.0,XMEAS7-XMEAS11,0.2857142857142857,6
F16,292,0.14285714285714285,1.945910149055314,1.0,XMEAS8-XMEAS11,0.14285714285714285,7
F16,293,0.42857142857142855,1.475076311054695,1.1666666666666667,XMEAS8-XMEAS9,0.42857142857142855,5
F16,294,0.14285714285714285,1.945910149055314,1.0,XMEAS8-XMEAS10,0.14285714285714285,7
F16,295,0.42857142857142855,1.277034259466139,1.1666666666666667,XMEAS8-XMEAS11,0.42857142857142855,4
F16,296,0.42857142857142855,1.475076311054695,1.1666666666666667,XMEAS8-XMEAS9,0.42857142857142855,5
F16,297,0.2857142857142857,1.351783994289646,1.0,XMEAS7-XMEAS11,0.2857142857142857,4
F16,298,0.2857142857142857,1.7478680974667578,1.0,XMEAS8-XMEAS9,0.2857142857142857,6
F16,299,0.2857142857142857,1.351783994289646,1.1666666666666667,XMEAS8-XMEAS9,0.2857142857142857,4
F16,300,0.2857142857142857,1.5498260458782016,1.1666666666666667,XMEAS8-XMEAS11,0.2857142857142857,5
F16,301,0.42857142857142855,1.2770342594661392,1.4,XMEAS8-XMEAS9,0.42857142857142855,4
F16,302,0.2857142857142857,1.549826045878202,1.0,XMEAS10-XMEAS11,0.2857142857142857,5
F16,303,0.42857142857142855,1.475076311054695,1.1666666666666667,XMEAS8-XMEAS10,0.42857142857142855,5
F16,304,0.42857142857142855,1.2770342594661392,1.1666666666666667,XMEAS7-XMEAS8,0.42857142857142855,4
F16,305,0.14285714285714285,1.945910149055314,1.0,XMEAS10-XMEAS11,0.14285714285714285,7
F16,306,0.2857142857142857,1.549826045878202,1.0,XMEAS8-XMEAS10,0.2857142857142857,5
F16,307,0.42857142857142855,1.0042424730540764,1.1666666666666667,XMEAS9-XMEAS10,0.42857142857142855,3
F16,308,0.42857142857142855,1.2770342594661392,1.1666666666666667,XMEAS7-XMEAS11,0.42857142857142855,4
F16,309,0.2857142857142857,1.7478680974667578,1.1666666666666667,XMEAS7-XMEAS11,0.2857142857142857,6
F16,310,0.42857142857142855,1.475076311054695,1.1666666666666667,XMEAS8-XMEAS9,0.42857142857142855,5
F16,311,0.42857142857142855,1.0042424730540764,1.75,XMEAS10-XMEAS11,0.42857142857142855,3
F16,312,0.2857142857142857,1.549826045878202,1.0,XMEAS8-XMEAS9,0.2857142857142857,5
F16,313,0.2857142857142857,1.5498260458782016,1.1666666666666667,XMEAS8-XMEAS11,0.2857142857142857,5
F16,314,0.5714285714285714,1.1537419427010902,1.4,XMEAS8-XMEAS9,0.5714285714285714,4
F16,315,0.42857142857142855,1.2770342594661392,1.1666666666666667,XMEAS8-XMEAS9,0.42857142857142855,4
F16,316,0.42857142857142855,1.475076311054695,1.0,XMEAS8-XMEAS10,0.42857142857142855,5
F16,317,0.5714285714285714,1.1537419427010902,1.4,XMEAS8-XMEAS9,0.5714285714285714,4
F16,318,0.2857142857142857,1.7478680974667578,1.1666666666666667,XMEAS8-XMEAS9,0.2857142857142857,6
F16,319,0.42857142857142855,1.277034259466139,1.4,XMEAS8-XMEAS9,0.42857142857142855,4
F16,320,0.42857142857142855,1.475076311054695,1.0,XMEAS10-XMEAS11,0.42857142857142855,5
F16,321,0.42857142857142855,1.475076311054695,1.0,XMEAS8-XMEAS9,0.42857142857142855,5
F16,322,0.42857142857142855,1.0042424730540764,1.4,XMEAS8-XMEAS9,0.42857142857142855,3
F16,323,0.42857142857142855,1.277034259466139,1.75,XMEAS7-XMEAS8,0.42857142857142855,4
F16,324,0.2857142857142857,1.5498260458782016,1.4,XMEAS8-XMEAS10,0.2857142857142857,5
F16,325,0.42857142857142855,1.2770342594661392,1.1666666666666667,XMEAS8-XMEAS9,0.42857142857142855,4
F16,326,0.42857142857142855,1.2770342594661392,1.0,XMEAS8-XMEAS11,0.42857142857142855,4
F16,327,0.42857142857142855,1.277034259466139,1.0,XMEAS8-XMEAS9,0.42857142857142855,4
F16,328,0.42857142857142855,1.4750763110546947,1.1666666666666667,XMEAS10-XMEAS11,0.42857142857142855,5
F16,329,0.42857142857142855,1.475076311054695,1.1666666666666667,XMEAS9-XMEAS10,0.42857142857142855,5
F16,330,0.5714285714285714,1.15374194270109,1.4,XMEAS8-XMEAS9,0.5714285714285714,4
F16,331,0.42857142857142855,1.0042424730540764,1.1666666666666667,XMEAS8-XMEAS9,0.42857142857142855,3
F16,332,0.42857142857142855,1.4750763110546947,1.1666666666666667,XMEAS9-XMEAS10,0.42857142857142855,5
F16,333,0.2857142857142857,1.351783994289646,1.0,XMEAS10-XMEAS11,0.2857142857142857,4
F16,334,0.42857142857142855,1.0042424730540764,2.3333333333333335,XMEAS8-XMEAS9,0.42857142857142855,3
F16,335,0.42857142857142855,1.475076311054695,1.4,XMEAS8-XMEAS11,0.42857142857142855,5
F16,336,0.2857142857142857,1.7478680974667578,1.0,XMEAS8-XMEAS10,0.2857142857142857,6
F16,337,0.2857142857142857,1.5498260458782016,1.0,XMEAS8-XMEAS9,0.2857142857142857,5
F16,338,0.2857142857142857,1.549826045878202,1.0,XMEAS10-XMEAS11,0.2857142857142857,5
F16,339,0.42857142857142855,1.475076311054695,1.0,XMEAS8-XMEAS10,0.42857142857142855,5
F16,340,0.2857142857142857,1.7478680974667578,1.0,XMEAS8-XMEAS9,0.2857142857142857,6
F16,341,0.2857142857142857,1.5498260458782018,1.1666666666666667,XMEAS7-XMEAS9,0.2857142857142857,5
F16,342,0.42857142857142855,1.277034259466139,1.4,XMEAS10-XMEAS11,0.42857142857142855,4
F16,343,0.42857142857142855,1.0789922078775833,1.1666666666666667,XMEAS7-XMEAS8,0.42857142857142855,3
F16,344,0.42857142857142855,1.2770342594661392,1.75,XMEAS8-XMEAS9,0.42857142857142855,4
F16,345,0.14285714285714285,1.945910149055314,1.0,XMEAS8-XMEAS10,0.14285714285714285,7
F16,346,0.2857142857142857,1.7478680974667578,1.0,XMEAS10-XMEAS11,0.2857142857142857,6
F16,347,0.42857142857142855,1.2770342594661392,1.0,XMEAS7-XMEAS10,0.42857142857142855,4
F16,348,0.42857142857142855,1.475076311054695,1.4,XMEAS7-XMEAS11,0.42857142857142855,5
F16,349,0.2857142857142857,1.549826045878202,1.0,XMEAS8-XMEAS9,0.2857142857142857,5
F16,350,0.42857142857142855,1.475076311054695,1.1666666666666667,XMEAS8-XMEAS11,0.42857142857142855,5
F16,351,0.42857142857142855,1.4750763110546947,1.4,XMEAS8-XMEAS9,0.42857142857142855,5
F16,352,0.2857142857142857,1.7478680974667578,1.1666666666666667,XMEAS8-XMEAS9,0.2857142857142857,6
F16,353,0.2857142857142857,1.7478680974667578,1.0,XMEAS8-XMEAS9,0.2857142857142857,6
F16,354,0.2857142857142857,1.351783994289646,1.1666666666666667,XMEAS8-XMEAS10,0.2857142857142857,4
F16,355,0.2857142857142857,1.549826045878202,1.0,XMEAS8-XMEAS11,0.2857142857142857,5
F16,356,0.42857142857142855,1.0789922078775833,1.1666666666666667,XMEAS10-XMEAS11,0.42857142857142855,3
F16,357,0.5714285714285714,0.9556998911125343,1.4,XMEAS8-XMEAS9,0.5714285714285714,3
F16,358,0.2857142857142857,1.5498260458782016,1.0,XMEAS8-XMEAS11,0.2857142857142857,5
F16,359,0.42857142857142855,1.277034259466139,1.1666666666666667,XMEAS8-XMEAS9,0.42857142857142855,4
F16,360,0.2857142857142857,1.7478680974667578,1.0,XMEAS7-XMEAS11,0.2857142857142857,6
F16,361,0.2857142857142857,1.549826045878202,1.1666666666666667,XMEAS9-XMEAS11,0.2857142857142857,5
F16,362,0.2857142857142857,1.5498260458782018,1.1666666666666667,XMEAS8-XMEAS9,0.2857142857142857,5
F16,363,0.2857142857142857,1.549826045878202,1.0,XMEAS8-XMEAS10,0.2857142857142857,5
F16,364,0.42857142857142855,1.475076311054695,1.0,XMEAS8-XMEAS11,0.42857142857142855,5
F16,365,0.2857142857142857,1.549826045878202,1.0,XMEAS8-XMEAS10,0.2857142857142857,5
F16,366,0.2857142857142857,1.7478680974667578,1.0,XMEAS7-XMEAS11,0.2857142857142857,6
F16,367,0.5714285714285714,1.1537419427010902,1.1666666666666667,XMEAS8-XMEAS9,0.5714285714285714,4
F16,368,0.2857142857142857,1.7478680974667573,1.1666666666666667,XMEAS8-XMEAS9,0.2857142857142857,6
F16,369,0.2857142857142857,1.549826045878202,1.1666666666666667,XMEAS8-XMEAS10,0.2857142857142857,5
F16,370,0.2857142857142857,1.7478680974667578,1.1666666666666667,XMEAS8-XMEAS9,0.2857142857142857,6
F16,371,0.2857142857142857,1.7478680974667578,1.0,XMEAS8-XMEAS10,0.2857142857142857,6
F16,372,0.42857142857142855,1.475076311054695,1.1666666666666667,XMEAS8-XMEAS9,0.42857142857142855,5
F16,373,0.2857142857142857,1.5498260458782018,1.4,XMEAS7-XMEAS11,0.2857142857142857,5
F16,374,0.42857142857142855,1.277034259466139,1.4,XMEAS8-XMEAS9,0.42857142857142855,4
F16,375,0.42857142857142855,1.2770342594661392,1.1666666666666667,XMEAS8-XMEAS9,0.42857142857142855,4
F16,376,0.2857142857142857,1.7478680974667578,1.1666666666666667,XMEAS9-XMEAS10,0.2857142857142857,6
F16,377,0.14285714285714285,1.945910149055314,1.0,XMEAS9-XMEAS10,0.14285714285714285,7
F16,378,0.2857142857142857,1.5498260458782016,1.0,XMEAS8-XMEAS10,0.2857142857142857,5
F16,379,0.42857142857142855,1.277034259466139,1.1666666666666667,XMEAS7-XMEAS11,0.42857142857142855,4
F16,380,0.42857142857142855,1.2770342594661392,1.0,XMEAS8-XMEAS10,0.42857142857142855,4
F16,381,0.42857142857142855,1.277034259466139,1.4,XMEAS7-XMEAS10,0.42857142857142855,4
F16,382,0.42857142857142855,1.2770342594661392,1.1666666666666667,XMEAS8-XMEAS10,0.42857142857142855,4
F16,383,0.2857142857142857,1.351783994289646,1.0,XMEAS8-XMEAS9,0.2857142857142857,4
F16,384,0.2857142857142857,1.7478680974667578,1.1666666666666667,XMEAS10-XMEAS11,0.2857142857142857,6
F16,385,0.2857142857142857,1.7478680974667578,1.0,XMEAS8-XMEAS9,0.2857142857142857,6
F16,386,0.42857142857142855,1.277034259466139,1.1666666666666667,XMEAS8-XMEAS9,0.42857142857142855,4
F16,387,0.2857142857142857,1.7478680974667578,1.0,XMEAS7-XMEAS11,0.2857142857142857,6
F16,388,0.2857142857142857,1.5498260458782016,1.4,XMEAS8-XMEAS10,0.2857142857142857,5
F16,389,0.42857142857142855,1.2770342594661392,1.0,XMEAS8-XMEAS9,0.42857142857142855,4
F16,390,0.42857142857142855,1.475076311054695,1.0,XMEAS8-XMEAS9,0.42857142857142855,5
F16,391,0.2857142857142857,1.5498260458782016,1.1666666666666667,XMEAS10-XMEAS11,0.2857142857142857,5
F16,392,0.2857142857142857,1.7478680974667578,1.1666666666666667,XMEAS8-XMEAS9,0.2857142857142857,6
F16,393,0.2857142857142857,1.5498260458782018,1.4,XMEAS9-XMEAS10,0.2857142857142857,5
F16,394,0.5714285714285714,1.1537419427010902,1.4,XMEAS7-XMEAS11,0.5714285714285714,4
F16,395,0.2857142857142857,1.7478680974667578,1.0,XMEAS8-XMEAS9,0.2857142857142857,6
F16,396,0.42857142857142855,1.277034259466139,1.0,XMEAS8-XMEAS9,0.42857142857142855,4
F16,397,0.2857142857142857,1.5498260458782016,1.1666666666666667,XMEAS8-XMEAS9,0.2857142857142857,5
F16,398,0.2857142857142857,1.549826045878202,1.0,XMEAS10-XMEAS11,0.2857142857142857,5
F16,399,0.42857142857142855,1.475076311054695,1.1666666666666667,XMEAS7-XMEAS8,0.42857142857142855,5
F16,400,0.42857142857142855,1.0042424730540764,1.75,XMEAS8-XMEAS9,0.42857142857142855,3
F16,401,0.42857142857142855,1.277034259466139,1.1666666666666667,XMEAS8-XMEAS9,0.42857142857142855,4
F16,402,0.2857142857142857,1.351783994289646,1.1666666666666667,XMEAS8-XMEAS11,0.2857142857142857,4
F16,403,0.14285714285714285,1.945910149055314,1.0,XMEAS8-XMEAS9,0.14285714285714285,7
F16,404,0.2857142857142857,1.7478680974667578,1.0,XMEAS10-XMEAS11,0.2857142857142857,6
F16,405,0.2857142857142857,1.5498260458782018,1.0,XMEAS8-XMEAS9,0.2857142857142857,5
F16,406,0.14285714285714285,1.945910149055314,1.0,XMEAS7-XMEAS10,0.14285714285714285,7
F16,407,0.42857142857142855,1.0042424730540764,1.4,XMEAS7-XMEAS10,0.42857142857142855,3
F16,408,0.2857142857142857,1.5498260458782018,1.4,XMEAS10-XMEAS11,0.2857142857142857,5
F16,409,0.2857142857142857,1.5498260458782016,1.1666666666666667,XMEAS8-XMEAS10,0.2857142857142857,5
F16,410,0.42857142857142855,1.475076311054695,1.1666666666666667,XMEAS8-XMEAS10,0.42857142857142855,5
F16,411,0.42857142857142855,1.475076311054695,1.0,XMEAS8-XMEAS11,0.42857142857142855,5
F16,412,0.42857142857142855,1.475076311054695,1.1666666666666667,XMEAS8-XMEAS9,0.42857142857142855,5
F16,413,0.42857142857142855,1.475076311054695,1.0,XMEAS8-XMEAS9,0.42857142857142855,5
F16,414,0.42857142857142855,1.475076311054695,1.1666666666666667,XMEAS10-XMEAS11,0.42857142857142855,5
F16,415,0.5714285714285714,1.1537419427010902,1.1666666666666667,XMEAS8-XMEAS9,0.5714285714285714,4
F16,416,0.2857142857142857,1.549826045878202,1.0,XMEAS9-XMEAS11,0.2857142857142857,5
F16,417,0.42857142857142855,1.277034259466139,1.4,XMEAS10-XMEAS11,0.42857142857142855,4
F16,418,0.2857142857142857,1.5498260458782018,1.1666666666666667,XMEAS8-XMEAS10,0.2857142857142857,5
F16,419,0.2857142857142857,1.5498260458782016,1.1666666666666667,XMEAS7-XMEAS8,0.2857142857142857,5
F16,420,0.42857142857142855,1.475076311054695,1.1666666666666667,XMEAS8-XMEAS9,0.42857142857142855,5
F16,421,0.2857142857142857,1.7478680974667578,1.0,XMEAS9-XMEAS10,0.2857142857142857,6
F16,422,0.5714285714285714,1.1537419427010902,1.75,XMEAS8-XMEAS9,0.5714285714285714,4
F16,423,0.2857142857142857,1.549826045878202,1.0,XMEAS8-XMEAS9,0.2857142857142857,5
F16,424,0.42857142857142855,1.277034259466139,1.4,XMEAS7-XMEAS9,0.42857142857142855,4
F16,425,0.2857142857142857,1.549826045878202,1.0,XMEAS10-XMEAS11,0.2857142857142857,5
F16,426,0.2857142857142857,1.7478680974667578,1.1666666666666667,XMEAS8-XMEAS10,0.2857142857142857,6
F16,427,0.2857142857142857,1.5498260458782016,1.0,XMEAS8-XMEAS9,0.2857142857142857,5
F16,428,0.2857142857142857,1.5498260458782016,1.0,XMEAS10-XMEAS11,0.2857142857142857,5
F16,429,0.2857142857142857,1.5498260458782018,1.1666666666666667,XMEAS8-XMEAS9,0.2857142857142857,5
F16,430,0.42857142857142855,1.2770342594661392,1.1666666666666667,XMEAS8-XMEAS10,0.42857142857142855,4
F16,431,0.2857142857142857,1.7478680974667578,1.0,XMEAS7-XMEAS10,0.2857142857142857,6
F16,432,0.2857142857142857,1.7478680974667578,1.1666666666666667,XMEAS7-XMEAS11,0.2857142857142857,6
F16,433,0.42857142857142855,1.475076311054695,1.4,XMEAS8-XMEAS10,0.42857142857142855,5
F16,434,0.2857142857142857,1.7478680974667578,1.1666666666666667,XMEAS8-XMEAS11,0.2857142857142857,6
F16,435,0.2857142857142857,1.549826045878202,1.0,XMEAS8-XMEAS10,0.2857142857142857,5
F16,436,0.2857142857142857,1.549826045878202,1.1666666666666667,XMEAS10-XMEAS11,0.2857142857142857,5
F16,437,0.2857142857142857,1.351783994289646,1.4,XMEAS8-XMEAS10,0.2857142857142857,4
F16,438,0.42857142857142855,1.475076311054695,1.1666666666666667,XMEAS8-XMEAS10,0.42857142857142855,5
F16,439,0.42857142857142855,1.475076311054695,1.1666666666666667,XMEAS10-XMEAS11,0.42857142857142855,5
F16,440,0.42857142857142855,1.0042424730540764,1.1666666666666667,XMEAS8-XMEAS10,0.42857142857142855,3
F16,441,0.42857142857142855,1.475076311054695,1.1666666666666667,XMEAS8-XMEAS10,0.42857142857142855,5
F16,442,0.2857142857142857,1.7478680974667578,1.1666666666666667,XMEAS7-XMEAS10,0.2857142857142857,6
F16,443,0.2857142857142857,1.7478680974667578,1.1666666666666667,XMEAS8-XMEAS10,0.2857142857142857,6
F16,444,0.2857142857142857,1.549826045878202,1.1666666666666667,XMEAS8-XMEAS9,0.2857142857142857,5
F16,445,0.2857142857142857,1.7478680974667578,1.0,XMEAS9-XMEAS10,0.2857142857142857,6
F16,446,0.42857142857142855,1.277034259466139,1.1666666666666667,XMEAS8-XMEAS9,0.42857142857142855,4
F16,447,0.42857142857142855,1.475076311054695,1.0,XMEAS8-XMEAS9,0.42857142857142855,5
F16,448,0.5714285714285714,1.1537419427010902,1.1666666666666667,XMEAS8-XMEAS11,0.5714285714285714,4
F16,449,0.42857142857142855,1.475076311054695,1.1666666666666667,XMEAS8-XMEAS9,0.42857142857142855,5
F16,450,0.42857142857142855,1.475076311054695,1.1666666666666667,XMEAS8-XMEAS9,0.42857142857142855,5
F16,451,0.2857142857142857,1.7478680974667578,1.1666666666666667,XMEAS9-XMEAS10,0.2857142857142857,6
F16,452,0.42857142857142855,1.475076311054695,1.1666666666666667,XMEAS10-XMEAS11,0.42857142857142855,5
F16,453,0.2857142857142857,1.549826045878202,1.0,XMEAS8-XMEAS9,0.2857142857142857,5
F16,454,0.2857142857142857,1.7478680974667578,1.0,XMEAS8-XMEAS9,0.2857142857142857,6
F16,455,0.42857142857142855,1.2770342594661392,1.4,XMEAS8-XMEAS9,0.42857142857142855,4
F16,456,0.42857142857142855,1.277034259466139,1.4,XMEAS10-XMEAS11,0.42857142857142855,4
F16,457,0.5714285714285714,1.1537419427010902,1.1666666666666667,XMEAS8-XMEAS9,0.5714285714285714,4
F16,458,0.2857142857142857,1.351783994289646,1.4,XMEAS10-XMEAS11,0.2857142857142857,4
F16,459,0.2857142857142857,1.549826045878202,1.0,XMEAS8-XMEAS10,0.2857142857142857,5
F16,460,0.2857142857142857,1.549826045878202,1.0,XMEAS8-XMEAS9,0.2857142857142857,5
F16,461,0.42857142857142855,1.4750763110546947,1.1666666666666667,XMEAS10-XMEAS11,0.42857142857142855,5
F16,462,0.2857142857142857,1.5498260458782016,1.1666666666666667,XMEAS8-XMEAS10,0.2857142857142857,5
F16,463,0.42857142857142855,1.2770342594661392,1.1666666666666667,XMEAS8-XMEAS10,0.42857142857142855,4
F16,464,0.2857142857142857,1.351783994289646,1.1666666666666667,XMEAS8-XMEAS9,0.2857142857142857,4
F16,465,0.5714285714285714,1.1537419427010902,1.4,XMEAS10-XMEAS11,0.5714285714285714,4
F16,466,0.2857142857142857,1.549826045878202,1.0,XMEAS9-XMEAS11,0.2857142857142857,5
F16,467,0.42857142857142855,1.2770342594661392,1.4,XMEAS7-XMEAS10,0.42857142857142855,4
F16,468,0.2857142857142857,1.7478680974667578,1.0,XMEAS8-XMEAS11,0.2857142857142857,6
F16,469,0.42857142857142855,1.2770342594661392,1.0,XMEAS10-XMEAS11,0.42857142857142855,4
F16,470,0.2857142857142857,1.7478680974667578,1.0,XMEAS8-XMEAS10,0.2857142857142857,6
F16,471,0.2857142857142857,1.5498260458782016,1.1666666666666667,XMEAS7-XMEAS8,0.2857142857142857,5
F16,472,0.42857142857142855,1.277034259466139,1.4,XMEAS7-XMEAS8,0.42857142857142855,4
F16,473,0.2857142857142857,1.7478680974667578,1.0,XMEAS9-XMEAS10,0.2857142857142857,6
F16,474,0.42857142857142855,1.277034259466139,1.75,XMEAS8-XMEAS9,0.42857142857142855,4
F16,475,0.2857142857142857,1.549826045878202,1.4,XMEAS9-XMEAS11,0.2857142857142857,5
F16,476,0.2857142857142857,1.7478680974667573,1.1666666666666667,XMEAS8-XMEAS11,0.2857142857142857,6
F16,477,0.2857142857142857,1.549826045878202,1.0,XMEAS8-XMEAS9,0.2857142857142857,5
F16,478,0.42857142857142855,1.475076311054695,1.1666666666666667,XMEAS8-XMEAS9,0.42857142857142855,5
F16,479,0.42857142857142855,1.2770342594661392,1.0,XMEAS8-XMEAS10,0.42857142857142855,4
F16,480,0.2857142857142857,1.5498260458782016,1.1666666666666667,XMEAS8-XMEAS10,0.2857142857142857,5
F16,481,0.42857142857142855,1.475076311054695,1.1666666666666667,XMEAS8-XMEAS9,0.42857142857142855,5
F16,482,0.2857142857142857,1.351783994289646,1.1666666666666667,XMEAS8-XMEAS9,0.2857142857142857,4
F16,483,0.42857142857142855,1.277034259466139,1.0,XMEAS8-XMEAS9,0.42857142857142855,4
F16,484,0.42857142857142855,1.475076311054695,1.1666666666666667,XMEAS8-XMEAS9,0.42857142857142855,5
F16,485,0.42857142857142855,1.277034259466139,1.1666666666666667,XMEAS8-XMEAS9,0.42857142857142855,4
F16,486,0.42857142857142855,1.277034259466139,1.1666666666666667,XMEAS8-XMEAS9,0.42857142857142855,4
F16,487,0.2857142857142857,1.5498260458782016,1.1666666666666667,XMEAS8-XMEAS9,0.2857142857142857,5
F16,488,0.2857142857142857,1.7478680974667578,1.1666666666666667,XMEAS8-XMEAS9,0.2857142857142857,6
F16,489,0.2857142857142857,1.7478680974667578,1.1666666666666667,XMEAS8-XMEAS9,0.2857142857142857,6
F16,490,0.2857142857142857,1.549826045878202,1.1666666666666667,XMEAS7-XMEAS10,0.2857142857142857,5
F16,491,0.42857142857142855,1.2770342594661392,1.1666666666666667,XMEAS10-XMEAS11,0.42857142857142855,4
F16,492,0.42857142857142855,1.277034259466139,1.1666666666666667,XMEAS8-XMEAS9,0.42857142857142855,4
F16,493,0.2857142857142857,1.549826045878202,1.0,XMEAS7-XMEAS10,0.2857142857142857,5
F16,494,0.2857142857142857,1.549826045878202,1.0,XMEAS8-XMEAS11,0.2857142857142857,5
F16,495,0.2857142857142857,1.5498260458782016,1.0,XMEAS8-XMEAS10,0.2857142857142857,5
F16,496,0.42857142857142855,1.277034259466139,1.0,XMEAS8-XMEAS9,0.42857142857142855,4
F16,497,0.42857142857142855,1.277034259466139,1.4,XMEAS8-XMEAS9,0.42857142857142855,4
F16,498,0.42857142857142855,1.475076311054695,1.1666666666666667,XMEAS8-XMEAS9,0.42857142857142855,5
F16,499,0.2857142857142857,1.7478680974667578,1.0,XMEAS10-XMEAS11,0.2857142857142857,6
F16,500,0.42857142857142855,1.0789922078775833,1.0,XMEAS10-XMEAS11,0.42857142857142855,3
F17,1,0.5714285714285714,0.9556998911125343,1.4,XMEAS7-XMEAS11,0.5714285714285714,3
F17,2,0.7142857142857143,0.5982695885852573,1.4,XMEAS7-XMEAS11,0.7142857142857143,2
F17,3,0.5714285714285714,0.6829081047004717,1.75,XMEAS7-XMEAS11,0.5714285714285714,2
F17,4,0.8571428571428571,0.410116318288409,2.3333333333333335,XMEAS7-XMEAS11,0.8571428571428571,2
F17,5,0.5714285714285714,0.6829081047004717,1.4,XMEAS7-XMEAS9,0.5714285714285714,2
F17,6,0.7142857142857143,0.7963116401738131,1.75,XMEAS7-XMEAS11,0.7142857142857143,3
F17,7,0.42857142857142855,1.0042424730540764,1.75,XMEAS7-XMEAS11,0.42857142857142855,3
F17,8,0.7142857142857143,0.5982695885852573,2.3333333333333335,XMEAS7-XMEAS11,0.7142857142857143,2
F17,9,0.5714285714285714,0.9556998911125343,1.1666666666666667,XMEAS7-XMEAS9,0.5714285714285714,3
F17,10,0.7142857142857143,0.5982695885852573,2.3333333333333335,XMEAS7-XMEAS11,0.7142857142857143,2
F17,11,0.8571428571428571,0.410116318288409,2.3333333333333335,XMEAS7-XMEAS9,0.8571428571428571,2
F17,12,1.0,0.0,7.0,XMEAS7-XMEAS11,1.0,1
F17,13,0.7142857142857143,0.5982695885852573,2.3333333333333335,XMEAS7-XMEAS11,0.7142857142857143,2
F17,14,0.8571428571428571,0.410116318288409,2.3333333333333335,XMEAS7-XMEAS11,0.8571428571428571,2
F17,15,0.5714285714285714,0.6829081047004717,2.3333333333333335,XMEAS7-XMEAS11,0.5714285714285714,2
F17,16,0.7142857142857143,0.5982695885852573,1.75,XMEAS7-XMEAS11,0.7142857142857143,2
F17,17,0.5714285714285714,0.6829081047004717,1.0,XMEAS7-XMEAS11,0.5714285714285714,2
F17,18,0.7142857142857143,0.5982695885852573,1.4,XMEAS7-XMEAS11,0.7142857142857143,2
F17,19,0.7142857142857143,0.7963116401738131,1.75,XMEAS7-XMEAS11,0.7142857142857143,3
F17,20,0.7142857142857143,0.5982695885852573,2.3333333333333335,XMEAS7-XMEAS11,0.7142857142857143,2
F17,21,0.7142857142857143,0.5982695885852573,1.4,XMEAS7-XMEAS11,0.7142857142857143,2
F17,22,0.5714285714285714,0.9556998911125343,1.0,XMEAS7-XMEAS11,0.5714285714285714,3
F17,23,0.5714285714285714,0.6829081047004717,1.4,XMEAS7-XMEAS9,0.5714285714285714,2
F17,24,0.7142857142857143,0.5982695885852573,1.75,XMEAS7-XMEAS11,0.7142857142857143,2
F17,25,0.5714285714285714,0.6829081047004717,2.3333333333333335,XMEAS7-XMEAS11,0.5714285714285714,2
F17,26,0.5714285714285714,0.9556998911125343,1.75,XMEAS7-XMEAS9,0.5714285714285714,3
F17,27,1.0,0.0,7.0,XMEAS7-XMEAS9,1.0,1
F17,28,0.5714285714285714,0.6829081047004717,1.4,XMEAS7-XMEAS9,0.5714285714285714,2
F17,29,0.5714285714285714,0.9556998911125343,1.1666666666666667,XMEAS7-XMEAS11,0.5714285714285714,3
F17,30,0.8571428571428571,0.410116318288409,2.3333333333333335,XMEAS7-XMEAS11,0.8571428571428571,2
F17,31,0.5714285714285714,0.9556998911125343,1.1666666666666667,XMEAS7-XMEAS11,0.5714285714285714,3
F17,32,0.42857142857142855,1.0042424730540764,1.1666666666666667,XMEAS7-XMEAS9,0.42857142857142855,3
F17,33,0.5714285714285714,0.6829081047004717,1.4,XMEAS7-XMEAS11,0.5714285714285714,2
F17,34,0.42857142857142855,1.0042424730540764,1.75,XMEAS7-XMEAS11,0.42857142857142855,3
F17,35,0.5714285714285714,0.6829081047004717,1.0,XMEAS7-XMEAS11,0.5714285714285714,2
F17,36,0.5714285714285714,0.6829081047004717,1.75,XMEAS7-XMEAS11,0.5714285714285714,2
F17,37,0.8571428571428571,0.410116318288409,2.3333333333333335,XMEAS7-XMEAS11,0.8571428571428571,2
F17,38,0.5714285714285714,0.9556998911125343,1.0,XMEAS7-XMEAS11,0.5714285714285714,3
F17,39,0.5714285714285714,0.9556998911125343,1.4,XMEAS7-XMEAS11,0.5714285714285714,3
F17,40,0.7142857142857143,0.5982695885852573,1.4,XMEAS7-XMEAS11,0.7142857142857143,2
F17,41,0.5714285714285714,0.6829081047004717,1.4,XMEAS7-XMEAS9,0.5714285714285714,2
F17,42,0.42857142857142855,1.0042424730540764,1.75,XMEAS7-XMEAS9,0.42857142857142855,3
F17,43,0.5714285714285714,0.9556998911125343,1.4,XMEAS7-XMEAS11,0.5714285714285714,3
F17,44,0.7142857142857143,0.5982695885852573,2.3333333333333335,XMEAS7-XMEAS9,0.7142857142857143,2
F17,45,0.8571428571428571,0.410116318288409,3.5,XMEAS7-XMEAS11,0.8571428571428571,2
F17,46,0.5714285714285714,0.6829081047004717,1.1666666666666667,XMEAS7-XMEAS11,0.5714285714285714,2
F17,47,0.5714285714285714,0.6829081047004717,1.75,XMEAS7-XMEAS11,0.5714285714285714,2
F17,48,0.8571428571428571,0.410116318288409,3.5,XMEAS7-XMEAS11,0.8571428571428571,2
F17,49,0.7142857142857143,0.5982695885852573,1.75,XMEAS7-XMEAS11,0.7142857142857143,2
F17,50,0.5714285714285714,1.1537419427010902,1.4,XMEAS7-XMEAS9,0.5714285714285714,4
F17,51,0.8571428571428571,0.410116318288409,2.3333333333333335,XMEAS7-XMEAS9,0.8571428571428571,2
F17,52,0.8571428571428571,0.410116318288409,3.5,XMEAS7-XMEAS11,0.8571428571428571,2
F17,53,0.5714285714285714,0.6829081047004717,1.1666666666666667,XMEAS7-XMEAS11,0.5714285714285714,2
F17,54,0.8571428571428571,0.410116318288409,3.5,XMEAS7-XMEAS11,0.8571428571428571,2
F17,55,0.7142857142857143,0.5982695885852573,2.3333333333333335,XMEAS7-XMEAS11,0.7142857142857143,2
F17,56,0.7142857142857143,0.5982695885852573,2.3333333333333335,XMEAS7-XMEAS9,0.7142857142857143,2
F17,57,0.5714285714285714,0.6829081047004717,1.1666666666666667,XMEAS7-XMEAS11,0.5714285714285714,2
F17,58,0.8571428571428571,0.410116318288409,2.3333333333333335,XMEAS7-XMEAS11,0.8571428571428571,2
F17,59,0.42857142857142855,1.0042424730540764,1.4,XMEAS7-XMEAS11,0.42857142857142855,3
F17,60,0.5714285714285714,0.6829081047004717,1.75,XMEAS7-XMEAS11,0.5714285714285714,2
F17,61,0.7142857142857143,0.5982695885852573,1.4,XMEAS7-XMEAS11,0.7142857142857143,2
F17,62,0.5714285714285714,0.6829081047004717,1.1666666666666667,XMEAS7-XMEAS9,0.5714285714285714,2
F17,63,0.5714285714285714,0.6829081047004717,1.4,XMEAS7-XMEAS11,0.5714285714285714,2
F17,64,0.42857142857142855,1.0042424730540764,1.4,XMEAS7-XMEAS9,0.42857142857142855,3
F17,65,0.5714285714285714,0.9556998911125343,1.75,XMEAS7-XMEAS9,0.5714285714285714,3
F17,66,0.7142857142857143,0.5982695885852573,1.4,XMEAS7-XMEAS11,0.7142857142857143,2
F17,67,0.7142857142857143,0.5982695885852573,1.75,XMEAS7-XMEAS11,0.7142857142857143,2
F17,68,0.5714285714285714,0.9556998911125343,1.0,XMEAS7-XMEAS11,0.5714285714285714,3
F17,69,0.5714285714285714,0.6829081047004717,2.3333333333333335,XMEAS7-XMEAS9,0.5714285714285714,2
F17,70,0.8571428571428571,0.410116318288409,2.3333333333333335,XMEAS7-XMEAS9,0.8571428571428571,2
F17,71,0.5714285714285714,0.6829081047004717,1.1666666666666667,XMEAS7-XMEAS9,0.5714285714285714,2
F17,72,0.5714285714285714,0.6829081047004717,1.75,XMEAS7-XMEAS11,0.5714285714285714,2
F17,73,0.7142857142857143,0.5982695885852573,1.4,XMEAS7-XMEAS11,0.7142857142857143,2
F17,74,0.7142857142857143,0.5982695885852573,1.4,XMEAS7-XMEAS11,0.7142857142857143,2
F17,75,0.5714285714285714,0.6829081047004717,1.4,XMEAS7-XMEAS9,0.5714285714285714,2
F17,76,0.5714285714285714,0.6829081047004717,2.3333333333333335,XMEAS7-XMEAS11,0.5714285714285714,2
F17,77,0.7142857142857143,0.5982695885852573,1.75,XMEAS7-XMEAS9,0.7142857142857143,2
F17,78,0.5714285714285714,0.6829081047004717,1.1666666666666667,XMEAS7-XMEAS11,0.5714285714285714,2
F17,79,0.5714285714285714,0.6829081047004717,1.1666666666666667,XMEAS7-XMEAS11,0.5714285714285714,2
F17,80,0.8571428571428571,0.410116318288409,2.3333333333333335,XMEAS7-XMEAS11,0.8571428571428571,2
F17,81,0.7142857142857143,0.5982695885852573,1.4,XMEAS7-XMEAS11,0.7142857142857143,2
F17,82,0.5714285714285714,0.9556998911125343,1.1666666666666667,XMEAS7-XMEAS11,0.5714285714285714,3
F17,83,0.42857142857142855,1.0042424730540764,1.4,XMEAS7-XMEAS11,0.42857142857142855,3
F17,84,0.5714285714285714,0.6829081047004717,1.0,XMEAS7-XMEAS9,0.5714285714285714,2
F17,85,0.7142857142857143,0.5982695885852573,1.4,XMEAS7-XMEAS11,0.7142857142857143,2
F17,86,0.42857142857142855,1.0042424730540764,1.4,XMEAS7-XMEAS9,0.42857142857142855,3
F17,87,0.5714285714285714,0.9556998911125343,1.4,XMEAS7-XMEAS11,0.5714285714285714,3
F17,88,0.7142857142857143,0.5982695885852573,1.4,XMEAS7-XMEAS9,0.7142857142857143,2
F17,89,0.7142857142857143,0.5982695885852573,3.5,XMEAS7-XMEAS11,0.7142857142857143,2
F17,90,0.7142857142857143,0.5982695885852573,1.75,XMEAS7-XMEAS11,0.7142857142857143,2
F17,91,0.5714285714285714,0.9556998911125343,1.4,XMEAS7-XMEAS11,0.5714285714285714,3
F17,92,0.7142857142857143,0.5982695885852573,1.75,XMEAS7-XMEAS11,0.7142857142857143,2
F17,93,0.7142857142857143,0.5982695885852573,3.5,XMEAS7-XMEAS11,0.7142857142857143,2
F17,94,0.5714285714285714,0.6829081047004717,1.75,XMEAS7-XMEAS11,0.5714285714285714,2
F17,95,0.5714285714285714,0.6829081047004717,1.75,XMEAS7-XMEAS11,0.5714285714285714,2
F17,96,0.5714285714285714,0.6829081047004717,2.3333333333333335,XMEAS7-XMEAS11,0.5714285714285714,2
F17,97,0.7142857142857143,0.5982695885852573,1.75,XMEAS7-XMEAS9,0.7142857142857143,2
F17,98,0.5714285714285714,0.9556998911125343,1.75,XMEAS7-XMEAS11,0.5714285714285714,3
F17,99,0.5714285714285714,0.6829081047004717,1.75,XMEAS7-XMEAS11,0.5714285714285714,2
F17,100,0.7142857142857143,0.5982695885852573,1.4,XMEAS7-XMEAS11,0.7142857142857143,2
F17,101,0.7142857142857143,0.5982695885852573,2.3333333333333335,XMEAS7-XMEAS9,0.7142857142857143,2
F17,102,0.5714285714285714,0.6829081047004717,2.3333333333333335,XMEAS7-XMEAS9,0.5714285714285714,2
F17,103,0.5714285714285714,0.6829081047004717,1.75,XMEAS7-XMEAS9,0.5714285714285714,2
F17,104,0.7142857142857143,0.5982695885852573,2.3333333333333335,XMEAS7-XMEAS11,0.7142857142857143,2
F17,105,0.42857142857142855,1.0042424730540764,1.75,XMEAS7-XMEAS11,0.42857142857142855,3
F17,106,0.8571428571428571,0.410116318288409,2.3333333333333335,XMEAS7-XMEAS9,0.8571428571428571,2
F17,107,0.5714285714285714,0.6829081047004717,2.3333333333333335,XMEAS7-XMEAS9,0.5714285714285714,2
F17,108,0.5714285714285714,0.6829081047004717,1.75,XMEAS7-XMEAS11,0.5714285714285714,2
F17,109,0.7142857142857143,0.5982695885852573,2.3333333333333335,XMEAS7-XMEAS11,0.7142857142857143,2
F17,110,0.8571428571428571,0.410116318288409,2.3333333333333335,XMEAS7-XMEAS11,0.8571428571428571,2
F17,111,0.42857142857142855,1.2770342594661392,1.1666666666666667,XMEAS7-XMEAS11,0.42857142857142855,4
F17,112,0.7142857142857143,0.5982695885852573,1.75,XMEAS7-XMEAS11,0.7142857142857143,2
F17,113,0.5714285714285714,0.6829081047004717,1.4,XMEAS7-XMEAS9,0.5714285714285714,2
F17,114,0.8571428571428571,0.410116318288409,2.3333333333333335,XMEAS7-XMEAS11,0.8571428571428571,2
F17,115,1.0,0.0,7.0,XMEAS7-XMEAS11,1.0,1
F17,116,0.5714285714285714,0.6829081047004717,1.1666666666666667,XMEAS7-XMEAS11,0.5714285714285714,2
F17,117,0.42857142857142855,1.0042424730540764,1.1666666666666667,XMEAS7-XMEAS11,0.42857142857142855,3
F17,118,0.8571428571428571,0.410116318288409,3.5,XMEAS7-XMEAS11,0.8571428571428571,2
F17,119,0.5714285714285714,0.6829081047004717,2.3333333333333335,XMEAS7-XMEAS11,0.5714285714285714,2
F17,120,0.5714285714285714,0.6829081047004717,1.75,XMEAS7-XMEAS9,0.5714285714285714,2
F17,121,1.0,0.0,7.0,XMEAS7-XMEAS9,1.0,1
F17,122,0.5714285714285714,0.6829081047004717,1.75,XMEAS7-XMEAS9,0.5714285714285714,2
F17,123,0.8571428571428571,0.410116318288409,3.5,XMEAS7-XMEAS11,0.8571428571428571,2
F17,124,0.7142857142857143,0.5982695885852573,1.75,XMEAS7-XMEAS9,0.7142857142857143,2
F17,125,0.5714285714285714,0.6829081047004717,1.1666666666666667,XMEAS7-XMEAS9,0.5714285714285714,2
F17,126,0.7142857142857143,0.5982695885852573,1.75,XMEAS7-XMEAS9,0.7142857142857143,2
F17,127,1.0,0.0,7.0,XMEAS7-XMEAS9,1.0,1
F17,128,0.8571428571428571,0.410116318288409,3.5,XMEAS7-XMEAS11,0.8571428571428571,2
F17,129,0.42857142857142855,1.0042424730540764,1.4,XMEAS7-XMEAS9,0.42857142857142855,3
F17,130,0.7142857142857143,0.7963116401738131,1.75,XMEAS7-XMEAS11,0.7142857142857143,3
F17,131,0.7142857142857143,0.5982695885852573,1.4,XMEAS7-XMEAS11,0.7142857142857143,2
F17,132,0.8571428571428571,0.410116318288409,2.3333333333333335,XMEAS7-XMEAS11,0.8571428571428571,2
F17,133,0.7142857142857143,0.5982695885852573,1.4,XMEAS7-XMEAS11,0.7142857142857143,2
F17,134,0.5714285714285714,0.6829081047004717,1.4,XMEAS7-XMEAS11,0.5714285714285714,2
F17,135,0.7142857142857143,0.5982695885852573,1.75,XMEAS7-XMEAS11,0.7142857142857143,2
F17,136,0.8571428571428571,0.410116318288409,2.3333333333333335,XMEAS7-XMEAS11,0.8571428571428571,2
F17,137,0.5714285714285714,0.6829081047004717,1.75,XMEAS7-XMEAS11,0.5714285714285714,2
F17,138,0.5714285714285714,0.6829081047004717,2.3333333333333335,XMEAS7-XMEAS11,0.5714285714285714,2
F17,139,0.8571428571428571,0.410116318288409,3.5,XMEAS7-XMEAS11,0.8571428571428571,2
F17,140,0.7142857142857143,0.5982695885852573,1.4,XMEAS7-XMEAS9,0.7142857142857143,2
F17,141,0.7142857142857143,0.5982695885852573,2.3333333333333335,XMEAS7-XMEAS11,0.7142857142857143,2
F17,142,0.5714285714285714,0.6829081047004717,1.75,XMEAS7-XMEAS11,0.5714285714285714,2
F17,143,0.7142857142857143,0.5982695885852573,1.4,XMEAS7-XMEAS11,0.7142857142857143,2
F17,144,0.5714285714285714,0.6829081047004717,1.75,XMEAS7-XMEAS11,0.5714285714285714,2
F17,145,0.8571428571428571,0.410116318288409,2.3333333333333335,XMEAS7-XMEAS11,0.8571428571428571,2
F17,146,0.42857142857142855,1.0042424730540764,2.3333333333333335,XMEAS7-XMEAS11,0.42857142857142855,3
F17,147,0.7142857142857143,0.5982695885852573,1.4,XMEAS7-XMEAS11,0.7142857142857143,2
F17,148,0.5714285714285714,0.6829081047004717,1.75,XMEAS7-XMEAS11,0.5714285714285714,2
F17,149,0.42857142857142855,1.0042424730540764,1.75,XMEAS7-XMEAS9,0.42857142857142855,3
F17,150,0.7142857142857143,0.5982695885852573,1.75,XMEAS7-XMEAS9,0.7142857142857143,2
F17,151,0.7142857142857143,0.5982695885852573,2.3333333333333335,XMEAS7-XMEAS9,0.7142857142857143,2
F17,152,0.7142857142857143,0.5982695885852573,1.75,XMEAS7-XMEAS9,0.7142857142857143,2
F17,153,0.8571428571428571,0.410116318288409,2.3333333333333335,XMEAS7-XMEAS11,0.8571428571428571,2
F17,154,0.7142857142857143,0.796311640173813,2.3333333333333335,XMEAS7-XMEAS11,0.7142857142857143,3
F17,155,0.5714285714285714,0.6829081047004717,3.5,XMEAS7-XMEAS9,0.5714285714285714,2
F17,156,0.5714285714285714,0.6829081047004717,1.75,XMEAS7-XMEAS9,0.5714285714285714,2
F17,157,0.8571428571428571,0.410116318288409,2.3333333333333335,XMEAS7-XMEAS11,0.8571428571428571,2
F17,158,0.8571428571428571,0.410116318288409,2.3333333333333335,XMEAS7-XMEAS11,0.8571428571428571,2
F17,159,0.7142857142857143,0.5982695885852573,1.75,XMEAS7-XMEAS11,0.7142857142857143,2
F17,160,0.8571428571428571,0.410116318288409,3.5,XMEAS7-XMEAS11,0.8571428571428571,2
F17,161,0.5714285714285714,0.6829081047004717,1.4,XMEAS7-XMEAS9,0.5714285714285714,2
F17,162,0.5714285714285714,0.9556998911125343,1.4,XMEAS7-XMEAS11,0.5714285714285714,3
F17,163,1.0,0.0,7.0,XMEAS7-XMEAS9,1.0,1
F17,164,0.5714285714285714,0.6829081047004717,1.75,XMEAS7-XMEAS11,0.5714285714285714,2
F17,165,0.7142857142857143,0.5982695885852573,1.4,XMEAS7-XMEAS9,0.7142857142857143,2
F17,166,0.5714285714285714,0.6829081047004717,1.4,XMEAS7-XMEAS11,0.5714285714285714,2
F17,167,0.7142857142857143,0.5982695885852573,1.4,XMEAS7-XMEAS11,0.7142857142857143,2
F17,168,0.5714285714285714,0.6829081047004717,2.3333333333333335,XMEAS7-XMEAS11,0.5714285714285714,2
F17,169,0.5714285714285714,0.6829081047004717,1.1666666666666667,XMEAS7-XMEAS9,0.5714285714285714,2
F17,170,0.8571428571428571,0.410116318288409,3.5,XMEAS7-XMEAS11,0.8571428571428571,2
F17,171,0.5714285714285714,0.6829081047004717,1.75,XMEAS7-XMEAS11,0.5714285714285714,2
F17,172,0.7142857142857143,0.5982695885852573,1.75,XMEAS7-XMEAS11,0.7142857142857143,2
F17,173,0.5714285714285714,0.6829081047004717,1.4,XMEAS7-XMEAS11,0.5714285714285714,2
F17,174,0.8571428571428571,0.410116318288409,3.5,XMEAS7-XMEAS11,0.8571428571428571,2
F17,175,0.5714285714285714,0.6829081047004717,1.4,XMEAS7-XMEAS9,0.5714285714285714,2
F17,176,0.8571428571428571,0.410116318288409,3.5,XMEAS7-XMEAS11,0.8571428571428571,2
F17,177,0.7142857142857143,0.5982695885852573,3.5,XMEAS7-XMEAS11,0.7142857142857143,2
F17,178,0.8571428571428571,0.410116318288409,2.3333333333333335,XMEAS7-XMEAS11,0.8571428571428571,2
F17,179,0.5714285714285714,0.6829081047004717,1.75,XMEAS7-XMEAS11,0.5714285714285714,2
F17,180,0.5714285714285714,0.6829081047004717,1.75,XMEAS7-XMEAS11,0.5714285714285714,2
F17,181,0.7142857142857143,0.5982695885852573,2.3333333333333335,XMEAS7-XMEAS9,0.7142857142857143,2
F17,182,0.5714285714285714,0.9556998911125343,1.1666666666666667,XMEAS7-XMEAS11,0.5714285714285714,3
F17,183,0.7142857142857143,0.7963116401738131,1.4,XMEAS7-XMEAS11,0.7142857142857143,3
F17,184,0.7142857142857143,0.5982695885852573,1.4,XMEAS7-XMEAS11,0.7142857142857143,2
F17,185,0.5714285714285714,0.9556998911125343,1.4,XMEAS7-XMEAS11,0.5714285714285714,3
F17,186,0.7142857142857143,0.5982695885852573,1.4,XMEAS7-XMEAS11,0.7142857142857143,2
F17,187,0.5714285714285714,0.6829081047004717,2.3333333333333335,XMEAS7-XMEAS11,0.5714285714285714,2
F17,188,0.7142857142857143,0.5982695885852573,1.75,XMEAS7-XMEAS11,0.7142857142857143,2
F17,189,0.7142857142857143,0.5982695885852573,1.4,XMEAS7-XMEAS11,0.7142857142857143,2
F17,190,0.5714285714285714,0.6829081047004717,1.4,XMEAS7-XMEAS11,0.5714285714285714,2
F17,191,0.8571428571428571,0.410116318288409,2.3333333333333335,XMEAS7-XMEAS11,0.8571428571428571,2
F17,192,0.42857142857142855,1.0042424730540764,1.1666666666666667,XMEAS7-XMEAS11,0.42857142857142855,3
F17,193,0.8571428571428571,0.410116318288409,3.5,XMEAS7-XMEAS11,0.8571428571428571,2
F17,194,0.7142857142857143,0.5982695885852573,2.3333333333333335,XMEAS7-XMEAS11,0.7142857142857143,2
F17,195,0.7142857142857143,0.5982695885852573,2.3333333333333335,XMEAS7-XMEAS9,0.7142857142857143,2
F17,196,0.5714285714285714,0.6829081047004717,1.1666666666666667,XMEAS7-XMEAS11,0.5714285714285714,2
F17,197,0.5714285714285714,0.9556998911125343,1.75,XMEAS7-XMEAS9,0.5714285714285714,3
F17,198,0.7142857142857143,0.7963116401738131,1.75,XMEAS7-XMEAS11,0.7142857142857143,3
F17,199,0.5714285714285714,0.6829081047004717,2.3333333333333335,XMEAS7-XMEAS9,0.5714285714285714,2
F17,200,0.5714285714285714,0.6829081047004717,1.4,XMEAS7-XMEAS11,0.5714285714285714,2
F17,201,0.42857142857142855,1.0042424730540764,1.75,XMEAS7-XMEAS9,0.42857142857142855,3
F17,202,0.42857142857142855,1.0042424730540764,1.75,XMEAS7-XMEAS11,0.42857142857142855,3
F17,203,0.5714285714285714,0.6829081047004717,1.1666666666666667,XMEAS7-XMEAS11,0.5714285714285714,2
F17,204,0.7142857142857143,0.5982695885852573,1.75,XMEAS7-XMEAS11,0.7142857142857143,2
F17,205,0.7142857142857143,0.7963116401738131,1.75,XMEAS7-XMEAS11,0.7142857142857143,3
F17,206,0.5714285714285714,0.9556998911125343,1.4,XMEAS7-XMEAS11,0.5714285714285714,3
F17,207,0.5714285714285714,0.6829081047004717,1.75,XMEAS7-XMEAS11,0.5714285714285714,2
F17,208,0.5714285714285714,0.6829081047004717,2.3333333333333335,XMEAS7-XMEAS11,0.5714285714285714,2
F17,209,0.5714285714285714,0.6829081047004717,1.75,XMEAS7-XMEAS9,0.5714285714285714,2
F17,210,0.5714285714285714,0.6829081047004717,1.75,XMEAS7-XMEAS9,0.5714285714285714,2
F17,211,0.7142857142857143,0.5982695885852573,1.75,XMEAS7-XMEAS11,0.7142857142857143,2
F17,212,0.8571428571428571,0.410116318288409,2.3333333333333335,XMEAS7-XMEAS11,0.8571428571428571,2
F17,213,0.42857142857142855,1.0042424730540764,1.4,XMEAS7-XMEAS9,0.42857142857142855,3
F17,214,0.7142857142857143,0.5982695885852573,1.75,XMEAS7-XMEAS9,0.7142857142857143,2
F17,215,0.7142857142857143,0.5982695885852573,1.75,XMEAS7-XMEAS11,0.7142857142857143,2
F17,216,0.7142857142857143,0.5982695885852573,1.4,XMEAS7-XMEAS11,0.7142857142857143,2
F17,217,0.5714285714285714,0.9556998911125343,1.4,XMEAS7-XMEAS11,0.5714285714285714,3
F17,218,0.8571428571428571,0.410116318288409,2.3333333333333335,XMEAS7-XMEAS9,0.8571428571428571,2
F17,219,0.5714285714285714,0.6829081047004717,1.4,XMEAS7-XMEAS9,0.5714285714285714,2
F17,220,0.5714285714285714,0.6829081047004717,1.1666666666666667,XMEAS7-XMEAS9,0.5714285714285714,2
F17,221,0.5714285714285714,0.6829081047004717,1.1666666666666667,XMEAS7-XMEAS11,0.5714285714285714,2
F17,222,0.7142857142857143,0.5982695885852573,1.75,XMEAS7-XMEAS11,0.7142857142857143,2
F17,223,0.5714285714285714,0.9556998911125343,1.4,XMEAS7-XMEAS9,0.5714285714285714,3
F17,224,0.5714285714285714,0.6829081047004717,1.75,XMEAS7-XMEAS11,0.5714285714285714,2
F17,225,1.0,0.0,7.0,XMEAS7-XMEAS11,1.0,1
F17,226,1.0,0.0,7.0,XMEAS7-XMEAS11,1.0,1
F17,227,0.7142857142857143,0.5982695885852573,1.4,XMEAS7-XMEAS11,0.7142857142857143,2
F17,228,0.5714285714285714,0.6829081047004717,1.1666666666666667,XMEAS7-XMEAS9,0.5714285714285714,2
F17,229,0.7142857142857143,0.5982695885852573,1.4,XMEAS7-XMEAS9,0.7142857142857143,2
F17,230,0.7142857142857143,0.5982695885852573,2.3333333333333335,XMEAS7-XMEAS11,0.7142857142857143,2
F17,231,0.7142857142857143,0.5982695885852573,1.75,XMEAS7-XMEAS9,0.7142857142857143,2
F17,232,0.5714285714285714,0.6829081047004717,1.75,XMEAS7-XMEAS11,0.5714285714285714,2
F17,233,0.5714285714285714,0.6829081047004717,1.75,XMEAS7-XMEAS9,0.5714285714285714,2
F17,234,0.7142857142857143,0.5982695885852573,1.4,XMEAS7-XMEAS11,0.7142857142857143,2
F17,235,0.7142857142857143,0.5982695885852573,1.75,XMEAS7-XMEAS11,0.7142857142857143,2
F17,236,0.5714285714285714,1.1537419427010902,1.4,XMEAS7-XMEAS11,0.5714285714285714,4
F17,237,0.7142857142857143,0.5982695885852573,2.3333333333333335,XMEAS7-XMEAS9,0.7142857142857143,2
F17,238,0.8571428571428571,0.410116318288409,2.3333333333333335,XMEAS7-XMEAS11,0.8571428571428571,2
F17,239,0.7142857142857143,0.5982695885852573,1.75,XMEAS7-XMEAS11,0.7142857142857143,2
F17,240,0.8571428571428571,0.410116318288409,2.3333333333333335,XMEAS7-XMEAS11,0.8571428571428571,2
F17,241,1.0,0.0,7.0,XMEAS7-XMEAS9,1.0,1
F17,242,0.8571428571428571,0.410116318288409,2.3333333333333335,XMEAS7-XMEAS11,0.8571428571428571,2
F17,243,0.8571428571428571,0.410116318288409,2.3333333333333335,XMEAS7-XMEAS11,0.8571428571428571,2
F17,244,0.7142857142857143,0.5982695885852573,1.4,XMEAS7-XMEAS11,0.7142857142857143,2
F17,245,0.5714285714285714,0.6829081047004717,1.1666666666666667,XMEAS7-XMEAS9,0.5714285714285714,2
F17,246,0.7142857142857143,0.5982695885852573,2.3333333333333335,XMEAS7-XMEAS11,0.7142857142857143,2
F17,247,0.7142857142857143,0.5982695885852573,1.75,XMEAS7-XMEAS11,0.7142857142857143,2
F17,248,0.8571428571428571,0.410116318288409,2.3333333333333335,XMEAS7-XMEAS11,0.8571428571428571,2
F17,249,0.5714285714285714,0.6829081047004717,1.4,XMEAS7-XMEAS9,0.5714285714285714,2
F17,250,0.5714285714285714,0.6829081047004717,2.3333333333333335,XMEAS7-XMEAS11,0.5714285714285714,2
F17,251,0.5714285714285714,0.6829081047004717,1.4,XMEAS7-XMEAS9,0.5714285714285714,2
F17,252,0.7142857142857143,0.5982695885852573,3.5,XMEAS7-XMEAS11,0.7142857142857143,2
F17,253,0.42857142857142855,1.0042424730540764,1.0,XMEAS7-XMEAS11,0.42857142857142855,3
F17,254,0.42857142857142855,1.277034259466139,1.1666666666666667,XMEAS7-XMEAS9,0.42857142857142855,4
F17,255,0.42857142857142855,1.0042424730540764,1.75,XMEAS7-XMEAS9,0.42857142857142855,3
F17,256,0.7142857142857143,0.5982695885852573,2.3333333333333335,XMEAS7-XMEAS9,0.7142857142857143,2
F17,257,0.8571428571428571,0.410116318288409,2.3333333333333335,XMEAS7-XMEAS9,0.8571428571428571,2
F17,258,0.42857142857142855,1.0042424730540764,1.75,XMEAS7-XMEAS11,0.42857142857142855,3
F17,259,0.5714285714285714,0.9556998911125343,1.4,XMEAS7-XMEAS11,0.5714285714285714,3
F17,260,0.5714285714285714,0.6829081047004717,1.4,XMEAS7-XMEAS9,0.5714285714285714,2
F17,261,0.5714285714285714,0.6829081047004717,1.4,XMEAS7-XMEAS11,0.5714285714285714,2
F17,262,0.7142857142857143,0.7963116401738131,1.75,XMEAS7-XMEAS11,0.7142857142857143,3
F17,263,0.7142857142857143,0.7963116401738131,1.4,XMEAS7-XMEAS11,0.7142857142857143,3
F17,264,0.5714285714285714,0.9556998911125343,1.4,XMEAS7-XMEAS11,0.5714285714285714,3
F17,265,0.5714285714285714,0.6829081047004717,2.3333333333333335,XMEAS7-XMEAS9,0.5714285714285714,2
F17,266,0.7142857142857143,0.5982695885852573,2.3333333333333335,XMEAS7-XMEAS11,0.7142857142857143,2
F17,267,0.5714285714285714,0.6829081047004717,1.0,XMEAS7-XMEAS11,0.5714285714285714,2
F17,268,0.8571428571428571,0.410116318288409,3.5,XMEAS7-XMEAS11,0.8571428571428571,2
F17,269,0.5714285714285714,0.6829081047004717,1.1666666666666667,XMEAS7-XMEAS11,0.5714285714285714,2
F17,270,0.5714285714285714,0.9556998911125343,1.75,XMEAS7-XMEAS11,0.5714285714285714,3
F17,271,0.7142857142857143,0.5982695885852573,1.75,XMEAS7-XMEAS9,0.7142857142857143,2
F17,272,0.5714285714285714,0.6829081047004717,1.75,XMEAS7-XMEAS9,0.5714285714285714,2
F17,273,0.7142857142857143,0.5982695885852573,2.3333333333333335,XMEAS7-XMEAS11,0.7142857142857143,2
F17,274,0.42857142857142855,1.0042424730540764,1.0,XMEAS7-XMEAS9,0.42857142857142855,3
F17,275,0.5714285714285714,0.6829081047004717,2.3333333333333335,XMEAS7-XMEAS11,0.5714285714285714,2
F17,276,0.7142857142857143,0.5982695885852573,1.75,XMEAS7-XMEAS9,0.7142857142857143,2
F17,277,0.5714285714285714,0.6829081047004717,1.4,XMEAS7-XMEAS11,0.5714285714285714,2
F17,278,0.5714285714285714,0.6829081047004717,1.75,XMEAS7-XMEAS11,0.5714285714285714,2
F17,279,0.42857142857142855,1.2770342594661392,1.75,XMEAS7-XMEAS9,0.42857142857142855,4
F17,280,1.0,0.0,7.0,XMEAS7-XMEAS11,1.0,1
F17,281,0.5714285714285714,0.9556998911125343,1.1666666666666667,XMEAS7-XMEAS11,0.5714285714285714,3
F17,282,0.5714285714285714,1.1537419427010902,1.75,XMEAS7-XMEAS9,0.5714285714285714,4
F17,283,1.0,0.0,7.0,XMEAS7-XMEAS11,1.0,1
F17,284,0.5714285714285714,0.6829081047004717,1.75,XMEAS7-XMEAS11,0.5714285714285714,2
F17,285,0.7142857142857143,0.5982695885852573,1.4,XMEAS7-XMEAS11,0.7142857142857143,2
F17,286,0.8571428571428571,0.410116318288409,2.3333333333333335,XMEAS7-XMEAS11,0.8571428571428571,2
F17,287,0.5714285714285714,0.6829081047004717,1.1666666666666667,XMEAS7-XMEAS11,0.5714285714285714,2
F17,288,0.8571428571428571,0.410116318288409,2.3333333333333335,XMEAS7-XMEAS11,0.8571428571428571,2
F17,289,0.5714285714285714,0.6829081047004717,1.4,XMEAS7-XMEAS11,0.5714285714285714,2
F17,290,0.42857142857142855,1.0042424730540764,1.1666666666666667,XMEAS7-XMEAS9,0.42857142857142855,3
F17,291,0.7142857142857143,0.7963116401738131,1.4,XMEAS7-XMEAS11,0.7142857142857143,3
F17,292,0.5714285714285714,1.15374194270109,1.4,XMEAS7-XMEAS9,0.5714285714285714,4
F17,293,0.5714285714285714,0.6829081047004717,1.75,XMEAS7-XMEAS11,0.5714285714285714,2
F17,294,0.7142857142857143,0.5982695885852573,1.75,XMEAS7-XMEAS11,0.7142857142857143,2
F17,295,0.7142857142857143,0.5982695885852573,3.5,XMEAS7-XMEAS11,0.7142857142857143,2
F17,296,0.7142857142857143,0.5982695885852573,3.5,XMEAS7-XMEAS11,0.7142857142857143,2
F17,297,0.8571428571428571,0.410116318288409,3.5,XMEAS7-XMEAS11,0.8571428571428571,2
F17,298,0.5714285714285714,0.6829081047004717,1.75,XMEAS7-XMEAS11,0.5714285714285714,2
F17,299,0.7142857142857143,0.5982695885852573,1.75,XMEAS7-XMEAS9,0.7142857142857143,2
F17,300,0.5714285714285714,0.6829081047004717,1.1666666666666667,XMEAS7-XMEAS11,0.5714285714285714,2
F17,301,0.8571428571428571,0.410116318288409,3.5,XMEAS7-XMEAS11,0.8571428571428571,2
F17,302,0.5714285714285714,0.9556998911125343,1.4,XMEAS7-XMEAS11,0.5714285714285714,3
F17,303,0.5714285714285714,0.9556998911125343,1.75,XMEAS7-XMEAS9,0.5714285714285714,3
F17,304,0.7142857142857143,0.7963116401738131,1.4,XMEAS7-XMEAS11,0.7142857142857143,3
F17,305,0.7142857142857143,0.5982695885852573,2.3333333333333335,XMEAS7-XMEAS11,0.7142857142857143,2
F17,306,0.7142857142857143,0.5982695885852573,1.4,XMEAS7-XMEAS11,0.7142857142857143,2
F17,307,0.5714285714285714,0.6829081047004717,3.5,XMEAS7-XMEAS11,0.5714285714285714,2
F17,308,0.5714285714285714,0.9556998911125343,1.4,XMEAS7-XMEAS11,0.5714285714285714,3
F17,309,0.5714285714285714,0.9556998911125343,2.3333333333333335,XMEAS7-XMEAS11,0.5714285714285714,3
F17,310,0.5714285714285714,0.6829081047004717,3.5,XMEAS7-XMEAS9,0.5714285714285714,2
F17,311,0.7142857142857143,0.5982695885852573,1.75,XMEAS7-XMEAS9,0.7142857142857143,2
F17,312,0.7142857142857143,0.5982695885852573,1.4,XMEAS7-XMEAS11,0.7142857142857143,2
F17,313,1.0,0.0,7.0,XMEAS7-XMEAS11,1.0,1
F17,314,0.42857142857142855,1.0789922078775833,1.1666666666666667,XMEAS7-XMEAS11,0.42857142857142855,3
F17,315,0.8571428571428571,0.410116318288409,3.5,XMEAS7-XMEAS11,0.8571428571428571,2
F17,316,0.5714285714285714,0.9556998911125343,1.4,XMEAS7-XMEAS9,0.5714285714285714,3
F17,317,0.5714285714285714,0.9556998911125343,1.75,XMEAS7-XMEAS11,0.5714285714285714,3
F17,318,0.42857142857142855,1.0042424730540764,1.1666666666666667,XMEAS7-XMEAS11,0.42857142857142855,3
F17,319,0.7142857142857143,0.5982695885852573,1.75,XMEAS7-XMEAS11,0.7142857142857143,2
F17,320,0.5714285714285714,0.9556998911125343,1.4,XMEAS7-XMEAS11,0.5714285714285714,3
F17,321,0.5714285714285714,0.6829081047004717,1.4,XMEAS7-XMEAS11,0.5714285714285714,2
F17,322,0.7142857142857143,0.5982695885852573,2.3333333333333335,XMEAS7-XMEAS11,0.7142857142857143,2
F17,323,0.5714285714285714,0.9556998911125343,1.1666666666666667,XMEAS7-XMEAS11,0.5714285714285714,3
F17,324,0.42857142857142855,1.0042424730540764,1.0,XMEAS7-XMEAS9,0.42857142857142855,3
F17,325,0.7142857142857143,0.5982695885852573,2.3333333333333335,XMEAS7-XMEAS11,0.7142857142857143,2
F17,326,0.8571428571428571,0.410116318288409,3.5,XMEAS7-XMEAS11,0.8571428571428571,2
F17,327,0.5714285714285714,0.9556998911125343,1.4,XMEAS7-XMEAS9,0.5714285714285714,3
F17,328,0.7142857142857143,0.5982695885852573,1.4,XMEAS7-XMEAS11,0.7142857142857143,2
F17,329,0.5714285714285714,0.6829081047004717,1.4,XMEAS7-XMEAS9,0.5714285714285714,2
F17,330,0.7142857142857143,0.5982695885852573,2.3333333333333335,XMEAS7-XMEAS9,0.7142857142857143,2
F17,331,0.5714285714285714,0.9556998911125343,1.1666666666666667,XMEAS7-XMEAS11,0.5714285714285714,3
F17,332,0.7142857142857143,0.5982695885852573,1.4,XMEAS7-XMEAS11,0.7142857142857143,2
F17,333,0.5714285714285714,0.9556998911125343,1.1666666666666667,XMEAS7-XMEAS9,0.5714285714285714,3
F17,334,0.5714285714285714,0.9556998911125343,1.1666666666666667,XMEAS7-XMEAS9,0.5714285714285714,3
F17,335,0.8571428571428571,0.410116318288409,2.3333333333333335,XMEAS7-XMEAS11,0.8571428571428571,2
F17,336,0.7142857142857143,0.5982695885852573,2.3333333333333335,XMEAS7-XMEAS11,0.7142857142857143,2
F17,337,0.8571428571428571,0.410116318288409,2.3333333333333335,XMEAS7-XMEAS11,0.8571428571428571,2
F17,338,0.5714285714285714,0.6829081047004717,1.4,XMEAS7-XMEAS9,0.5714285714285714,2
F17,339,0.8571428571428571,0.410116318288409,2.3333333333333335,XMEAS7-XMEAS11,0.8571428571428571,2
F17,340,0.8571428571428571,0.410116318288409,2.3333333333333335,XMEAS7-XMEAS11,0.8571428571428571,2
F17,341,0.5714285714285714,0.6829081047004717,1.4,XMEAS7-XMEAS9,0.5714285714285714,2
F17,342,0.5714285714285714,0.6829081047004717,1.0,XMEAS7-XMEAS9,0.5714285714285714,2
F17,343,0.5714285714285714,0.6829081047004717,1.4,XMEAS7-XMEAS9,0.5714285714285714,2
F17,344,0.8571428571428571,0.410116318288409,2.3333333333333335,XMEAS7-XMEAS11,0.8571428571428571,2
F17,345,0.8571428571428571,0.410116318288409,2.3333333333333335,XMEAS7-XMEAS11,0.8571428571428571,2
F17,346,0.5714285714285714,0.6829081047004717,1.0,XMEAS7-XMEAS9,0.5714285714285714,2
F17,347,0.8571428571428571,0.410116318288409,2.3333333333333335,XMEAS7-XMEAS11,0.8571428571428571,2
F17,348,0.7142857142857143,0.7963116401738131,1.4,XMEAS7-XMEAS11,0.7142857142857143,3
F17,349,0.5714285714285714,0.6829081047004717,1.4,XMEAS7-XMEAS9,0.5714285714285714,2
F17,350,0.7142857142857143,0.7963116401738131,1.75,XMEAS7-XMEAS11,0.7142857142857143,3
F17,351,0.42857142857142855,1.0042424730540764,1.4,XMEAS7-XMEAS9,0.42857142857142855,3
F17,352,0.42857142857142855,1.2770342594661392,1.4,XMEAS7-XMEAS11,0.42857142857142855,4
F17,353,0.5714285714285714,0.9556998911125343,1.75,XMEAS7-XMEAS11,0.5714285714285714,3
F17,354,0.7142857142857143,0.7963116401738131,2.3333333333333335,XMEAS7-XMEAS9,0.7142857142857143,3
F17,355,0.7142857142857143,0.5982695885852573,3.5,XMEAS7-XMEAS11,0.7142857142857143,2
F17,356,0.8571428571428571,0.410116318288409,3.5,XMEAS7-XMEAS11,0.8571428571428571,2
F17,357,0.5714285714285714,0.9556998911125343,1.4,XMEAS7-XMEAS11,0.5714285714285714,3
F17,358,0.8571428571428571,0.410116318288409,2.3333333333333335,XMEAS7-XMEAS11,0.8571428571428571,2
F17,359,0.5714285714285714,0.6829081047004717,1.75,XMEAS7-XMEAS9,0.5714285714285714,2
F17,360,0.5714285714285714,0.6829081047004717,1.75,XMEAS7-XMEAS11,0.5714285714285714,2
F17,361,0.5714285714285714,0.6829081047004717,1.75,XMEAS7-XMEAS11,0.5714285714285714,2
F17,362,0.5714285714285714,0.6829081047004717,1.75,XMEAS7-XMEAS9,0.5714285714285714,2
F17,363,0.5714285714285714,0.6829081047004717,1.75,XMEAS7-XMEAS9,0.5714285714285714,2
F17,364,0.5714285714285714,0.6829081047004717,1.75,XMEAS7-XMEAS9,0.5714285714285714,2
F17,365,0.42857142857142855,1.0042424730540764,1.4,XMEAS7-XMEAS11,0.42857142857142855,3
F17,366,0.7142857142857143,0.5982695885852573,1.75,XMEAS7-XMEAS11,0.7142857142857143,2
F17,367,0.7142857142857143,0.5982695885852573,1.75,XMEAS7-XMEAS11,0.7142857142857143,2
F17,368,0.8571428571428571,0.410116318288409,2.3333333333333335,XMEAS7-XMEAS11,0.8571428571428571,2
F17,369,0.5714285714285714,0.6829081047004717,1.4,XMEAS7-XMEAS11,0.5714285714285714,2
F17,370,0.8571428571428571,0.410116318288409,3.5,XMEAS7-XMEAS9,0.8571428571428571,2
F17,371,0.5714285714285714,0.6829081047004717,1.4,XMEAS7-XMEAS11,0.5714285714285714,2
F17,372,0.5714285714285714,0.9556998911125343,1.4,XMEAS7-XMEAS11,0.5714285714285714,3
F17,373,0.8571428571428571,0.410116318288409,2.3333333333333335,XMEAS7-XMEAS11,0.8571428571428571,2
F17,374,0.5714285714285714,0.6829081047004717,1.1666666666666667,XMEAS7-XMEAS9,0.5714285714285714,2
F17,375,0.8571428571428571,0.410116318288409,3.5,XMEAS7-XMEAS11,0.8571428571428571,2
F17,376,0.5714285714285714,0.6829081047004717,1.1666666666666667,XMEAS7-XMEAS9,0.5714285714285714,2
F17,377,0.7142857142857143,0.7963116401738131,1.4,XMEAS7-XMEAS11,0.7142857142857143,3
F17,378,0.5714285714285714,0.9556998911125343,1.4,XMEAS7-XMEAS11,0.5714285714285714,3
F17,379,0.7142857142857143,0.7963116401738131,1.75,XMEAS7-XMEAS11,0.7142857142857143,3
F17,380,0.5714285714285714,0.6829081047004717,3.5,XMEAS7-XMEAS11,0.5714285714285714,2
F17,381,0.5714285714285714,0.6829081047004717,2.3333333333333335,XMEAS7-XMEAS11,0.5714285714285714,2
F17,382,0.7142857142857143,0.7963116401738131,1.75,XMEAS7-XMEAS11,0.7142857142857143,3
F17,383,0.8571428571428571,0.410116318288409,2.3333333333333335,XMEAS7-XMEAS11,0.8571428571428571,2
F17,384,0.7142857142857143,0.5982695885852573,1.75,XMEAS7-XMEAS11,0.7142857142857143,2
F17,385,0.5714285714285714,0.6829081047004717,1.4,XMEAS7-XMEAS9,0.5714285714285714,2
F17,386,0.5714285714285714,0.9556998911125343,1.4,XMEAS7-XMEAS9,0.5714285714285714,3
F17,387,0.5714285714285714,0.6829081047004717,1.75,XMEAS7-XMEAS9,0.5714285714285714,2
F17,388,0.8571428571428571,0.410116318288409,2.3333333333333335,XMEAS7-XMEAS11,0.8571428571428571,2
F17,389,0.7142857142857143,0.5982695885852573,1.4,XMEAS7-XMEAS11,0.7142857142857143,2
F17,390,0.5714285714285714,0.6829081047004717,1.1666666666666667,XMEAS7-XMEAS11,0.5714285714285714,2
F17,391,0.5714285714285714,0.6829081047004717,1.1666666666666667,XMEAS7-XMEAS9,0.5714285714285714,2
F17,392,0.5714285714285714,0.6829081047004717,2.3333333333333335,XMEAS7-XMEAS9,0.5714285714285714,2
F17,393,0.7142857142857143,0.5982695885852573,1.75,XMEAS7-XMEAS9,0.7142857142857143,2
F17,394,0.5714285714285714,0.6829081047004717,1.75,XMEAS7-XMEAS9,0.5714285714285714,2
F17,395,0.7142857142857143,0.5982695885852573,1.4,XMEAS7-XMEAS11,0.7142857142857143,2
F17,396,0.7142857142857143,0.5982695885852573,2.3333333333333335,XMEAS7-XMEAS9,0.7142857142857143,2
F17,397,0.5714285714285714,0.6829081047004717,1.4,XMEAS7-XMEAS11,0.5714285714285714,2
F17,398,0.7142857142857143,0.5982695885852573,1.75,XMEAS7-XMEAS9,0.7142857142857143,2
F17,399,0.8571428571428571,0.410116318288409,3.5,XMEAS7-XMEAS11,0.8571428571428571,2
F17,400,0.5714285714285714,0.6829081047004717,1.75,XMEAS7-XMEAS11,0.5714285714285714,2
F17,401,0.8571428571428571,0.410116318288409,2.3333333333333335,XMEAS7-XMEAS11,0.8571428571428571,2
F17,402,0.8571428571428571,0.410116318288409,2.3333333333333335,XMEAS7-XMEAS11,0.8571428571428571,2
F17,403,0.5714285714285714,0.6829081047004717,1.1666666666666667,XMEAS7-XMEAS9,0.5714285714285714,2
F17,404,0.8571428571428571,0.410116318288409,2.3333333333333335,XMEAS7-XMEAS11,0.8571428571428571,2
F17,405,0.5714285714285714,0.9556998911125343,1.1666666666666667,XMEAS7-XMEAS11,0.5714285714285714,3
F17,406,0.7142857142857143,0.5982695885852573,1.75,XMEAS7-XMEAS11,0.7142857142857143,2
F17,407,0.5714285714285714,0.6829081047004717,1.1666666666666667,XMEAS7-XMEAS9,0.5714285714285714,2
F17,408,0.5714285714285714,0.6829081047004717,1.0,XMEAS7-XMEAS9,0.5714285714285714,2
F17,409,1.0,0.0,7.0,XMEAS7-XMEAS11,1.0,1
F17,410,0.8571428571428571,0.410116318288409,2.3333333333333335,XMEAS7-XMEAS11,0.8571428571428571,2
F17,411,0.7142857142857143,0.5982695885852573,3.5,XMEAS7-XMEAS9,0.7142857142857143,2
F17,412,0.7142857142857143,0.7963116401738131,1.4,XMEAS7-XMEAS11,0.7142857142857143,3
F17,413,0.8571428571428571,0.410116318288409,3.5,XMEAS7-XMEAS11,0.8571428571428571,2
F17,414,0.7142857142857143,0.5982695885852573,1.75,XMEAS7-XMEAS11,0.7142857142857143,2
F17,415,0.7142857142857143,0.5982695885852573,1.75,XMEAS7-XMEAS11,0.7142857142857143,2
F17,416,0.42857142857142855,1.0042424730540764,1.1666666666666667,XMEAS7-XMEAS9,0.42857142857142855,3
F17,417,0.8571428571428571,0.410116318288409,2.3333333333333335,XMEAS7-XMEAS11,0.8571428571428571,2
F17,418,0.7142857142857143,0.5982695885852573,1.4,XMEAS7-XMEAS9,0.7142857142857143,2
F17,419,0.7142857142857143,0.7963116401738131,1.75,XMEAS7-XMEAS11,0.7142857142857143,3
F17,420,0.5714285714285714,0.9556998911125343,1.4,XMEAS7-XMEAS9,0.5714285714285714,3
F17,421,0.42857142857142855,1.0042424730540764,1.1666666666666667,XMEAS7-XMEAS9,0.42857142857142855,3
F17,422,0.5714285714285714,0.9556998911125343,1.4,XMEAS7-XMEAS11,0.5714285714285714,3
F17,423,0.5714285714285714,0.6829081047004717,2.3333333333333335,XMEAS7-XMEAS11,0.5714285714285714,2
F17,424,0.5714285714285714,0.9556998911125343,1.4,XMEAS7-XMEAS11,0.5714285714285714,3
F17,425,0.5714285714285714,0.6829081047004717,1.75,XMEAS7-XMEAS11,0.5714285714285714,2
F17,426,0.42857142857142855,1.0042424730540764,1.0,XMEAS7-XMEAS9,0.42857142857142855,3
F17,427,0.42857142857142855,1.0042424730540764,1.1666666666666667,XMEAS7-XMEAS9,0.42857142857142855,3
F17,428,0.7142857142857143,0.5982695885852573,1.75,XMEAS7-XMEAS11,0.7142857142857143,2
F17,429,0.42857142857142855,1.0042424730540764,1.4,XMEAS7-XMEAS11,0.42857142857142855,3
F17,430,0.5714285714285714,0.6829081047004717,1.4,XMEAS7-XMEAS11,0.5714285714285714,2
F17,431,0.5714285714285714,0.6829081047004717,3.5,XMEAS7-XMEAS9,0.5714285714285714,2
F17,432,0.42857142857142855,1.0042424730540764,1.75,XMEAS7-XMEAS11,0.42857142857142855,3
F17,433,0.5714285714285714,0.6829081047004717,1.4,XMEAS7-XMEAS11,0.5714285714285714,2
F17,434,0.5714285714285714,0.6829081047004717,1.4,XMEAS7-XMEAS11,0.5714285714285714,2
F17,435,0.42857142857142855,1.0042424730540764,1.4,XMEAS7-XMEAS11,0.42857142857142855,3
F17,436,0.7142857142857143,0.5982695885852573,1.75,XMEAS7-XMEAS9,0.7142857142857143,2
F17,437,0.5714285714285714,0.9556998911125343,1.4,XMEAS7-XMEAS9,0.5714285714285714,3
F17,438,0.5714285714285714,0.6829081047004717,1.75,XMEAS7-XMEAS11,0.5714285714285714,2
F17,439,0.7142857142857143,0.5982695885852573,1.4,XMEAS7-XMEAS9,0.7142857142857143,2
F17,440,0.5714285714285714,0.9556998911125343,1.1666666666666667,XMEAS7-XMEAS11,0.5714285714285714,3
F17,441,0.7142857142857143,0.5982695885852573,2.3333333333333335,XMEAS7-XMEAS9,0.7142857142857143,2
F17,442,0.5714285714285714,0.6829081047004717,1.4,XMEAS7-XMEAS9,0.5714285714285714,2
F17,443,0.5714285714285714,0.6829081047004717,1.75,XMEAS7-XMEAS11,0.5714285714285714,2
F17,444,0.5714285714285714,0.6829081047004717,1.75,XMEAS7-XMEAS9,0.5714285714285714,2
F17,445,0.7142857142857143,0.5982695885852573,1.4,XMEAS7-XMEAS11,0.7142857142857143,2
F17,446,0.8571428571428571,0.410116318288409,2.3333333333333335,XMEAS7-XMEAS11,0.8571428571428571,2
F17,447,0.5714285714285714,0.6829081047004717,1.75,XMEAS7-XMEAS11,0.5714285714285714,2
F17,448,0.5714285714285714,0.6829081047004717,1.75,XMEAS7-XMEAS9,0.5714285714285714,2
F17,449,0.5714285714285714,0.6829081047004717,1.1666666666666667,XMEAS7-XMEAS11,0.5714285714285714,2
F17,450,0.42857142857142855,1.2770342594661392,1.0,XMEAS7-XMEAS9,0.42857142857142855,4
F17,451,0.5714285714285714,0.9556998911125343,1.1666666666666667,XMEAS7-XMEAS11,0.5714285714285714,3
F17,452,0.7142857142857143,0.5982695885852573,1.75,XMEAS7-XMEAS11,0.7142857142857143,2
F17,453,0.42857142857142855,1.0042424730540764,1.75,XMEAS7-XMEAS9,0.42857142857142855,3
F17,454,0.7142857142857143,0.5982695885852573,1.75,XMEAS7-XMEAS11,0.7142857142857143,2
F17,455,0.5714285714285714,0.6829081047004717,1.75,XMEAS7-XMEAS11,0.5714285714285714,2
F17,456,0.8571428571428571,0.410116318288409,2.3333333333333335,XMEAS7-XMEAS11,0.8571428571428571,2
F17,457,0.5714285714285714,0.6829081047004717,1.75,XMEAS7-XMEAS11,0.5714285714285714,2
F17,458,0.7142857142857143,0.5982695885852573,1.75,XMEAS7-XMEAS11,0.7142857142857143,2
F17,459,0.7142857142857143,0.7963116401738131,1.75,XMEAS7-XMEAS11,0.7142857142857143,3
F17,460,0.7142857142857143,0.5982695885852573,1.75,XMEAS7-XMEAS11,0.7142857142857143,2
F17,461,0.5714285714285714,0.6829081047004717,1.75,XMEAS7-XMEAS9,0.5714285714285714,2
F17,462,0.7142857142857143,0.5982695885852573,2.3333333333333335,XMEAS7-XMEAS11,0.7142857142857143,2
F17,463,0.42857142857142855,1.277034259466139,1.1666666666666667,XMEAS7-XMEAS9,0.42857142857142855,4
F17,464,0.5714285714285714,0.6829081047004717,1.1666666666666667,XMEAS7-XMEAS11,0.5714285714285714,2
F17,465,0.7142857142857143,0.5982695885852573,1.75,XMEAS7-XMEAS9,0.7142857142857143,2
F17,466,0.42857142857142855,1.2770342594661392,1.1666666666666667,XMEAS7-XMEAS11,0.42857142857142855,4
F17,467,0.5714285714285714,0.6829081047004717,1.1666666666666667,XMEAS7-XMEAS9,0.5714285714285714,2
F17,468,0.7142857142857143,0.5982695885852573,1.75,XMEAS7-XMEAS11,0.7142857142857143,2
F17,469,0.42857142857142855,1.0042424730540764,1.75,XMEAS7-XMEAS9,0.42857142857142855,3
F17,470,0.5714285714285714,0.6829081047004717,1.1666666666666667,XMEAS7-XMEAS9,0.5714285714285714,2
F17,471,0.7142857142857143,0.7963116401738131,1.75,XMEAS7-XMEAS9,0.7142857142857143,3
F17,472,0.5714285714285714,0.6829081047004717,1.1666666666666667,XMEAS7-XMEAS9,0.5714285714285714,2
F17,473,0.5714285714285714,0.9556998911125343,1.1666666666666667,XMEAS7-XMEAS11,0.5714285714285714,3
F17,474,0.7142857142857143,0.5982695885852573,1.75,XMEAS7-XMEAS11,0.7142857142857143,2
F17,475,0.7142857142857143,0.5982695885852573,1.75,XMEAS7-XMEAS11,0.7142857142857143,2
F17,476,0.7142857142857143,0.5982695885852573,1.75,XMEAS7-XMEAS11,0.7142857142857143,2
F17,477,0.7142857142857143,0.5982695885852573,2.3333333333333335,XMEAS7-XMEAS11,0.7142857142857143,2
F17,478,0.5714285714285714,0.6829081047004717,2.3333333333333335,XMEAS7-XMEAS11,0.5714285714285714,2
F17,479,0.5714285714285714,0.9556998911125343,1.4,XMEAS7-XMEAS11,0.5714285714285714,3
F17,480,0.7142857142857143,0.5982695885852573,3.5,XMEAS7-XMEAS9,0.7142857142857143,2
F17,481,0.7142857142857143,0.5982695885852573,1.75,XMEAS7-XMEAS11,0.7142857142857143,2
F17,482,0.5714285714285714,0.6829081047004717,1.75,XMEAS7-XMEAS9,0.5714285714285714,2
F17,483,0.5714285714285714,0.6829081047004717,2.3333333333333335,XMEAS7-XMEAS9,0.5714285714285714,2
F17,484,0.5714285714285714,0.6829081047004717,1.75,XMEAS7-XMEAS11,0.5714285714285714,2
F17,485,0.5714285714285714,0.6829081047004717,1.75,XMEAS7-XMEAS9,0.5714285714285714,2
F17,486,0.8571428571428571,0.410116318288409,3.5,XMEAS7-XMEAS11,0.8571428571428571,2
F17,487,0.5714285714285714,0.9556998911125343,1.75,XMEAS7-XMEAS11,0.5714285714285714,3
F17,488,0.5714285714285714,0.6829081047004717,1.4,XMEAS7-XMEAS9,0.5714285714285714,2
F17,489,0.42857142857142855,1.0789922078775833,1.4,XMEAS7-XMEAS11,0.42857142857142855,3
F17,490,0.5714285714285714,0.9556998911125343,1.1666666666666667,XMEAS7-XMEAS11,0.5714285714285714,3
F17,491,0.7142857142857143,0.5982695885852573,3.5,XMEAS7-XMEAS11,0.7142857142857143,2
F17,492,0.7142857142857143,0.5982695885852573,1.75,XMEAS7-XMEAS11,0.7142857142857143,2
F17,493,0.7142857142857143,0.5982695885852573,2.3333333333333335,XMEAS7-XMEAS11,0.7142857142857143,2
F17,494,0.7142857142857143,0.5982695885852573,1.75,XMEAS7-XMEAS11,0.7142857142857143,2
F17,495,0.5714285714285714,0.6829081047004717,1.75,XMEAS7-XMEAS9,0.5714285714285714,2
F17,496,0.5714285714285714,0.9556998911125343,1.1666666666666667,XMEAS7-XMEAS11,0.5714285714285714,3
F17,497,0.5714285714285714,0.6829081047004717,2.3333333333333335,XMEAS7-XMEAS9,0.5714285714285714,2
F17,498,0.5714285714285714,0.6829081047004717,1.4,XMEAS7-XMEAS11,0.5714285714285714,2
F17,499,0.5714285714285714,0.6829081047004717,1.4,XMEAS7-XMEAS11,0.5714285714285714,2
F17,500,0.5714285714285714,0.6829081047004717,1.75,XMEAS7-XMEAS9,0.5714285714285714,2
F18,1,0.8571428571428571,0.410116318288409,3.5,XMEAS7-XMEAS11,0.8571428571428571,2
F18,2,0.8571428571428571,0.410116318288409,3.5,XMEAS7-XMEAS11,0.8571428571428571,2
F18,3,0.7142857142857143,0.5982695885852573,3.5,XMEAS7-XMEAS11,0.7142857142857143,2
F18,4,0.42857142857142855,1.0042424730540764,1.75,XMEAS9-XMEAS11,0.42857142857142855,3
F18,5,0.5714285714285714,0.6829081047004717,3.5,XMEAS7-XMEAS11,0.5714285714285714,2
F18,6,0.5714285714285714,0.6829081047004717,1.75,XMEAS9-XMEAS11,0.5714285714285714,2
F18,7,0.5714285714285714,0.6829081047004717,3.5,XMEAS9-XMEAS11,0.5714285714285714,2
F18,8,0.7142857142857143,0.796311640173813,2.3333333333333335,XMEAS7-XMEAS11,0.7142857142857143,3
F18,9,0.7142857142857143,0.5982695885852573,1.75,XMEAS7-XMEAS11,0.7142857142857143,2
F18,10,0.8571428571428571,0.410116318288409,3.5,XMEAS7-XMEAS11,0.8571428571428571,2
F18,11,0.8571428571428571,0.410116318288409,3.5,XMEAS7-XMEAS11,0.8571428571428571,2
F18,12,0.7142857142857143,0.5982695885852573,3.5,XMEAS7-XMEAS11,0.7142857142857143,2
F18,13,1.0,0.0,7.0,XMEAS7-XMEAS11,1.0,1
F18,14,0.5714285714285714,0.6829081047004717,3.5,XMEAS7-XMEAS11,0.5714285714285714,2
F18,15,0.8571428571428571,0.410116318288409,3.5,XMEAS7-XMEAS11,0.8571428571428571,2
F18,16,0.7142857142857143,0.5982695885852573,1.75,XMEAS9-XMEAS11,0.7142857142857143,2
F18,17,0.8571428571428571,0.410116318288409,3.5,XMEAS7-XMEAS11,0.8571428571428571,2
F18,18,0.5714285714285714,0.9556998911125343,1.75,XMEAS7-XMEAS11,0.5714285714285714,3
F18,19,0.8571428571428571,0.410116318288409,3.5,XMEAS7-XMEAS11,0.8571428571428571,2
F18,20,0.8571428571428571,0.410116318288409,3.5,XMEAS7-XMEAS11,0.8571428571428571,2
F18,21,0.8571428571428571,0.410116318288409,3.5,XMEAS7-XMEAS11,0.8571428571428571,2
F18,22,1.0,0.0,7.0,XMEAS9-XMEAS11,1.0,1
F18,23,0.8571428571428571,0.410116318288409,3.5,XMEAS7-XMEAS11,0.8571428571428571,2
F18,24,1.0,0.0,7.0,XMEAS7-XMEAS11,1.0,1
F18,25,0.8571428571428571,0.410116318288409,3.5,XMEAS7-XMEAS11,0.8571428571428571,2
F18,26,0.7142857142857143,0.5982695885852573,3.5,XMEAS7-XMEAS11,0.7142857142857143,2
F18,27,0.8571428571428571,0.410116318288409,3.5,XMEAS7-XMEAS11,0.8571428571428571,2
F18,28,0.7142857142857143,0.5982695885852573,1.75,XMEAS7-XMEAS11,0.7142857142857143,2
F18,29,0.8571428571428571,0.410116318288409,3.5,XMEAS7-XMEAS11,0.8571428571428571,2
F18,30,0.7142857142857143,0.796311640173813,2.3333333333333335,XMEAS7-XMEAS11,0.7142857142857143,3
F18,31,0.5714285714285714,0.6829081047004717,3.5,XMEAS7-XMEAS11,0.5714285714285714,2
F18,32,0.8571428571428571,0.410116318288409,3.5,XMEAS7-XMEAS11,0.8571428571428571,2
F18,33,0.7142857142857143,0.7963116401738131,1.75,XMEAS7-XMEAS11,0.7142857142857143,3
F18,34,1.0,0.0,7.0,XMEAS7-XMEAS11,1.0,1
F18,35,0.7142857142857143,0.5982695885852573,1.75,XMEAS7-XMEAS11,0.7142857142857143,2
F18,36,0.8571428571428571,0.410116318288409,3.5,XMEAS7-XMEAS11,0.8571428571428571,2
F18,37,0.7142857142857143,0.796311640173813,2.3333333333333335,XMEAS7-XMEAS11,0.7142857142857143,3
F18,38,0.7142857142857143,0.5982695885852573,3.5,XMEAS7-XMEAS11,0.7142857142857143,2
F18,39,0.5714285714285714,0.6829081047004717,1.75,XMEAS7-XMEAS11,0.5714285714285714,2
F18,40,0.7142857142857143,0.5982695885852573,3.5,XMEAS7-XMEAS11,0.7142857142857143,2
F18,41,0.5714285714285714,0.6829081047004717,2.3333333333333335,XMEAS7-XMEAS11,0.5714285714285714,2
F18,42,0.5714285714285714,0.6829081047004717,3.5,XMEAS9-XMEAS11,0.5714285714285714,2
F18,43,0.8571428571428571,0.410116318288409,3.5,XMEAS7-XMEAS11,0.8571428571428571,2
F18,44,1.0,0.0,7.0,XMEAS7-XMEAS11,1.0,1
F18,45,0.8571428571428571,0.410116318288409,3.5,XMEAS7-XMEAS11,0.8571428571428571,2
F18,46,1.0,0.0,7.0,XMEAS7-XMEAS11,1.0,1
F18,47,1.0,0.0,7.0,XMEAS7-XMEAS11,1.0,1
F18,48,0.7142857142857143,0.796311640173813,2.3333333333333335,XMEAS7-XMEAS11,0.7142857142857143,3
F18,49,1.0,0.0,7.0,XMEAS7-XMEAS11,1.0,1
F18,50,0.8571428571428571,0.410116318288409,3.5,XMEAS7-XMEAS11,0.8571428571428571,2
F18,51,0.7142857142857143,0.5982695885852573,3.5,XMEAS7-XMEAS11,0.7142857142857143,2
F18,52,0.8571428571428571,0.410116318288409,3.5,XMEAS7-XMEAS11,0.8571428571428571,2
F18,53,0.8571428571428571,0.410116318288409,3.5,XMEAS7-XMEAS11,0.8571428571428571,2
F18,54,1.0,0.0,7.0,XMEAS7-XMEAS11,1.0,1
F18,55,0.5714285714285714,0.6829081047004717,3.5,XMEAS9-XMEAS11,0.5714285714285714,2
F18,56,1.0,0.0,7.0,XMEAS7-XMEAS11,1.0,1
F18,57,0.5714285714285714,0.9556998911125343,1.4,XMEAS9-XMEAS11,0.5714285714285714,3
F18,58,0.7142857142857143,0.5982695885852573,3.5,XMEAS7-XMEAS11,0.7142857142857143,2
F18,59,0.5714285714285714,0.6829081047004717,3.5,XMEAS9-XMEAS11,0.5714285714285714,2
F18,60,0.8571428571428571,0.410116318288409,3.5,XMEAS7-XMEAS11,0.8571428571428571,2
F18,61,1.0,0.0,7.0,XMEAS7-XMEAS11,1.0,1
F18,62,0.8571428571428571,0.410116318288409,3.5,XMEAS7-XMEAS11,0.8571428571428571,2
F18,63,0.7142857142857143,0.5982695885852573,3.5,XMEAS7-XMEAS11,0.7142857142857143,2
F18,64,1.0,0.0,7.0,XMEAS7-XMEAS11,1.0,1
F18,65,0.42857142857142855,1.0042424730540764,1.75,XMEAS9-XMEAS11,0.42857142857142855,3
F18,66,0.8571428571428571,0.410116318288409,3.5,XMEAS7-XMEAS11,0.8571428571428571,2
F18,67,0.7142857142857143,0.5982695885852573,3.5,XMEAS7-XMEAS11,0.7142857142857143,2
F18,68,0.8571428571428571,0.410116318288409,3.5,XMEAS7-XMEAS11,0.8571428571428571,2
F18,69,0.7142857142857143,0.5982695885852573,3.5,XMEAS7-XMEAS11,0.7142857142857143,2
F18,70,0.8571428571428571,0.410116318288409,3.5,XMEAS7-XMEAS11,0.8571428571428571,2
F18,71,1.0,0.0,7.0,XMEAS7-XMEAS11,1.0,1
F18,72,0.8571428571428571,0.410116318288409,3.5,XMEAS7-XMEAS11,0.8571428571428571,2
F18,73,0.8571428571428571,0.410116318288409,3.5,XMEAS7-XMEAS11,0.8571428571428571,2
F18,74,0.8571428571428571,0.410116318288409,3.5,XMEAS7-XMEAS11,0.8571428571428571,2
F18,75,0.8571428571428571,0.410116318288409,3.5,XMEAS7-XMEAS11,0.8571428571428571,2
F18,76,0.7142857142857143,0.5982695885852573,1.75,XMEAS7-XMEAS11,0.7142857142857143,2
F18,77,0.7142857142857143,0.5982695885852573,3.5,XMEAS7-XMEAS11,0.7142857142857143,2
F18,78,0.7142857142857143,0.5982695885852573,1.75,XMEAS7-XMEAS11,0.7142857142857143,2
F18,79,0.5714285714285714,0.9556998911125343,2.3333333333333335,XMEAS9-XMEAS11,0.5714285714285714,3
F18,80,0.8571428571428571,0.410116318288409,3.5,XMEAS7-XMEAS11,0.8571428571428571,2
F18,81,0.8571428571428571,0.410116318288409,3.5,XMEAS7-XMEAS11,0.8571428571428571,2
F18,82,0.5714285714285714,0.6829081047004717,3.5,XMEAS7-XMEAS11,0.5714285714285714,2
F18,83,1.0,0.0,7.0,XMEAS9-XMEAS11,1.0,1
F18,84,0.8571428571428571,0.410116318288409,3.5,XMEAS7-XMEAS11,0.8571428571428571,2
F18,85,0.7142857142857143,0.5982695885852573,3.5,XMEAS7-XMEAS11,0.7142857142857143,2
F18,86,0.5714285714285714,0.6829081047004717,3.5,XMEAS7-XMEAS11,0.5714285714285714,2
F18,87,0.7142857142857143,0.5982695885852573,3.5,XMEAS7-XMEAS11,0.7142857142857143,2
F18,88,0.7142857142857143,0.5982695885852573,3.5,XMEAS7-XMEAS11,0.7142857142857143,2
F18,89,0.7142857142857143,0.5982695885852573,3.5,XMEAS7-XMEAS11,0.7142857142857143,2
F18,90,0.8571428571428571,0.410116318288409,3.5,XMEAS7-XMEAS11,0.8571428571428571,2
F18,91,0.7142857142857143,0.5982695885852573,3.5,XMEAS7-XMEAS11,0.7142857142857143,2
F18,92,0.8571428571428571,0.410116318288409,3.5,XMEAS7-XMEAS11,0.8571428571428571,2
F18,93,0.8571428571428571,0.410116318288409,3.5,XMEAS7-XMEAS11,0.8571428571428571,2
F18,94,0.8571428571428571,0.410116318288409,3.5,XMEAS7-XMEAS11,0.8571428571428571,2
F18,95,0.5714285714285714,0.9556998911125343,2.3333333333333335,XMEAS7-XMEAS11,0.5714285714285714,3
F18,96,0.8571428571428571,0.410116318288409,3.5,XMEAS7-XMEAS11,0.8571428571428571,2
F18,97,0.8571428571428571,0.410116318288409,3.5,XMEAS7-XMEAS11,0.8571428571428571,2
F18,98,0.5714285714285714,0.9556998911125343,2.3333333333333335,XMEAS7-XMEAS11,0.5714285714285714,3
F18,99,0.5714285714285714,0.6829081047004717,3.5,XMEAS7-XMEAS11,0.5714285714285714,2
F18,100,1.0,0.0,7.0,XMEAS7-XMEAS11,1.0,1
F18,101,0.8571428571428571,0.410116318288409,2.3333333333333335,XMEAS7-XMEAS11,0.8571428571428571,2
F18,102,0.8571428571428571,0.410116318288409,2.3333333333333335,XMEAS7-XMEAS11,0.8571428571428571,2
F18,103,0.8571428571428571,0.410116318288409,3.5,XMEAS7-XMEAS11,0.8571428571428571,2
F18,104,0.8571428571428571,0.410116318288409,3.5,XMEAS7-XMEAS11,0.8571428571428571,2
F18,105,0.8571428571428571,0.410116318288409,3.5,XMEAS7-XMEAS11,0.8571428571428571,2
F18,106,0.8571428571428571,0.410116318288409,3.5,XMEAS7-XMEAS11,0.8571428571428571,2
F18,107,0.7142857142857143,0.5982695885852573,3.5,XMEAS7-XMEAS11,0.7142857142857143,2
F18,108,0.8571428571428571,0.410116318288409,3.5,XMEAS7-XMEAS11,0.8571428571428571,2
F18,109,1.0,0.0,7.0,XMEAS7-XMEAS11,1.0,1
F18,110,0.5714285714285714,0.6829081047004717,1.75,XMEAS7-XMEAS11,0.5714285714285714,2
F18,111,0.8571428571428571,0.410116318288409,3.5,XMEAS7-XMEAS11,0.8571428571428571,2
F18,112,0.7142857142857143,0.7963116401738131,1.75,XMEAS7-XMEAS11,0.7142857142857143,3
F18,113,0.7142857142857143,0.5982695885852573,3.5,XMEAS7-XMEAS11,0.7142857142857143,2
F18,114,0.42857142857142855,1.0042424730540764,2.3333333333333335,XMEAS9-XMEAS11,0.42857142857142855,3
F18,115,0.7142857142857143,0.5982695885852573,1.75,XMEAS7-XMEAS11,0.7142857142857143,2
F18,116,0.8571428571428571,0.410116318288409,3.5,XMEAS7-XMEAS11,0.8571428571428571,2
F18,117,0.8571428571428571,0.410116318288409,3.5,XMEAS7-XMEAS11,0.8571428571428571,2
F18,118,0.7142857142857143,0.7963116401738131,1.75,XMEAS7-XMEAS11,0.7142857142857143,3
F18,119,0.8571428571428571,0.410116318288409,3.5,XMEAS9-XMEAS11,0.8571428571428571,2
F18,120,0.5714285714285714,0.6829081047004717,1.4,XMEAS7-XMEAS11,0.5714285714285714,2
F18,121,0.7142857142857143,0.5982695885852573,3.5,XMEAS7-XMEAS11,0.7142857142857143,2
F18,122,0.42857142857142855,1.0042424730540764,1.75,XMEAS7-XMEAS11,0.42857142857142855,3
F18,123,0.8571428571428571,0.410116318288409,2.3333333333333335,XMEAS7-XMEAS11,0.8571428571428571,2
F18,124,0.7142857142857143,0.5982695885852573,3.5,XMEAS7-XMEAS11,0.7142857142857143,2
F18,125,0.8571428571428571,0.410116318288409,3.5,XMEAS7-XMEAS11,0.8571428571428571,2
F18,126,0.8571428571428571,0.410116318288409,3.5,XMEAS7-XMEAS11,0.8571428571428571,2
F18,127,0.7142857142857143,0.5982695885852573,3.5,XMEAS7-XMEAS11,0.7142857142857143,2
F18,128,0.8571428571428571,0.410116318288409,3.5,XMEAS7-XMEAS11,0.8571428571428571,2
F18,129,0.8571428571428571,0.410116318288409,3.5,XMEAS7-XMEAS11,0.8571428571428571,2
F18,130,0.7142857142857143,0.5982695885852573,3.5,XMEAS7-XMEAS11,0.7142857142857143,2
F18,131,0.8571428571428571,0.410116318288409,2.3333333333333335,XMEAS7-XMEAS11,0.8571428571428571,2
F18,132,0.8571428571428571,0.410116318288409,3.5,XMEAS7-XMEAS11,0.8571428571428571,2
F18,133,0.8571428571428571,0.410116318288409,3.5,XMEAS7-XMEAS11,0.8571428571428571,2
F18,134,0.5714285714285714,0.6829081047004717,3.5,XMEAS7-XMEAS11,0.5714285714285714,2
F18,135,1.0,0.0,7.0,XMEAS7-XMEAS11,1.0,1
F18,136,0.8571428571428571,0.410116318288409,3.5,XMEAS7-XMEAS11,0.8571428571428571,2
F18,137,0.5714285714285714,0.6829081047004717,3.5,XMEAS7-XMEAS11,0.5714285714285714,2
F18,138,0.7142857142857143,0.5982695885852573,1.75,XMEAS7-XMEAS11,0.7142857142857143,2
F18,139,1.0,0.0,7.0,XMEAS7-XMEAS11,1.0,1
F18,140,0.7142857142857143,0.5982695885852573,3.5,XMEAS7-XMEAS11,0.7142857142857143,2
F18,141,0.8571428571428571,0.410116318288409,3.5,XMEAS7-XMEAS11,0.8571428571428571,2
F18,142,1.0,0.0,7.0,XMEAS7-XMEAS11,1.0,1
F18,143,0.8571428571428571,0.410116318288409,3.5,XMEAS7-XMEAS11,0.8571428571428571,2
F18,144,0.8571428571428571,0.410116318288409,3.5,XMEAS7-XMEAS11,0.8571428571428571,2
F18,145,1.0,0.0,7.0,XMEAS9-XMEAS11,1.0,1
F18,146,0.8571428571428571,0.410116318288409,3.5,XMEAS7-XMEAS11,0.8571428571428571,2
F18,147,0.7142857142857143,0.5982695885852573,3.5,XMEAS7-XMEAS11,0.7142857142857143,2
F18,148,0.8571428571428571,0.410116318288409,3.5,XMEAS7-XMEAS11,0.8571428571428571,2
F18,149,0.5714285714285714,0.6829081047004717,1.75,XMEAS9-XMEAS11,0.5714285714285714,2
F18,150,0.5714285714285714,0.6829081047004717,3.5,XMEAS7-XMEAS11,0.5714285714285714,2
F18,151,0.5714285714285714,0.6829081047004717,1.4,XMEAS7-XMEAS11,0.5714285714285714,2
F18,152,1.0,0.0,7.0,XMEAS7-XMEAS11,1.0,1
F18,153,0.8571428571428571,0.410116318288409,2.3333333333333335,XMEAS7-XMEAS11,0.8571428571428571,2
F18,154,0.8571428571428571,0.410116318288409,3.5,XMEAS7-XMEAS11,0.8571428571428571,2
F18,155,0.8571428571428571,0.410116318288409,3.5,XMEAS7-XMEAS11,0.8571428571428571,2
F18,156,0.8571428571428571,0.410116318288409,3.5,XMEAS7-XMEAS11,0.8571428571428571,2
F18,157,0.8571428571428571,0.410116318288409,3.5,XMEAS7-XMEAS11,0.8571428571428571,2
F18,158,0.8571428571428571,0.410116318288409,3.5,XMEAS7-XMEAS11,0.8571428571428571,2
F18,159,1.0,0.0,7.0,XMEAS7-XMEAS11,1.0,1
F18,160,0.7142857142857143,0.5982695885852573,3.5,XMEAS7-XMEAS11,0.7142857142857143,2
F18,161,0.7142857142857143,0.5982695885852573,3.5,XMEAS7-XMEAS11,0.7142857142857143,2
F18,162,0.8571428571428571,0.410116318288409,3.5,XMEAS9-XMEAS11,0.8571428571428571,2
F18,163,0.8571428571428571,0.410116318288409,3.5,XMEAS7-XMEAS11,0.8571428571428571,2
F18,164,0.5714285714285714,0.6829081047004717,3.5,XMEAS7-XMEAS11,0.5714285714285714,2
F18,165,0.8571428571428571,0.410116318288409,3.5,XMEAS7-XMEAS11,0.8571428571428571,2
F18,166,0.7142857142857143,0.7963116401738131,1.75,XMEAS7-XMEAS11,0.7142857142857143,3
F18,167,0.7142857142857143,0.5982695885852573,1.4,XMEAS9-XMEAS11,0.7142857142857143,2
F18,168,0.7142857142857143,0.5982695885852573,1.75,XMEAS7-XMEAS11,0.7142857142857143,2
F18,169,0.7142857142857143,0.5982695885852573,1.75,XMEAS9-XMEAS11,0.7142857142857143,2
F18,170,0.8571428571428571,0.410116318288409,3.5,XMEAS7-XMEAS11,0.8571428571428571,2
F18,171,0.8571428571428571,0.410116318288409,3.5,XMEAS7-XMEAS11,0.8571428571428571,2
F18,172,0.8571428571428571,0.410116318288409,3.5,XMEAS7-XMEAS11,0.8571428571428571,2
F18,173,0.8571428571428571,0.410116318288409,3.5,XMEAS7-XMEAS11,0.8571428571428571,2
F18,174,1.0,0.0,7.0,XMEAS7-XMEAS11,1.0,1
F18,175,0.7142857142857143,0.5982695885852573,3.5,XMEAS7-XMEAS11,0.7142857142857143,2
F18,176,0.7142857142857143,0.5982695885852573,3.5,XMEAS7-XMEAS11,0.7142857142857143,2
F18,177,0.8571428571428571,0.410116318288409,3.5,XMEAS7-XMEAS11,0.8571428571428571,2
F18,178,0.7142857142857143,0.796311640173813,2.3333333333333335,XMEAS7-XMEAS11,0.7142857142857143,3
F18,179,1.0,0.0,7.0,XMEAS7-XMEAS11,1.0,1
F18,180,0.8571428571428571,0.410116318288409,3.5,XMEAS7-XMEAS11,0.8571428571428571,2
F18,181,0.8571428571428571,0.410116318288409,3.5,XMEAS7-XMEAS11,0.8571428571428571,2
F18,182,0.7142857142857143,0.5982695885852573,3.5,XMEAS7-XMEAS11,0.7142857142857143,2
F18,183,0.8571428571428571,0.410116318288409,3.5,XMEAS7-XMEAS11,0.8571428571428571,2
F18,184,0.7142857142857143,0.7963116401738131,1.75,XMEAS7-XMEAS11,0.7142857142857143,3
F18,185,0.5714285714285714,0.6829081047004717,1.4,XMEAS7-XMEAS11,0.5714285714285714,2
F18,186,1.0,0.0,7.0,XMEAS7-XMEAS11,1.0,1
F18,187,0.7142857142857143,0.5982695885852573,3.5,XMEAS7-XMEAS11,0.7142857142857143,2
F18,188,0.8571428571428571,0.410116318288409,3.5,XMEAS7-XMEAS11,0.8571428571428571,2
F18,189,0.8571428571428571,0.410116318288409,2.3333333333333335,XMEAS7-XMEAS11,0.8571428571428571,2
F18,190,1.0,0.0,7.0,XMEAS7-XMEAS11,1.0,1
F18,191,0.8571428571428571,0.410116318288409,3.5,XMEAS7-XMEAS11,0.8571428571428571,2
F18,192,0.5714285714285714,0.6829081047004717,3.5,XMEAS7-XMEAS11,0.5714285714285714,2
F18,193,0.5714285714285714,0.9556998911125343,2.3333333333333335,XMEAS7-XMEAS11,0.5714285714285714,3
F18,194,0.8571428571428571,0.410116318288409,3.5,XMEAS7-XMEAS11,0.8571428571428571,2
F18,195,1.0,0.0,7.0,XMEAS7-XMEAS11,1.0,1
F18,196,0.8571428571428571,0.410116318288409,3.5,XMEAS7-XMEAS11,0.8571428571428571,2
F18,197,0.8571428571428571,0.410116318288409,3.5,XMEAS7-XMEAS11,0.8571428571428571,2
F18,198,1.0,0.0,7.0,XMEAS7-XMEAS11,1.0,1
F18,199,0.8571428571428571,0.410116318288409,3.5,XMEAS7-XMEAS11,0.8571428571428571,2
F18,200,0.8571428571428571,0.410116318288409,3.5,XMEAS7-XMEAS11,0.8571428571428571,2
F18,201,0.5714285714285714,0.9556998911125343,1.4,XMEAS7-XMEAS11,0.5714285714285714,3
F18,202,0.8571428571428571,0.410116318288409,3.5,XMEAS7-XMEAS11,0.8571428571428571,2
F18,203,0.8571428571428571,0.410116318288409,3.5,XMEAS7-XMEAS11,0.8571428571428571,2
F18,204,0.7142857142857143,0.5982695885852573,3.5,XMEAS7-XMEAS11,0.7142857142857143,2
F18,205,0.8571428571428571,0.410116318288409,3.5,XMEAS7-XMEAS11,0.8571428571428571,2
F18,206,0.8571428571428571,0.410116318288409,2.3333333333333335,XMEAS7-XMEAS11,0.8571428571428571,2
F18,207,0.7142857142857143,0.5982695885852573,3.5,XMEAS7-XMEAS11,0.7142857142857143,2
F18,208,1.0,0.0,7.0,XMEAS7-XMEAS11,1.0,1
F18,209,1.0,0.0,7.0,XMEAS7-XMEAS11,1.0,1
F18,210,0.7142857142857143,0.5982695885852573,3.5,XMEAS9-XMEAS11,0.7142857142857143,2
F18,211,0.8571428571428571,0.410116318288409,3.5,XMEAS7-XMEAS11,0.8571428571428571,2
F18,212,0.5714285714285714,0.6829081047004717,3.5,XMEAS7-XMEAS11,0.5714285714285714,2
F18,213,0.42857142857142855,1.277034259466139,1.4,XMEAS9-XMEAS11,0.42857142857142855,4
F18,214,0.8571428571428571,0.410116318288409,3.5,XMEAS7-XMEAS11,0.8571428571428571,2
F18,215,0.7142857142857143,0.5982695885852573,3.5,XMEAS7-XMEAS11,0.7142857142857143,2
F18,216,0.5714285714285714,0.9556998911125343,1.1666666666666667,XMEAS7-XMEAS11,0.5714285714285714,3
F18,217,0.8571428571428571,0.410116318288409,3.5,XMEAS7-XMEAS11,0.8571428571428571,2
F18,218,1.0,0.0,7.0,XMEAS7-XMEAS11,1.0,1
F18,219,0.5714285714285714,0.6829081047004717,3.5,XMEAS7-XMEAS11,0.5714285714285714,2
F18,220,1.0,0.0,7.0,XMEAS7-XMEAS11,1.0,1
F18,221,0.8571428571428571,0.410116318288409,3.5,XMEAS7-XMEAS11,0.8571428571428571,2
F18,222,0.8571428571428571,0.410116318288409,3.5,XMEAS7-XMEAS11,0.8571428571428571,2
F18,223,0.7142857142857143,0.796311640173813,2.3333333333333335,XMEAS7-XMEAS11,0.7142857142857143,3
F18,224,0.8571428571428571,0.410116318288409,3.5,XMEAS7-XMEAS11,0.8571428571428571,2
F18,225,1.0,0.0,7.0,XMEAS7-XMEAS11,1.0,1
F18,226,0.7142857142857143,0.5982695885852573,1.75,XMEAS7-XMEAS11,0.7142857142857143,2
F18,227,0.7142857142857143,0.5982695885852573,3.5,XMEAS7-XMEAS11,0.7142857142857143,2
F18,228,0.8571428571428571,0.410116318288409,3.5,XMEAS7-XMEAS11,0.8571428571428571,2
F18,229,0.7142857142857143,0.5982695885852573,3.5,XMEAS7-XMEAS11,0.7142857142857143,2
F18,230,0.8571428571428571,0.410116318288409,3.5,XMEAS7-XMEAS11,0.8571428571428571,2
F18,231,0.8571428571428571,0.410116318288409,3.5,XMEAS7-XMEAS11,0.8571428571428571,2
F18,232,0.8571428571428571,0.410116318288409,3.5,XMEAS7-XMEAS11,0.8571428571428571,2
F18,233,1.0,0.0,7.0,XMEAS7-XMEAS11,1.0,1
F18,234,0.5714285714285714,0.6829081047004717,1.75,XMEAS9-XMEAS11,0.5714285714285714,2
F18,235,0.7142857142857143,0.5982695885852573,3.5,XMEAS7-XMEAS11,0.7142857142857143,2
F18,236,0.7142857142857143,0.5982695885852573,1.75,XMEAS9-XMEAS11,0.7142857142857143,2
F18,237,0.8571428571428571,0.410116318288409,3.5,XMEAS7-XMEAS11,0.8571428571428571,2
F18,238,0.8571428571428571,0.410116318288409,3.5,XMEAS7-XMEAS11,0.8571428571428571,2
F18,239,0.8571428571428571,0.410116318288409,3.5,XMEAS9-XMEAS11,0.8571428571428571,2
F18,240,1.0,0.0,7.0,XMEAS7-XMEAS11,1.0,1
F18,241,0.5714285714285714,0.6829081047004717,1.75,XMEAS7-XMEAS11,0.5714285714285714,2
F18,242,0.8571428571428571,0.410116318288409,3.5,XMEAS7-XMEAS11,0.8571428571428571,2
F18,243,0.8571428571428571,0.410116318288409,3.5,XMEAS7-XMEAS11,0.8571428571428571,2
F18,244,0.7142857142857143,0.5982695885852573,3.5,XMEAS7-XMEAS11,0.7142857142857143,2
F18,245,0.8571428571428571,0.410116318288409,2.3333333333333335,XMEAS7-XMEAS11,0.8571428571428571,2
F18,246,0.42857142857142855,1.0042424730540764,1.75,XMEAS9-XMEAS11,0.42857142857142855,3
F18,247,0.8571428571428571,0.410116318288409,3.5,XMEAS7-XMEAS11,0.8571428571428571,2
F18,248,0.5714285714285714,0.6829081047004717,3.5,XMEAS7-XMEAS11,0.5714285714285714,2
F18,249,0.5714285714285714,0.6829081047004717,3.5,XMEAS7-XMEAS11,0.5714285714285714,2
F18,250,0.8571428571428571,0.410116318288409,3.5,XMEAS7-XMEAS11,0.8571428571428571,2
F18,251,0.8571428571428571,0.410116318288409,3.5,XMEAS7-XMEAS11,0.8571428571428571,2
F18,252,0.7142857142857143,0.7963116401738131,1.75,XMEAS7-XMEAS11,0.7142857142857143,3
F18,253,0.7142857142857143,0.5982695885852573,3.5,XMEAS7-XMEAS11,0.7142857142857143,2
F18,254,0.7142857142857143,0.7963116401738131,1.75,XMEAS7-XMEAS11,0.7142857142857143,3
F18,255,0.8571428571428571,0.410116318288409,3.5,XMEAS7-XMEAS11,0.8571428571428571,2
F18,256,1.0,0.0,7.0,XMEAS7-XMEAS11,1.0,1
F18,257,0.7142857142857143,0.5982695885852573,2.3333333333333335,XMEAS7-XMEAS11,0.7142857142857143,2
F18,258,0.7142857142857143,0.5982695885852573,3.5,XMEAS7-XMEAS11,0.7142857142857143,2
F18,259,0.8571428571428571,0.410116318288409,3.5,XMEAS7-XMEAS11,0.8571428571428571,2
F18,260,0.8571428571428571,0.410116318288409,3.5,XMEAS7-XMEAS11,0.8571428571428571,2
F18,261,0.7142857142857143,0.5982695885852573,3.5,XMEAS7-XMEAS11,0.7142857142857143,2
F18,262,0.7142857142857143,0.5982695885852573,3.5,XMEAS7-XMEAS11,0.7142857142857143,2
F18,263,0.5714285714285714,0.6829081047004717,1.75,XMEAS7-XMEAS11,0.5714285714285714,2
F18,264,0.7142857142857143,0.5982695885852573,3.5,XMEAS7-XMEAS11,0.7142857142857143,2
F18,265,0.5714285714285714,0.6829081047004717,3.5,XMEAS7-XMEAS11,0.5714285714285714,2
F18,266,0.7142857142857143,0.796311640173813,2.3333333333333335,XMEAS7-XMEAS11,0.7142857142857143,3
F18,267,1.0,0.0,7.0,XMEAS7-XMEAS11,1.0,1
F18,268,0.7142857142857143,0.796311640173813,2.3333333333333335,XMEAS7-XMEAS11,0.7142857142857143,3
F18,269,1.0,0.0,7.0,XMEAS7-XMEAS11,1.0,1
F18,270,1.0,0.0,7.0,XMEAS7-XMEAS11,1.0,1
F18,271,0.5714285714285714,0.9556998911125343,1.75,XMEAS7-XMEAS11,0.5714285714285714,3
F18,272,0.7142857142857143,0.5982695885852573,2.3333333333333335,XMEAS7-XMEAS11,0.7142857142857143,2
F18,273,0.8571428571428571,0.410116318288409,3.5,XMEAS7-XMEAS11,0.8571428571428571,2
F18,274,1.0,0.0,7.0,XMEAS7-XMEAS11,1.0,1
F18,275,1.0,0.0,7.0,XMEAS7-XMEAS11,1.0,1
F18,276,0.8571428571428571,0.410116318288409,3.5,XMEAS7-XMEAS11,0.8571428571428571,2
F18,277,0.8571428571428571,0.410116318288409,3.5,XMEAS7-XMEAS11,0.8571428571428571,2
F18,278,0.7142857142857143,0.796311640173813,2.3333333333333335,XMEAS7-XMEAS11,0.7142857142857143,3
F18,279,1.0,0.0,7.0,XMEAS7-XMEAS11,1.0,1
F18,280,0.7142857142857143,0.5982695885852573,3.5,XMEAS7-XMEAS11,0.7142857142857143,2
F18,281,0.7142857142857143,0.5982695885852573,3.5,XMEAS7-XMEAS11,0.7142857142857143,2
F18,282,0.8571428571428571,0.410116318288409,3.5,XMEAS7-XMEAS11,0.8571428571428571,2
F18,283,0.7142857142857143,0.5982695885852573,1.75,XMEAS7-XMEAS11,0.7142857142857143,2
F18,284,0.8571428571428571,0.410116318288409,3.5,XMEAS7-XMEAS11,0.8571428571428571,2
F18,285,0.7142857142857143,0.5982695885852573,3.5,XMEAS7-XMEAS11,0.7142857142857143,2
F18,286,1.0,0.0,7.0,XMEAS7-XMEAS11,1.0,1
F18,287,0.42857142857142855,1.0042424730540764,2.3333333333333335,XMEAS9-XMEAS11,0.42857142857142855,3
F18,288,0.5714285714285714,0.9556998911125343,2.3333333333333335,XMEAS7-XMEAS11,0.5714285714285714,3
F18,289,0.8571428571428571,0.410116318288409,3.5,XMEAS7-XMEAS11,0.8571428571428571,2
F18,290,0.5714285714285714,0.9556998911125343,1.75,XMEAS7-XMEAS11,0.5714285714285714,3
F18,291,0.8571428571428571,0.410116318288409,3.5,XMEAS7-XMEAS11,0.8571428571428571,2
F18,292,0.42857142857142855,1.0042424730540764,2.3333333333333335,XMEAS9-XMEAS11,0.42857142857142855,3
F18,293,0.8571428571428571,0.410116318288409,3.5,XMEAS7-XMEAS11,0.8571428571428571,2
F18,294,0.7142857142857143,0.5982695885852573,3.5,XMEAS7-XMEAS11,0.7142857142857143,2
F18,295,0.8571428571428571,0.410116318288409,3.5,XMEAS7-XMEAS11,0.8571428571428571,2
F18,296,0.7142857142857143,0.796311640173813,2.3333333333333335,XMEAS7-XMEAS11,0.7142857142857143,3
F18,297,0.7142857142857143,0.5982695885852573,3.5,XMEAS7-XMEAS11,0.7142857142857143,2
F18,298,0.7142857142857143,0.5982695885852573,1.75,XMEAS7-XMEAS11,0.7142857142857143,2
F18,299,0.8571428571428571,0.410116318288409,3.5,XMEAS7-XMEAS11,0.8571428571428571,2
F18,300,1.0,0.0,7.0,XMEAS7-XMEAS11,1.0,1
F18,301,0.8571428571428571,0.410116318288409,3.5,XMEAS7-XMEAS11,0.8571428571428571,2
F18,302,0.8571428571428571,0.410116318288409,3.5,XMEAS7-XMEAS11,0.8571428571428571,2
F18,303,0.8571428571428571,0.410116318288409,3.5,XMEAS7-XMEAS11,0.8571428571428571,2
F18,304,0.8571428571428571,0.410116318288409,3.5,XMEAS7-XMEAS11,0.8571428571428571,2
F18,305,0.8571428571428571,0.410116318288409,3.5,XMEAS7-XMEAS11,0.8571428571428571,2
F18,306,0.8571428571428571,0.410116318288409,3.5,XMEAS7-XMEAS11,0.8571428571428571,2
F18,307,0.8571428571428571,0.410116318288409,3.5,XMEAS7-XMEAS11,0.8571428571428571,2
F18,308,1.0,0.0,7.0,XMEAS7-XMEAS11,1.0,1
F18,309,0.5714285714285714,0.6829081047004717,3.5,XMEAS9-XMEAS11,0.5714285714285714,2
F18,310,0.8571428571428571,0.410116318288409,3.5,XMEAS7-XMEAS11,0.8571428571428571,2
F18,311,0.7142857142857143,0.5982695885852573,3.5,XMEAS7-XMEAS11,0.7142857142857143,2
F18,312,0.5714285714285714,0.6829081047004717,3.5,XMEAS7-XMEAS11,0.5714285714285714,2
F18,313,0.7142857142857143,0.5982695885852573,3.5,XMEAS7-XMEAS11,0.7142857142857143,2
F18,314,1.0,0.0,7.0,XMEAS7-XMEAS11,1.0,1
F18,315,0.5714285714285714,0.6829081047004717,3.5,XMEAS7-XMEAS11,0.5714285714285714,2
F18,316,0.8571428571428571,0.410116318288409,3.5,XMEAS7-XMEAS11,0.8571428571428571,2
F18,317,0.7142857142857143,0.5982695885852573,3.5,XMEAS7-XMEAS11,0.7142857142857143,2
F18,318,1.0,0.0,7.0,XMEAS7-XMEAS11,1.0,1
F18,319,0.7142857142857143,0.796311640173813,2.3333333333333335,XMEAS7-XMEAS11,0.7142857142857143,3
F18,320,0.5714285714285714,0.6829081047004717,1.1666666666666667,XMEAS9-XMEAS11,0.5714285714285714,2
F18,321,0.7142857142857143,0.5982695885852573,2.3333333333333335,XMEAS7-XMEAS11,0.7142857142857143,2
F18,322,0.8571428571428571,0.410116318288409,3.5,XMEAS7-XMEAS11,0.8571428571428571,2
F18,323,0.8571428571428571,0.410116318288409,3.5,XMEAS7-XMEAS11,0.8571428571428571,2
F18,324,0.5714285714285714,0.6829081047004717,3.5,XMEAS7-XMEAS11,0.5714285714285714,2
F18,325,0.8571428571428571,0.410116318288409,3.5,XMEAS7-XMEAS11,0.8571428571428571,2
F18,326,0.8571428571428571,0.410116318288409,3.5,XMEAS7-XMEAS11,0.8571428571428571,2
F18,327,1.0,0.0,7.0,XMEAS7-XMEAS11,1.0,1
F18,328,0.8571428571428571,0.410116318288409,3.5,XMEAS7-XMEAS11,0.8571428571428571,2
F18,329,0.8571428571428571,0.410116318288409,3.5,XMEAS7-XMEAS11,0.8571428571428571,2
F18,330,0.8571428571428571,0.410116318288409,3.5,XMEAS7-XMEAS11,0.8571428571428571,2
F18,331,1.0,0.0,7.0,XMEAS7-XMEAS11,1.0,1
F18,332,0.8571428571428571,0.410116318288409,3.5,XMEAS7-XMEAS11,0.8571428571428571,2
F18,333,0.8571428571428571,0.410116318288409,3.5,XMEAS7-XMEAS11,0.8571428571428571,2
F18,334,0.7142857142857143,0.7963116401738131,1.75,XMEAS7-XMEAS11,0.7142857142857143,3
F18,335,0.7142857142857143,0.5982695885852573,3.5,XMEAS7-XMEAS11,0.7142857142857143,2
F18,336,1.0,0.0,7.0,XMEAS7-XMEAS11,1.0,1
F18,337,0.8571428571428571,0.410116318288409,3.5,XMEAS7-XMEAS11,0.8571428571428571,2
F18,338,0.8571428571428571,0.410116318288409,3.5,XMEAS7-XMEAS11,0.8571428571428571,2
F18,339,0.8571428571428571,0.410116318288409,3.5,XMEAS7-XMEAS11,0.8571428571428571,2
F18,340,0.5714285714285714,0.6829081047004717,3.5,XMEAS7-XMEAS11,0.5714285714285714,2
F18,341,0.8571428571428571,0.410116318288409,3.5,XMEAS7-XMEAS11,0.8571428571428571,2
F18,342,0.8571428571428571,0.410116318288409,3.5,XMEAS7-XMEAS11,0.8571428571428571,2
F18,343,0.5714285714285714,0.6829081047004717,3.5,XMEAS7-XMEAS11,0.5714285714285714,2
F18,344,0.7142857142857143,0.5982695885852573,1.75,XMEAS7-XMEAS11,0.7142857142857143,2
F18,345,0.8571428571428571,0.410116318288409,3.5,XMEAS7-XMEAS11,0.8571428571428571,2
F18,346,0.7142857142857143,0.5982695885852573,3.5,XMEAS9-XMEAS11,0.7142857142857143,2
F18,347,0.8571428571428571,0.410116318288409,3.5,XMEAS7-XMEAS11,0.8571428571428571,2
F18,348,0.7142857142857143,0.5982695885852573,3.5,XMEAS7-XMEAS11,0.7142857142857143,2
F18,349,0.8571428571428571,0.410116318288409,3.5,XMEAS7-XMEAS11,0.8571428571428571,2
F18,350,0.42857142857142855,1.277034259466139,1.75,XMEAS7-XMEAS11,0.42857142857142855,4
F18,351,0.7142857142857143,0.796311640173813,2.3333333333333335,XMEAS7-XMEAS11,0.7142857142857143,3
F18,352,0.8571428571428571,0.410116318288409,3.5,XMEAS9-XMEAS11,0.8571428571428571,2
F18,353,1.0,0.0,7.0,XMEAS7-XMEAS11,1.0,1
F18,354,0.8571428571428571,0.410116318288409,3.5,XMEAS7-XMEAS11,0.8571428571428571,2
F18,355,0.8571428571428571,0.410116318288409,3.5,XMEAS7-XMEAS11,0.8571428571428571,2
F18,356,1.0,0.0,7.0,XMEAS7-XMEAS11,1.0,1
F18,357,0.7142857142857143,0.5982695885852573,3.5,XMEAS7-XMEAS11,0.7142857142857143,2
F18,358,1.0,0.0,7.0,XMEAS7-XMEAS11,1.0,1
F18,359,0.8571428571428571,0.410116318288409,3.5,XMEAS7-XMEAS11,0.8571428571428571,2
F18,360,0.8571428571428571,0.410116318288409,3.5,XMEAS7-XMEAS11,0.8571428571428571,2
F18,361,1.0,0.0,7.0,XMEAS7-XMEAS11,1.0,1
F18,362,1.0,0.0,7.0,XMEAS7-XMEAS11,1.0,1
F18,363,0.8571428571428571,0.410116318288409,3.5,XMEAS7-XMEAS11,0.8571428571428571,2
F18,364,0.5714285714285714,0.6829081047004717,3.5,XMEAS9-XMEAS11,0.5714285714285714,2
F18,365,0.8571428571428571,0.410116318288409,3.5,XMEAS7-XMEAS11,0.8571428571428571,2
F18,366,1.0,0.0,7.0,XMEAS7-XMEAS11,1.0,1
F18,367,0.8571428571428571,0.410116318288409,3.5,XMEAS7-XMEAS11,0.8571428571428571,2
F18,368,1.0,0.0,7.0,XMEAS7-XMEAS11,1.0,1
F18,369,0.8571428571428571,0.410116318288409,3.5,XMEAS7-XMEAS11,0.8571428571428571,2
F18,370,0.5714285714285714,0.6829081047004717,3.5,XMEAS9-XMEAS11,0.5714285714285714,2
F18,371,0.8571428571428571,0.410116318288409,2.3333333333333335,XMEAS7-XMEAS11,0.8571428571428571,2
F18,372,0.7142857142857143,0.5982695885852573,3.5,XMEAS9-XMEAS11,0.7142857142857143,2
F18,373,0.5714285714285714,0.6829081047004717,3.5,XMEAS7-XMEAS11,0.5714285714285714,2
F18,374,0.8571428571428571,0.410116318288409,3.5,XMEAS7-XMEAS11,0.8571428571428571,2
F18,375,0.7142857142857143,0.5982695885852573,3.5,XMEAS9-XMEAS11,0.7142857142857143,2
F18,376,0.5714285714285714,0.9556998911125343,1.1666666666666667,XMEAS7-XMEAS11,0.5714285714285714,3
F18,377,0.7142857142857143,0.7963116401738131,1.75,XMEAS9-XMEAS11,0.7142857142857143,3
F18,378,0.5714285714285714,0.6829081047004717,1.75,XMEAS9-XMEAS11,0.5714285714285714,2
F18,379,0.8571428571428571,0.410116318288409,3.5,XMEAS7-XMEAS11,0.8571428571428571,2
F18,380,0.5714285714285714,0.6829081047004717,2.3333333333333335,XMEAS7-XMEAS11,0.5714285714285714,2
F18,381,1.0,0.0,7.0,XMEAS7-XMEAS11,1.0,1
F18,382,1.0,0.0,7.0,XMEAS7-XMEAS11,1.0,1
F18,383,0.8571428571428571,0.410116318288409,2.3333333333333335,XMEAS7-XMEAS11,0.8571428571428571,2
F18,384,0.5714285714285714,0.6829081047004717,3.5,XMEAS7-XMEAS11,0.5714285714285714,2
F18,385,0.5714285714285714,0.6829081047004717,3.5,XMEAS7-XMEAS11,0.5714285714285714,2
F18,386,0.8571428571428571,0.410116318288409,3.5,XMEAS7-XMEAS11,0.8571428571428571,2
F18,387,0.7142857142857143,0.5982695885852573,3.5,XMEAS7-XMEAS11,0.7142857142857143,2
F18,388,0.8571428571428571,0.410116318288409,3.5,XMEAS7-XMEAS11,0.8571428571428571,2
F18,389,0.7142857142857143,0.5982695885852573,3.5,XMEAS7-XMEAS11,0.7142857142857143,2
F18,390,0.8571428571428571,0.410116318288409,3.5,XMEAS9-XMEAS11,0.8571428571428571,2
F18,391,0.5714285714285714,0.6829081047004717,3.5,XMEAS9-XMEAS11,0.5714285714285714,2
F18,392,0.5714285714285714,0.6829081047004717,3.5,XMEAS7-XMEAS11,0.5714285714285714,2
F18,393,0.8571428571428571,0.410116318288409,3.5,XMEAS7-XMEAS11,0.8571428571428571,2
F18,394,0.7142857142857143,0.5982695885852573,3.5,XMEAS7-XMEAS11,0.7142857142857143,2
F18,395,0.8571428571428571,0.410116318288409,3.5,XMEAS7-XMEAS11,0.8571428571428571,2
F18,396,0.7142857142857143,0.796311640173813,2.3333333333333335,XMEAS7-XMEAS11,0.7142857142857143,3
F18,397,0.8571428571428571,0.410116318288409,3.5,XMEAS7-XMEAS11,0.8571428571428571,2
F18,398,0.7142857142857143,0.5982695885852573,2.3333333333333335,XMEAS7-XMEAS11,0.7142857142857143,2
F18,399,0.7142857142857143,0.796311640173813,2.3333333333333335,XMEAS7-XMEAS11,0.7142857142857143,3
F18,400,1.0,0.0,7.0,XMEAS7-XMEAS11,1.0,1
F18,401,0.8571428571428571,0.410116318288409,2.3333333333333335,XMEAS9-XMEAS11,0.8571428571428571,2
F18,402,0.5714285714285714,0.6829081047004717,1.75,XMEAS7-XMEAS11,0.5714285714285714,2
F18,403,0.7142857142857143,0.5982695885852573,1.75,XMEAS7-XMEAS11,0.7142857142857143,2
F18,404,0.5714285714285714,0.9556998911125343,2.3333333333333335,XMEAS7-XMEAS11,0.5714285714285714,3
F18,405,0.5714285714285714,0.9556998911125343,1.75,XMEAS7-XMEAS11,0.5714285714285714,3
F18,406,0.7142857142857143,0.5982695885852573,3.5,XMEAS7-XMEAS11,0.7142857142857143,2
F18,407,0.8571428571428571,0.410116318288409,3.5,XMEAS7-XMEAS11,0.8571428571428571,2
F18,408,0.8571428571428571,0.410116318288409,3.5,XMEAS7-XMEAS11,0.8571428571428571,2
F18,409,1.0,0.0,7.0,XMEAS7-XMEAS11,1.0,1
F18,410,0.7142857142857143,0.5982695885852573,3.5,XMEAS7-XMEAS11,0.7142857142857143,2
F18,411,0.5714285714285714,0.9556998911125343,1.4,XMEAS9-XMEAS11,0.5714285714285714,3
F18,412,0.8571428571428571,0.410116318288409,3.5,XMEAS7-XMEAS11,0.8571428571428571,2
F18,413,0.5714285714285714,0.6829081047004717,1.75,XMEAS9-XMEAS11,0.5714285714285714,2
F18,414,0.8571428571428571,0.410116318288409,3.5,XMEAS7-XMEAS11,0.8571428571428571,2
F18,415,0.7142857142857143,0.5982695885852573,1.75,XMEAS9-XMEAS11,0.7142857142857143,2
F18,416,0.8571428571428571,0.410116318288409,3.5,XMEAS7-XMEAS11,0.8571428571428571,2
F18,417,0.8571428571428571,0.410116318288409,3.5,XMEAS7-XMEAS11,0.8571428571428571,2
F18,418,1.0,0.0,7.0,XMEAS7-XMEAS11,1.0,1
F18,419,0.8571428571428571,0.410116318288409,3.5,XMEAS7-XMEAS11,0.8571428571428571,2
F18,420,0.5714285714285714,0.6829081047004717,2.3333333333333335,XMEAS9-XMEAS11,0.5714285714285714,2
F18,421,1.0,0.0,7.0,XMEAS7-XMEAS11,1.0,1
F18,422,1.0,0.0,7.0,XMEAS7-XMEAS11,1.0,1
F18,423,0.7142857142857143,0.5982695885852573,3.5,XMEAS7-XMEAS11,0.7142857142857143,2
F18,424,0.7142857142857143,0.5982695885852573,1.75,XMEAS7-XMEAS11,0.7142857142857143,2
F18,425,1.0,0.0,7.0,XMEAS7-XMEAS11,1.0,1
F18,426,0.8571428571428571,0.410116318288409,2.3333333333333335,XMEAS7-XMEAS11,0.8571428571428571,2
F18,427,1.0,0.0,7.0,XMEAS7-XMEAS11,1.0,1
F18,428,1.0,0.0,7.0,XMEAS7-XMEAS11,1.0,1
F18,429,0.8571428571428571,0.410116318288409,3.5,XMEAS7-XMEAS11,0.8571428571428571,2
F18,430,0.7142857142857143,0.5982695885852573,3.5,XMEAS7-XMEAS11,0.7142857142857143,2
F18,431,0.8571428571428571,0.410116318288409,3.5,XMEAS7-XMEAS11,0.8571428571428571,2
F18,432,0.7142857142857143,0.5982695885852573,1.75,XMEAS9-XMEAS11,0.7142857142857143,2
F18,433,1.0,0.0,7.0,XMEAS7-XMEAS11,1.0,1
F18,434,0.5714285714285714,0.6829081047004717,3.5,XMEAS7-XMEAS11,0.5714285714285714,2
F18,435,0.8571428571428571,0.410116318288409,3.5,XMEAS7-XMEAS11,0.8571428571428571,2
F18,436,0.8571428571428571,0.410116318288409,2.3333333333333335,XMEAS7-XMEAS11,0.8571428571428571,2
F18,437,0.7142857142857143,0.5982695885852573,3.5,XMEAS7-XMEAS11,0.7142857142857143,2
F18,438,0.7142857142857143,0.5982695885852573,3.5,XMEAS7-XMEAS11,0.7142857142857143,2
F18,439,0.7142857142857143,0.5982695885852573,3.5,XMEAS7-XMEAS11,0.7142857142857143,2
F18,440,1.0,0.0,7.0,XMEAS7-XMEAS11,1.0,1
F18,441,0.7142857142857143,0.5982695885852573,3.5,XMEAS7-XMEAS11,0.7142857142857143,2
F18,442,1.0,0.0,7.0,XMEAS7-XMEAS11,1.0,1
F18,443,0.5714285714285714,0.6829081047004717,1.75,XMEAS9-XMEAS11,0.5714285714285714,2
F18,444,0.5714285714285714,0.6829081047004717,3.5,XMEAS9-XMEAS11,0.5714285714285714,2
F18,445,0.7142857142857143,0.5982695885852573,3.5,XMEAS9-XMEAS11,0.7142857142857143,2
F18,446,0.8571428571428571,0.410116318288409,3.5,XMEAS7-XMEAS11,0.8571428571428571,2
F18,447,0.7142857142857143,0.5982695885852573,3.5,XMEAS7-XMEAS11,0.7142857142857143,2
F18,448,0.8571428571428571,0.410116318288409,3.5,XMEAS7-XMEAS11,0.8571428571428571,2
F18,449,0.5714285714285714,0.6829081047004717,3.5,XMEAS7-XMEAS11,0.5714285714285714,2
F18,450,1.0,0.0,7.0,XMEAS7-XMEAS11,1.0,1
F18,451,0.5714285714285714,0.9556998911125343,1.75,XMEAS7-XMEAS11,0.5714285714285714,3
F18,452,0.8571428571428571,0.410116318288409,3.5,XMEAS7-XMEAS11,0.8571428571428571,2
F18,453,0.5714285714285714,0.6829081047004717,1.75,XMEAS7-XMEAS11,0.5714285714285714,2
F18,454,0.5714285714285714,0.6829081047004717,2.3333333333333335,XMEAS7-XMEAS11,0.5714285714285714,2
F18,455,1.0,0.0,7.0,XMEAS7-XMEAS11,1.0,1
F18,456,0.7142857142857143,0.5982695885852573,3.5,XMEAS7-XMEAS11,0.7142857142857143,2
F18,457,0.7142857142857143,0.5982695885852573,3.5,XMEAS7-XMEAS11,0.7142857142857143,2
F18,458,0.7142857142857143,0.5982695885852573,3.5,XMEAS7-XMEAS11,0.7142857142857143,2
F18,459,0.5714285714285714,0.9556998911125343,1.75,XMEAS9-XMEAS11,0.5714285714285714,3
F18,460,0.8571428571428571,0.410116318288409,3.5,XMEAS7-XMEAS11,0.8571428571428571,2
F18,461,1.0,0.0,7.0,XMEAS7-XMEAS11,1.0,1
F18,462,0.8571428571428571,0.410116318288409,3.5,XMEAS7-XMEAS11,0.8571428571428571,2
F18,463,0.5714285714285714,0.6829081047004717,1.75,XMEAS7-XMEAS11,0.5714285714285714,2
F18,464,0.7142857142857143,0.5982695885852573,3.5,XMEAS7-XMEAS11,0.7142857142857143,2
F18,465,0.7142857142857143,0.796311640173813,2.3333333333333335,XMEAS7-XMEAS11,0.7142857142857143,3
F18,466,0.7142857142857143,0.5982695885852573,3.5,XMEAS7-XMEAS11,0.7142857142857143,2
F18,467,0.8571428571428571,0.410116318288409,3.5,XMEAS7-XMEAS11,0.8571428571428571,2
F18,468,0.5714285714285714,0.6829081047004717,3.5,XMEAS9-XMEAS11,0.5714285714285714,2
F18,469,1.0,0.0,7.0,XMEAS7-XMEAS11,1.0,1
F18,470,0.8571428571428571,0.410116318288409,3.5,XMEAS7-XMEAS11,0.8571428571428571,2
F18,471,1.0,0.0,7.0,XMEAS7-XMEAS11,1.0,1
F18,472,0.5714285714285714,0.6829081047004717,3.5,XMEAS7-XMEAS11,0.5714285714285714,2
F18,473,0.5714285714285714,0.6829081047004717,1.75,XMEAS7-XMEAS11,0.5714285714285714,2
F18,474,0.5714285714285714,0.6829081047004717,1.75,XMEAS9-XMEAS11,0.5714285714285714,2
F18,475,0.7142857142857143,0.5982695885852573,1.75,XMEAS7-XMEAS11,0.7142857142857143,2
F18,476,0.7142857142857143,0.5982695885852573,3.5,XMEAS7-XMEAS11,0.7142857142857143,2
F18,477,0.5714285714285714,0.6829081047004717,3.5,XMEAS7-XMEAS11,0.5714285714285714,2
F18,478,0.5714285714285714,0.9556998911125343,1.1666666666666667,XMEAS9-XMEAS11,0.5714285714285714,3
F18,479,0.8571428571428571,0.410116318288409,3.5,XMEAS7-XMEAS11,0.8571428571428571,2
F18,480,0.5714285714285714,0.6829081047004717,1.75,XMEAS7-XMEAS11,0.5714285714285714,2
F18,481,1.0,0.0,7.0,XMEAS7-XMEAS11,1.0,1
F18,482,0.8571428571428571,0.410116318288409,3.5,XMEAS7-XMEAS11,0.8571428571428571,2
F18,483,0.8571428571428571,0.410116318288409,3.5,XMEAS7-XMEAS11,0.8571428571428571,2
F18,484,1.0,0.0,7.0,XMEAS7-XMEAS11,1.0,1
F18,485,0.5714285714285714,0.6829081047004717,3.5,XMEAS7-XMEAS11,0.5714285714285714,2
F18,486,0.5714285714285714,0.6829081047004717,1.75,XMEAS9-XMEAS11,0.5714285714285714,2
F18,487,0.8571428571428571,0.410116318288409,3.5,XMEAS7-XMEAS11,0.8571428571428571,2
F18,488,1.0,0.0,7.0,XMEAS7-XMEAS11,1.0,1
F18,489,0.8571428571428571,0.410116318288409,3.5,XMEAS7-XMEAS11,0.8571428571428571,2
F18,490,0.8571428571428571,0.410116318288409,3.5,XMEAS7-XMEAS11,0.8571428571428571,2
F18,491,0.7142857142857143,0.5982695885852573,1.75,XMEAS7-XMEAS11,0.7142857142857143,2
F18,492,0.8571428571428571,0.410116318288409,3.5,XMEAS7-XMEAS11,0.8571428571428571,2
F18,493,0.7142857142857143,0.5982695885852573,1.75,XMEAS7-XMEAS11,0.7142857142857143,2
F18,494,0.8571428571428571,0.410116318288409,3.5,XMEAS7-XMEAS11,0.8571428571428571,2
F18,495,0.7142857142857143,0.5982695885852573,3.5,XMEAS7-XMEAS11,0.7142857142857143,2
F18,496,0.7142857142857143,0.5982695885852573,3.5,XMEAS7-XMEAS11,0.7142857142857143,2
F18,497,0.5714285714285714,0.6829081047004717,2.3333333333333335,XMEAS9-XMEAS11,0.5714285714285714,2
F18,498,0.8571428571428571,0.410116318288409,3.5,XMEAS7-XMEAS11,0.8571428571428571,2
F18,499,0.7142857142857143,0.5982695885852573,2.3333333333333335,XMEAS7-XMEAS11,0.7142857142857143,2
F18,500,0.7142857142857143,0.5982695885852573,1.75,XMEAS7-XMEAS11,0.7142857142857143,2
F19,1,0.42857142857142855,1.2770342594661392,1.1666666666666667,XMEAS7-XMEAS9,0.42857142857142855,4
F19,2,0.5714285714285714,1.1537419427010902,1.0,XMEAS7-XMEAS9,0.5714285714285714,4
F19,3,0.2857142857142857,1.5498260458782018,1.4,XMEAS7-XMEAS10,0.2857142857142857,5
F19,4,0.2857142857142857,1.5498260458782016,1.1666666666666667,XMEAS9-XMEAS10,0.2857142857142857,5
F19,5,0.2857142857142857,1.7478680974667578,1.0,XMEAS8-XMEAS10,0.2857142857142857,6
F19,6,0.42857142857142855,1.475076311054695,1.0,XMEAS10-XMEAS11,0.42857142857142855,5
F19,7,0.2857142857142857,1.7478680974667578,1.0,XMEAS7-XMEAS9,0.2857142857142857,6
F19,8,0.42857142857142855,1.475076311054695,1.0,XMEAS8-XMEAS10,0.42857142857142855,5
F19,9,0.5714285714285714,1.1537419427010902,1.4,XMEAS7-XMEAS9,0.5714285714285714,4
F19,10,0.42857142857142855,1.2770342594661392,1.4,XMEAS7-XMEAS9,0.42857142857142855,4
F19,11,0.2857142857142857,1.351783994289646,1.1666666666666667,XMEAS7-XMEAS10,0.2857142857142857,4
F19,12,0.2857142857142857,1.5498260458782016,1.0,XMEAS7-XMEAS9,0.2857142857142857,5
F19,13,0.42857142857142855,1.475076311054695,1.1666666666666667,XMEAS7-XMEAS9,0.42857142857142855,5
F19,14,0.2857142857142857,1.5498260458782016,1.0,XMEAS7-XMEAS10,0.2857142857142857,5
F19,15,0.5714285714285714,0.9556998911125343,1.1666666666666667,XMEAS7-XMEAS9,0.5714285714285714,3
F19,16,0.2857142857142857,1.549826045878202,1.0,XMEAS7-XMEAS9,0.2857142857142857,5
F19,17,0.42857142857142855,1.475076311054695,1.1666666666666667,XMEAS7-XMEAS10,0.42857142857142855,5
F19,18,0.42857142857142855,1.277034259466139,1.4,XMEAS8-XMEAS9,0.42857142857142855,4
F19,19,0.7142857142857143,0.7963116401738131,1.75,XMEAS7-XMEAS9,0.7142857142857143,3
F19,20,0.42857142857142855,1.277034259466139,1.1666666666666667,XMEAS7-XMEAS9,0.42857142857142855,4
F19,21,0.42857142857142855,1.2770342594661392,1.1666666666666667,XMEAS7-XMEAS8,0.42857142857142855,4
F19,22,0.42857142857142855,1.0789922078775833,1.1666666666666667,XMEAS7-XMEAS9,0.42857142857142855,3
F19,23,0.2857142857142857,1.549826045878202,1.1666666666666667,XMEAS7-XMEAS8,0.2857142857142857,5
F19,24,0.2857142857142857,1.5498260458782018,1.1666666666666667,XMEAS8-XMEAS9,0.2857142857142857,5
F19,25,0.42857142857142855,1.2770342594661392,1.1666666666666667,XMEAS7-XMEAS9,0.42857142857142855,4
F19,26,0.5714285714285714,1.15374194270109,1.75,XMEAS7-XMEAS9,0.5714285714285714,4
F19,27,0.2857142857142857,1.7478680974667578,1.0,XMEAS8-XMEAS9,0.2857142857142857,6
F19,28,0.2857142857142857,1.7478680974667578,1.0,XMEAS7-XMEAS9,0.2857142857142857,6
F19,29,0.5714285714285714,0.9556998911125343,1.1666666666666667,XMEAS7-XMEAS9,0.5714285714285714,3
F19,30,0.5714285714285714,0.9556998911125343,1.4,XMEAS7-XMEAS9,0.5714285714285714,3
F19,31,0.42857142857142855,1.277034259466139,1.1666666666666667,XMEAS7-XMEAS8,0.42857142857142855,4
F19,32,0.42857142857142855,1.475076311054695,1.1666666666666667,XMEAS7-XMEAS9,0.42857142857142855,5
F19,33,0.2857142857142857,1.549826045878202,1.0,XMEAS7-XMEAS10,0.2857142857142857,5
F19,34,0.5714285714285714,0.9556998911125343,1.4,XMEAS7-XMEAS9,0.5714285714285714,3
F19,35,0.42857142857142855,1.2770342594661392,1.75,XMEAS7-XMEAS9,0.42857142857142855,4
F19,36,0.5714285714285714,0.9556998911125343,1.75,XMEAS7-XMEAS9,0.5714285714285714,3
F19,37,0.2857142857142857,1.7478680974667578,1.0,XMEAS7-XMEAS9,0.2857142857142857,6
F19,38,0.42857142857142855,1.2770342594661392,1.1666666666666667,XMEAS7-XMEAS9,0.42857142857142855,4
F19,39,0.2857142857142857,1.351783994289646,1.0,XMEAS8-XMEAS10,0.2857142857142857,4
F19,40,0.7142857142857143,0.7963116401738131,1.75,XMEAS7-XMEAS9,0.7142857142857143,3
F19,41,0.42857142857142855,1.2770342594661392,1.1666666666666667,XMEAS7-XMEAS9,0.42857142857142855,4
F19,42,0.42857142857142855,1.277034259466139,1.1666666666666667,XMEAS7-XMEAS9,0.42857142857142855,4
F19,43,0.5714285714285714,1.1537419427010902,1.1666666666666667,XMEAS7-XMEAS9,0.5714285714285714,4
F19,44,0.42857142857142855,1.475076311054695,1.1666666666666667,XMEAS7-XMEAS9,0.42857142857142855,5
F19,45,0.42857142857142855,1.475076311054695,1.0,XMEAS7-XMEAS9,0.42857142857142855,5
F19,46,0.5714285714285714,1.1537419427010902,1.1666666666666667,XMEAS7-XMEAS9,0.5714285714285714,4
F19,47,0.42857142857142855,1.277034259466139,1.1666666666666667,XMEAS7-XMEAS9,0.42857142857142855,4
F19,48,0.42857142857142855,1.2770342594661392,1.1666666666666667,XMEAS7-XMEAS9,0.42857142857142855,4
F19,49,0.2857142857142857,1.549826045878202,1.4,XMEAS10-XMEAS11,0.2857142857142857,5
F19,50,0.5714285714285714,0.9556998911125343,1.4,XMEAS7-XMEAS9,0.5714285714285714,3
F19,51,0.2857142857142857,1.351783994289646,1.1666666666666667,XMEAS7-XMEAS9,0.2857142857142857,4
F19,52,0.5714285714285714,0.9556998911125343,1.4,XMEAS7-XMEAS9,0.5714285714285714,3
F19,53,0.42857142857142855,1.2770342594661392,1.4,XMEAS7-XMEAS9,0.42857142857142855,4
F19,54,0.2857142857142857,1.351783994289646,1.1666666666666667,XMEAS7-XMEAS9,0.2857142857142857,4
F19,55,0.7142857142857143,0.7963116401738131,1.75,XMEAS7-XMEAS9,0.7142857142857143,3
F19,56,0.7142857142857143,0.7963116401738131,1.4,XMEAS7-XMEAS9,0.7142857142857143,3
F19,57,0.5714285714285714,1.1537419427010902,1.1666666666666667,XMEAS7-XMEAS9,0.5714285714285714,4
F19,58,0.42857142857142855,1.475076311054695,1.1666666666666667,XMEAS7-XMEAS11,0.42857142857142855,5
F19,59,0.2857142857142857,1.549826045878202,1.0,XMEAS8-XMEAS10,0.2857142857142857,5
F19,60,0.42857142857142855,1.475076311054695,1.0,XMEAS7-XMEAS9,0.42857142857142855,5
F19,61,0.7142857142857143,0.7963116401738131,1.4,XMEAS7-XMEAS9,0.7142857142857143,3
F19,62,0.42857142857142855,1.277034259466139,1.1666666666666667,XMEAS7-XMEAS9,0.42857142857142855,4
F19,63,0.7142857142857143,0.7963116401738131,1.75,XMEAS7-XMEAS9,0.7142857142857143,3
F19,64,0.42857142857142855,1.2770342594661392,1.1666666666666667,XMEAS7-XMEAS9,0.42857142857142855,4
F19,65,0.5714285714285714,0.9556998911125343,1.75,XMEAS7-XMEAS9,0.5714285714285714,3
F19,66,0.5714285714285714,1.1537419427010902,1.4,XMEAS8-XMEAS9,0.5714285714285714,4
F19,67,0.2857142857142857,1.549826045878202,1.0,XMEAS7-XMEAS9,0.2857142857142857,5
F19,68,0.42857142857142855,1.475076311054695,1.0,XMEAS7-XMEAS9,0.42857142857142855,5
F19,69,0.2857142857142857,1.7478680974667578,1.0,XMEAS7-XMEAS9,0.2857142857142857,6
F19,70,0.42857142857142855,1.277034259466139,1.75,XMEAS9-XMEAS11,0.42857142857142855,4
F19,71,0.42857142857142855,1.475076311054695,1.0,XMEAS7-XMEAS9,0.42857142857142855,5
F19,72,0.2857142857142857,1.351783994289646,1.0,XMEAS8-XMEAS10,0.2857142857142857,4
F19,73,0.42857142857142855,1.277034259466139,1.4,XMEAS8-XMEAS10,0.42857142857142855,4
F19,74,0.5714285714285714,1.1537419427010902,1.4,XMEAS7-XMEAS9,0.5714285714285714,4
F19,75,0.7142857142857143,0.7963116401738131,1.75,XMEAS7-XMEAS9,0.7142857142857143,3
F19,76,0.5714285714285714,0.9556998911125343,1.1666666666666667,XMEAS7-XMEAS9,0.5714285714285714,3
F19,77,0.2857142857142857,1.549826045878202,1.0,XMEAS7-XMEAS9,0.2857142857142857,5
F19,78,0.42857142857142855,1.277034259466139,1.1666666666666667,XMEAS7-XMEAS9,0.42857142857142855,4
F19,79,0.2857142857142857,1.7478680974667578,1.1666666666666667,XMEAS8-XMEAS9,0.2857142857142857,6
F19,80,0.42857142857142855,1.277034259466139,1.4,XMEAS8-XMEAS10,0.42857142857142855,4
F19,81,0.2857142857142857,1.7478680974667578,1.1666666666666667,XMEAS7-XMEAS9,0.2857142857142857,6
F19,82,0.42857142857142855,1.2770342594661392,1.1666666666666667,XMEAS7-XMEAS9,0.42857142857142855,4
F19,83,0.2857142857142857,1.5498260458782016,1.0,XMEAS7-XMEAS9,0.2857142857142857,5
F19,84,0.7142857142857143,0.5982695885852573,2.3333333333333335,XMEAS7-XMEAS9,0.7142857142857143,2
F19,85,0.2857142857142857,1.549826045878202,1.0,XMEAS8-XMEAS9,0.2857142857142857,5
F19,86,0.5714285714285714,1.1537419427010902,1.1666666666666667,XMEAS8-XMEAS10,0.5714285714285714,4
F19,87,0.42857142857142855,1.277034259466139,1.1666666666666667,XMEAS7-XMEAS9,0.42857142857142855,4
F19,88,0.2857142857142857,1.549826045878202,1.0,XMEAS8-XMEAS9,0.2857142857142857,5
F19,89,0.7142857142857143,0.7963116401738131,2.3333333333333335,XMEAS7-XMEAS9,0.7142857142857143,3
F19,90,0.2857142857142857,1.351783994289646,1.4,XMEAS7-XMEAS8,0.2857142857142857,4
F19,91,0.14285714285714285,1.945910149055314,1.0,XMEAS7-XMEAS10,0.14285714285714285,7
F19,92,0.7142857142857143,0.7963116401738131,1.4,XMEAS7-XMEAS9,0.7142857142857143,3
F19,93,0.2857142857142857,1.351783994289646,1.0,XMEAS9-XMEAS10,0.2857142857142857,4
F19,94,0.5714285714285714,1.1537419427010902,1.4,XMEAS7-XMEAS9,0.5714285714285714,4
F19,95,0.5714285714285714,0.9556998911125343,1.4,XMEAS7-XMEAS9,0.5714285714285714,3
F19,96,0.14285714285714285,1.945910149055314,1.0,XMEAS9-XMEAS10,0.14285714285714285,7
F19,97,0.42857142857142855,1.2770342594661392,1.1666666666666667,XMEAS7-XMEAS9,0.42857142857142855,4
F19,98,0.42857142857142855,1.0789922078775833,1.1666666666666667,XMEAS7-XMEAS10,0.42857142857142855,3
F19,99,0.2857142857142857,1.549826045878202,1.0,XMEAS7-XMEAS9,0.2857142857142857,5
F19,100,0.42857142857142855,1.475076311054695,1.1666666666666667,XMEAS7-XMEAS9,0.42857142857142855,5
F19,101,0.2857142857142857,1.549826045878202,1.0,XMEAS7-XMEAS10,0.2857142857142857,5
F19,102,0.2857142857142857,1.7478680974667578,1.0,XMEAS8-XMEAS11,0.2857142857142857,6
F19,103,0.5714285714285714,0.9556998911125343,1.75,XMEAS7-XMEAS9,0.5714285714285714,3
F19,104,0.5714285714285714,1.1537419427010902,1.1666666666666667,XMEAS7-XMEAS9,0.5714285714285714,4
F19,105,1.0,0.0,7.0,XMEAS7-XMEAS9,1.0,1
F19,106,0.5714285714285714,0.9556998911125343,1.4,XMEAS7-XMEAS9,0.5714285714285714,3
F19,107,0.42857142857142855,1.277034259466139,1.4,XMEAS8-XMEAS9,0.42857142857142855,4
F19,108,0.5714285714285714,0.9556998911125343,1.1666666666666667,XMEAS7-XMEAS9,0.5714285714285714,3
F19,109,0.5714285714285714,0.9556998911125343,2.3333333333333335,XMEAS7-XMEAS9,0.5714285714285714,3
F19,110,0.42857142857142855,1.0042424730540764,1.0,XMEAS7-XMEAS10,0.42857142857142855,3
F19,111,0.7142857142857143,0.5982695885852573,1.75,XMEAS7-XMEAS9,0.7142857142857143,2
F19,112,0.2857142857142857,1.7478680974667578,1.0,XMEAS9-XMEAS10,0.2857142857142857,6
F19,113,0.5714285714285714,1.1537419427010902,1.0,XMEAS7-XMEAS9,0.5714285714285714,4
F19,114,0.2857142857142857,1.549826045878202,1.0,XMEAS9-XMEAS10,0.2857142857142857,5
F19,115,0.42857142857142855,1.277034259466139,1.1666666666666667,XMEAS7-XMEAS9,0.42857142857142855,4
F19,116,0.42857142857142855,1.277034259466139,1.75,XMEAS7-XMEAS9,0.42857142857142855,4
F19,117,0.42857142857142855,1.475076311054695,1.4,XMEAS7-XMEAS9,0.42857142857142855,5
F19,118,0.42857142857142855,1.2770342594661392,1.4,XMEAS7-XMEAS10,0.42857142857142855,4
F19,119,0.2857142857142857,1.549826045878202,1.1666666666666667,XMEAS10-XMEAS11,0.2857142857142857,5
F19,120,0.42857142857142855,1.475076311054695,1.4,XMEAS7-XMEAS9,0.42857142857142855,5
F19,121,0.2857142857142857,1.5498260458782016,1.1666666666666667,XMEAS7-XMEAS10,0.2857142857142857,5
F19,122,0.7142857142857143,0.7963116401738131,1.75,XMEAS7-XMEAS9,0.7142857142857143,3
F19,123,0.14285714285714285,1.945910149055314,1.0,XMEAS7-XMEAS9,0.14285714285714285,7
F19,124,0.2857142857142857,1.5498260458782016,1.0,XMEAS7-XMEAS9,0.2857142857142857,5
F19,125,0.42857142857142855,1.475076311054695,1.4,XMEAS7-XMEAS10,0.42857142857142855,5
F19,126,0.42857142857142855,1.2770342594661392,1.0,XMEAS8-XMEAS9,0.42857142857142855,4
F19,127,0.2857142857142857,1.549826045878202,1.1666666666666667,XMEAS9-XMEAS11,0.2857142857142857,5
F19,128,0.2857142857142857,1.7478680974667578,1.0,XMEAS7-XMEAS9,0.2857142857142857,6
F19,129,0.42857142857142855,1.277034259466139,1.0,XMEAS10-XMEAS11,0.42857142857142855,4
F19,130,0.7142857142857143,0.7963116401738131,2.3333333333333335,XMEAS7-XMEAS9,0.7142857142857143,3
F19,131,0.8571428571428571,0.410116318288409,2.3333333333333335,XMEAS7-XMEAS9,0.8571428571428571,2
F19,132,0.2857142857142857,1.549826045878202,1.4,XMEAS7-XMEAS10,0.2857142857142857,5
F19,133,0.42857142857142855,1.2770342594661392,1.1666666666666667,XMEAS7-XMEAS9,0.42857142857142855,4
F19,134,0.5714285714285714,0.9556998911125343,1.75,XMEAS7-XMEAS9,0.5714285714285714,3
F19,135,0.5714285714285714,1.1537419427010902,1.1666666666666667,XMEAS7-XMEAS9,0.5714285714285714,4
F19,136,0.42857142857142855,1.475076311054695,1.1666666666666667,XMEAS7-XMEAS9,0.42857142857142855,5
F19,137,0.42857142857142855,1.277034259466139,1.0,XMEAS7-XMEAS9,0.42857142857142855,4
F19,138,0.5714285714285714,1.1537419427010902,1.75,XMEAS7-XMEAS9,0.5714285714285714,4
F19,139,0.2857142857142857,1.549826045878202,1.0,XMEAS7-XMEAS9,0.2857142857142857,5
F19,140,0.5714285714285714,1.1537419427010902,1.4,XMEAS7-XMEAS9,0.5714285714285714,4
F19,141,0.2857142857142857,1.7478680974667578,1.0,XMEAS8-XMEAS9,0.2857142857142857,6
F19,142,0.2857142857142857,1.5498260458782016,1.0,XMEAS7-XMEAS9,0.2857142857142857,5
F19,143,0.42857142857142855,1.2770342594661392,1.0,XMEAS8-XMEAS9,0.42857142857142855,4
F19,144,0.7142857142857143,0.7963116401738131,1.75,XMEAS7-XMEAS9,0.7142857142857143,3
F19,145,0.42857142857142855,1.4750763110546947,1.1666666666666667,XMEAS7-XMEAS9,0.42857142857142855,5
F19,146,0.5714285714285714,1.1537419427010902,1.1666666666666667,XMEAS7-XMEAS9,0.5714285714285714,4
F19,147,0.2857142857142857,1.7478680974667578,1.1666666666666667,XMEAS7-XMEAS9,0.2857142857142857,6
F19,148,0.42857142857142855,1.277034259466139,1.0,XMEAS7-XMEAS10,0.42857142857142855,4
F19,149,0.5714285714285714,1.1537419427010902,1.0,XMEAS7-XMEAS9,0.5714285714285714,4
F19,150,0.5714285714285714,0.9556998911125343,1.1666666666666667,XMEAS7-XMEAS9,0.5714285714285714,3
F19,151,0.42857142857142855,1.277034259466139,1.0,XMEAS10-XMEAS11,0.42857142857142855,4
F19,152,0.7142857142857143,0.7963116401738131,1.75,XMEAS7-XMEAS9,0.7142857142857143,3
F19,153,0.42857142857142855,1.277034259466139,1.1666666666666667,XMEAS7-XMEAS9,0.42857142857142855,4
F19,154,0.42857142857142855,1.4750763110546947,1.4,XMEAS7-XMEAS9,0.42857142857142855,5
F19,155,0.42857142857142855,1.2770342594661392,1.4,XMEAS7-XMEAS9,0.42857142857142855,4
F19,156,0.2857142857142857,1.549826045878202,1.0,XMEAS7-XMEAS9,0.2857142857142857,5
F19,157,0.42857142857142855,1.277034259466139,1.1666666666666667,XMEAS8-XMEAS9,0.42857142857142855,4
F19,158,0.42857142857142855,1.2770342594661392,1.1666666666666667,XMEAS7-XMEAS9,0.42857142857142855,4
F19,159,0.5714285714285714,0.9556998911125343,1.75,XMEAS7-XMEAS9,0.5714285714285714,3
F19,160,0.7142857142857143,0.796311640173813,2.3333333333333335,XMEAS7-XMEAS9,0.7142857142857143,3
F19,161,0.2857142857142857,1.5498260458782018,1.4,XMEAS7-XMEAS9,0.2857142857142857,5
F19,162,0.14285714285714285,1.945910149055314,1.0,XMEAS7-XMEAS9,0.14285714285714285,7
F19,163,0.2857142857142857,1.549826045878202,1.0,XMEAS7-XMEAS9,0.2857142857142857,5
F19,164,0.5714285714285714,0.9556998911125343,2.3333333333333335,XMEAS7-XMEAS9,0.5714285714285714,3
F19,165,0.42857142857142855,1.277034259466139,1.1666666666666667,XMEAS8-XMEAS9,0.42857142857142855,4
F19,166,0.42857142857142855,1.475076311054695,1.1666666666666667,XMEAS7-XMEAS9,0.42857142857142855,5
F19,167,0.42857142857142855,1.2770342594661392,1.0,XMEAS8-XMEAS9,0.42857142857142855,4
F19,168,0.42857142857142855,1.0042424730540764,1.1666666666666667,XMEAS7-XMEAS9,0.42857142857142855,3
F19,169,0.42857142857142855,1.475076311054695,1.1666666666666667,XMEAS7-XMEAS9,0.42857142857142855,5
F19,170,0.42857142857142855,1.2770342594661392,1.0,XMEAS8-XMEAS10,0.42857142857142855,4
F19,171,0.5714285714285714,1.1537419427010902,1.4,XMEAS7-XMEAS9,0.5714285714285714,4
F19,172,0.2857142857142857,1.549826045878202,1.0,XMEAS8-XMEAS11,0.2857142857142857,5
F19,173,0.42857142857142855,1.2770342594661392,1.1666666666666667,XMEAS7-XMEAS9,0.42857142857142855,4
F19,174,0.2857142857142857,1.7478680974667578,1.0,XMEAS7-XMEAS9,0.2857142857142857,6
F19,175,0.2857142857142857,1.5498260458782016,1.1666666666666667,XMEAS8-XMEAS10,0.2857142857142857,5
F19,176,0.2857142857142857,1.549826045878202,1.0,XMEAS7-XMEAS9,0.2857142857142857,5
F19,177,0.5714285714285714,0.9556998911125343,1.4,XMEAS7-XMEAS9,0.5714285714285714,3
F19,178,0.42857142857142855,1.277034259466139,1.4,XMEAS8-XMEAS10,0.42857142857142855,4
F19,179,0.5714285714285714,0.9556998911125343,1.4,XMEAS7-XMEAS9,0.5714285714285714,3
F19,180,0.5714285714285714,0.9556998911125343,1.0,XMEAS7-XMEAS9,0.5714285714285714,3
F19,181,0.2857142857142857,1.7478680974667578,1.0,XMEAS8-XMEAS9,0.2857142857142857,6
F19,182,0.2857142857142857,1.5498260458782016,1.0,XMEAS9-XMEAS11,0.2857142857142857,5
F19,183,0.42857142857142855,1.475076311054695,1.1666666666666667,XMEAS7-XMEAS9,0.42857142857142855,5
F19,184,0.42857142857142855,1.2770342594661392,1.0,XMEAS7-XMEAS10,0.42857142857142855,4
F19,185,0.2857142857142857,1.549826045878202,1.0,XMEAS7-XMEAS9,0.2857142857142857,5
F19,186,0.42857142857142855,1.277034259466139,1.1666666666666667,XMEAS7-XMEAS9,0.42857142857142855,4
F19,187,0.42857142857142855,1.475076311054695,1.1666666666666667,XMEAS7-XMEAS8,0.42857142857142855,5
F19,188,0.5714285714285714,0.9556998911125343,1.4,XMEAS7-XMEAS9,0.5714285714285714,3
F19,189,0.5714285714285714,1.1537419427010902,1.4,XMEAS7-XMEAS9,0.5714285714285714,4
F19,190,0.2857142857142857,1.549826045878202,1.0,XMEAS7-XMEAS9,0.2857142857142857,5
F19,191,0.5714285714285714,1.1537419427010902,1.1666666666666667,XMEAS7-XMEAS9,0.5714285714285714,4
F19,192,0.5714285714285714,1.1537419427010902,1.0,XMEAS7-XMEAS9,0.5714285714285714,4
F19,193,0.2857142857142857,1.5498260458782016,1.0,XMEAS7-XMEAS10,0.2857142857142857,5
F19,194,0.42857142857142855,1.2770342594661392,1.4,XMEAS8-XMEAS9,0.42857142857142855,4
F19,195,0.42857142857142855,1.277034259466139,1.1666666666666667,XMEAS7-XMEAS9,0.42857142857142855,4
F19,196,0.5714285714285714,1.1537419427010902,1.4,XMEAS7-XMEAS9,0.5714285714285714,4
F19,197,0.42857142857142855,1.475076311054695,1.0,XMEAS7-XMEAS9,0.42857142857142855,5
F19,198,0.7142857142857143,0.7963116401738131,1.75,XMEAS7-XMEAS9,0.7142857142857143,3
F19,199,0.2857142857142857,1.5498260458782016,1.0,XMEAS8-XMEAS9,0.2857142857142857,5
F19,200,0.42857142857142855,1.475076311054695,1.1666666666666667,XMEAS8-XMEAS9,0.42857142857142855,5
F19,201,0.2857142857142857,1.549826045878202,1.0,XMEAS7-XMEAS9,0.2857142857142857,5
F19,202,0.2857142857142857,1.549826045878202,1.1666666666666667,XMEAS8-XMEAS9,0.2857142857142857,5
F19,203,0.5714285714285714,0.9556998911125343,1.4,XMEAS7-XMEAS9,0.5714285714285714,3
F19,204,0.2857142857142857,1.5498260458782018,1.0,XMEAS8-XMEAS9,0.2857142857142857,5
F19,205,0.7142857142857143,0.7963116401738131,1.75,XMEAS7-XMEAS9,0.7142857142857143,3
F19,206,0.2857142857142857,1.5498260458782018,1.4,XMEAS7-XMEAS9,0.2857142857142857,5
F19,207,0.2857142857142857,1.549826045878202,1.1666666666666667,XMEAS8-XMEAS9,0.2857142857142857,5
F19,208,0.2857142857142857,1.351783994289646,1.4,XMEAS7-XMEAS8,0.2857142857142857,4
F19,209,0.5714285714285714,1.1537419427010902,1.4,XMEAS7-XMEAS9,0.5714285714285714,4
F19,210,0.5714285714285714,1.1537419427010902,1.4,XMEAS7-XMEAS9,0.5714285714285714,4
F19,211,0.2857142857142857,1.549826045878202,1.0,XMEAS10-XMEAS11,0.2857142857142857,5
F19,212,0.2857142857142857,1.549826045878202,1.1666666666666667,XMEAS8-XMEAS10,0.2857142857142857,5
F19,213,0.2857142857142857,1.7478680974667573,1.1666666666666667,XMEAS7-XMEAS9,0.2857142857142857,6
F19,214,0.42857142857142855,1.475076311054695,1.1666666666666667,XMEAS7-XMEAS9,0.42857142857142855,5
F19,215,0.42857142857142855,1.475076311054695,1.0,XMEAS7-XMEAS9,0.42857142857142855,5
F19,216,0.2857142857142857,1.5498260458782016,1.1666666666666667,XMEAS8-XMEAS9,0.2857142857142857,5
F19,217,0.5714285714285714,0.9556998911125343,1.1666666666666667,XMEAS7-XMEAS9,0.5714285714285714,3
F19,218,0.2857142857142857,1.5498260458782016,1.1666666666666667,XMEAS8-XMEAS9,0.2857142857142857,5
F19,219,0.2857142857142857,1.7478680974667578,1.0,XMEAS8-XMEAS10,0.2857142857142857,6
F19,220,0.5714285714285714,1.1537419427010902,1.4,XMEAS7-XMEAS9,0.5714285714285714,4
F19,221,0.5714285714285714,1.1537419427010902,1.1666666666666667,XMEAS7-XMEAS9,0.5714285714285714,4
F19,222,0.42857142857142855,1.0789922078775833,2.3333333333333335,XMEAS8-XMEAS9,0.42857142857142855,3
F19,223,0.2857142857142857,1.7478680974667578,1.0,XMEAS7-XMEAS9,0.2857142857142857,6
F19,224,0.42857142857142855,1.277034259466139,1.1666666666666667,XMEAS7-XMEAS9,0.42857142857142855,4
F19,225,0.7142857142857143,0.7963116401738131,2.3333333333333335,XMEAS7-XMEAS9,0.7142857142857143,3
F19,226,0.2857142857142857,1.5498260458782018,1.1666666666666667,XMEAS7-XMEAS10,0.2857142857142857,5
F19,227,0.7142857142857143,0.7963116401738131,1.75,XMEAS7-XMEAS9,0.7142857142857143,3
F19,228,0.7142857142857143,0.7963116401738131,1.75,XMEAS7-XMEAS9,0.7142857142857143,3
F19,229,0.5714285714285714,0.9556998911125343,1.4,XMEAS7-XMEAS9,0.5714285714285714,3
F19,230,0.2857142857142857,1.5498260458782016,1.4,XMEAS7-XMEAS9,0.2857142857142857,5
F19,231,0.42857142857142855,1.2770342594661392,1.4,XMEAS7-XMEAS9,0.42857142857142855,4
F19,232,0.42857142857142855,1.2770342594661392,1.1666666666666667,XMEAS7-XMEAS9,0.42857142857142855,4
F19,233,0.2857142857142857,1.351783994289646,1.4,XMEAS7-XMEAS8,0.2857142857142857,4
F19,234,0.2857142857142857,1.5498260458782016,1.4,XMEAS7-XMEAS8,0.2857142857142857,5
F19,235,0.2857142857142857,1.549826045878202,1.0,XMEAS7-XMEAS8,0.2857142857142857,5
F19,236,0.2857142857142857,1.7478680974667578,1.1666666666666667,XMEAS7-XMEAS9,0.2857142857142857,6
F19,237,0.7142857142857143,0.5982695885852573,1.4,XMEAS7-XMEAS9,0.7142857142857143,2
F19,238,0.42857142857142855,1.2770342594661392,1.1666666666666667,XMEAS7-XMEAS9,0.42857142857142855,4
F19,239,0.2857142857142857,1.7478680974667578,1.0,XMEAS8-XMEAS10,0.2857142857142857,6
F19,240,0.2857142857142857,1.549826045878202,1.0,XMEAS7-XMEAS10,0.2857142857142857,5
F19,241,0.2857142857142857,1.549826045878202,1.0,XMEAS7-XMEAS9,0.2857142857142857,5
F19,242,0.2857142857142857,1.549826045878202,1.1666666666666667,XMEAS7-XMEAS9,0.2857142857142857,5
F19,243,0.42857142857142855,1.475076311054695,1.0,XMEAS7-XMEAS9,0.42857142857142855,5
F19,244,0.5714285714285714,0.9556998911125343,1.1666666666666667,XMEAS7-XMEAS9,0.5714285714285714,3
F19,245,0.2857142857142857,1.5498260458782016,1.0,XMEAS7-XMEAS9,0.2857142857142857,5
F19,246,0.2857142857142857,1.351783994289646,1.4,XMEAS7-XMEAS9,0.2857142857142857,4
F19,247,0.2857142857142857,1.5498260458782016,1.4,XMEAS7-XMEAS8,0.2857142857142857,5
F19,248,0.2857142857142857,1.351783994289646,1.1666666666666667,XMEAS7-XMEAS9,0.2857142857142857,4
F19,249,0.7142857142857143,0.7963116401738131,1.75,XMEAS7-XMEAS9,0.7142857142857143,3
F19,250,0.42857142857142855,1.0789922078775833,1.1666666666666667,XMEAS7-XMEAS9,0.42857142857142855,3
F19,251,0.42857142857142855,1.2770342594661392,1.0,XMEAS7-XMEAS9,0.42857142857142855,4
F19,252,0.42857142857142855,1.475076311054695,1.1666666666666667,XMEAS7-XMEAS9,0.42857142857142855,5
F19,253,0.5714285714285714,0.9556998911125343,2.3333333333333335,XMEAS7-XMEAS9,0.5714285714285714,3
F19,254,0.42857142857142855,1.475076311054695,1.1666666666666667,XMEAS7-XMEAS9,0.42857142857142855,5
F19,255,0.8571428571428571,0.410116318288409,2.3333333333333335,XMEAS7-XMEAS9,0.8571428571428571,2
F19,256,0.5714285714285714,0.9556998911125343,1.4,XMEAS7-XMEAS9,0.5714285714285714,3
F19,257,0.2857142857142857,1.7478680974667578,1.0,XMEAS7-XMEAS9,0.2857142857142857,6
F19,258,0.5714285714285714,0.6829081047004717,1.1666666666666667,XMEAS7-XMEAS9,0.5714285714285714,2
F19,259,0.42857142857142855,1.475076311054695,1.1666666666666667,XMEAS7-XMEAS9,0.42857142857142855,5
F19,260,0.7142857142857143,0.7963116401738131,1.75,XMEAS7-XMEAS9,0.7142857142857143,3
F19,261,0.42857142857142855,1.2770342594661392,1.4,XMEAS7-XMEAS9,0.42857142857142855,4
F19,262,0.2857142857142857,1.7478680974667573,1.0,XMEAS10-XMEAS11,0.2857142857142857,6
F19,263,0.5714285714285714,0.6829081047004717,1.75,XMEAS7-XMEAS9,0.5714285714285714,2
F19,264,0.2857142857142857,1.7478680974667578,1.0,XMEAS7-XMEAS10,0.2857142857142857,6
F19,265,0.14285714285714285,1.945910149055314,1.0,XMEAS7-XMEAS11,0.14285714285714285,7
F19,266,0.42857142857142855,1.0789922078775833,1.1666666666666667,XMEAS7-XMEAS9,0.42857142857142855,3
F19,267,0.2857142857142857,1.351783994289646,1.0,XMEAS9-XMEAS10,0.2857142857142857,4
F19,268,0.42857142857142855,1.277034259466139,1.1666666666666667,XMEAS7-XMEAS9,0.42857142857142855,4
F19,269,0.42857142857142855,1.475076311054695,1.1666666666666667,XMEAS7-XMEAS9,0.42857142857142855,5
F19,270,0.2857142857142857,1.5498260458782016,1.1666666666666667,XMEAS8-XMEAS9,0.2857142857142857,5
F19,271,0.5714285714285714,0.9556998911125343,1.1666666666666667,XMEAS7-XMEAS9,0.5714285714285714,3
F19,272,0.42857142857142855,1.2770342594661392,1.0,XMEAS7-XMEAS9,0.42857142857142855,4
F19,273,0.42857142857142855,1.2770342594661392,1.0,XMEAS8-XMEAS9,0.42857142857142855,4
F19,274,0.7142857142857143,0.7963116401738131,1.4,XMEAS7-XMEAS9,0.7142857142857143,3
F19,275,0.5714285714285714,1.1537419427010902,1.4,XMEAS7-XMEAS9,0.5714285714285714,4
F19,276,0.42857142857142855,1.2770342594661392,1.0,XMEAS7-XMEAS9,0.42857142857142855,4
F19,277,0.5714285714285714,0.9556998911125343,1.75,XMEAS7-XMEAS9,0.5714285714285714,3
F19,278,0.42857142857142855,1.475076311054695,1.1666666666666667,XMEAS8-XMEAS9,0.42857142857142855,5
F19,279,0.2857142857142857,1.5498260458782016,1.1666666666666667,XMEAS8-XMEAS9,0.2857142857142857,5
F19,280,0.2857142857142857,1.549826045878202,1.0,XMEAS7-XMEAS10,0.2857142857142857,5
F19,281,0.42857142857142855,1.277034259466139,1.1666666666666667,XMEAS7-XMEAS9,0.42857142857142855,4
F19,282,0.2857142857142857,1.5498260458782016,1.1666666666666667,XMEAS10-XMEAS11,0.2857142857142857,5
F19,283,0.2857142857142857,1.7478680974667578,1.1666666666666667,XMEAS7-XMEAS9,0.2857142857142857,6
F19,284,0.8571428571428571,0.410116318288409,2.3333333333333335,XMEAS7-XMEAS9,0.8571428571428571,2
F19,285,0.2857142857142857,1.549826045878202,1.0,XMEAS8-XMEAS9,0.2857142857142857,5
F19,286,0.42857142857142855,1.475076311054695,1.1666666666666667,XMEAS7-XMEAS9,0.42857142857142855,5
F19,287,0.5714285714285714,1.15374194270109,1.75,XMEAS7-XMEAS9,0.5714285714285714,4
F19,288,0.2857142857142857,1.5498260458782018,1.1666666666666667,XMEAS10-XMEAS11,0.2857142857142857,5
F19,289,0.42857142857142855,1.2770342594661392,1.4,XMEAS7-XMEAS9,0.42857142857142855,4
F19,290,0.42857142857142855,1.2770342594661392,1.1666666666666667,XMEAS7-XMEAS9,0.42857142857142855,4
F19,291,0.5714285714285714,1.1537419427010902,1.4,XMEAS7-XMEAS9,0.5714285714285714,4
F19,292,0.2857142857142857,1.5498260458782018,1.0,XMEAS7-XMEAS9,0.2857142857142857,5
F19,293,0.42857142857142855,1.475076311054695,1.1666666666666667,XMEAS8-XMEAS9,0.42857142857142855,5
F19,294,0.2857142857142857,1.7478680974667578,1.0,XMEAS7-XMEAS9,0.2857142857142857,6
F19,295,0.42857142857142855,1.475076311054695,1.1666666666666667,XMEAS7-XMEAS9,0.42857142857142855,5
F19,296,0.5714285714285714,0.9556998911125343,1.75,XMEAS7-XMEAS9,0.5714285714285714,3
F19,297,0.2857142857142857,1.351783994289646,1.0,XMEAS7-XMEAS11,0.2857142857142857,4
F19,298,0.2857142857142857,1.5498260458782016,1.1666666666666667,XMEAS7-XMEAS8,0.2857142857142857,5
F19,299,0.5714285714285714,1.1537419427010902,1.1666666666666667,XMEAS7-XMEAS9,0.5714285714285714,4
F19,300,0.42857142857142855,1.277034259466139,1.4,XMEAS8-XMEAS10,0.42857142857142855,4
F19,301,0.2857142857142857,1.549826045878202,1.0,XMEAS8-XMEAS9,0.2857142857142857,5
F19,302,0.42857142857142855,1.2770342594661392,1.1666666666666667,XMEAS7-XMEAS9,0.42857142857142855,4
F19,303,0.42857142857142855,1.475076311054695,1.0,XMEAS7-XMEAS9,0.42857142857142855,5
F19,304,0.5714285714285714,1.1537419427010902,1.1666666666666667,XMEAS7-XMEAS9,0.5714285714285714,4
F19,305,0.5714285714285714,0.9556998911125343,1.4,XMEAS7-XMEAS9,0.5714285714285714,3
F19,306,0.5714285714285714,1.1537419427010902,1.0,XMEAS7-XMEAS9,0.5714285714285714,4
F19,307,0.42857142857142855,1.475076311054695,1.0,XMEAS7-XMEAS10,0.42857142857142855,5
F19,308,0.42857142857142855,1.2770342594661392,1.4,XMEAS8-XMEAS10,0.42857142857142855,4
F19,309,0.8571428571428571,0.410116318288409,2.3333333333333335,XMEAS7-XMEAS9,0.8571428571428571,2
F19,310,0.7142857142857143,0.7963116401738131,1.75,XMEAS7-XMEAS9,0.7142857142857143,3
F19,311,0.42857142857142855,1.277034259466139,1.1666666666666667,XMEAS7-XMEAS9,0.42857142857142855,4
F19,312,0.14285714285714285,1.945910149055314,1.0,XMEAS8-XMEAS9,0.14285714285714285,7
F19,313,0.42857142857142855,1.277034259466139,1.1666666666666667,XMEAS7-XMEAS9,0.42857142857142855,4
F19,314,0.42857142857142855,1.277034259466139,1.4,XMEAS7-XMEAS9,0.42857142857142855,4
F19,315,0.2857142857142857,1.7478680974667578,1.0,XMEAS9-XMEAS11,0.2857142857142857,6
F19,316,0.42857142857142855,1.277034259466139,1.0,XMEAS7-XMEAS9,0.42857142857142855,4
F19,317,0.42857142857142855,1.0042424730540764,1.1666666666666667,XMEAS7-XMEAS9,0.42857142857142855,3
F19,318,0.5714285714285714,1.1537419427010902,1.0,XMEAS7-XMEAS9,0.5714285714285714,4
F19,319,0.2857142857142857,1.5498260458782016,1.4,XMEAS8-XMEAS9,0.2857142857142857,5
F19,320,0.42857142857142855,1.475076311054695,1.0,XMEAS7-XMEAS9,0.42857142857142855,5
F19,321,0.2857142857142857,1.549826045878202,1.1666666666666667,XMEAS7-XMEAS9,0.2857142857142857,5
F19,322,0.42857142857142855,1.4750763110546947,1.1666666666666667,XMEAS7-XMEAS9,0.42857142857142855,5
F19,323,0.42857142857142855,1.2770342594661392,1.0,XMEAS7-XMEAS9,0.42857142857142855,4
F19,324,0.42857142857142855,1.277034259466139,1.4,XMEAS7-XMEAS9,0.42857142857142855,4
F19,325,0.42857142857142855,1.2770342594661392,1.0,XMEAS7-XMEAS9,0.42857142857142855,4
F19,326,0.42857142857142855,1.277034259466139,1.1666666666666667,XMEAS7-XMEAS9,0.42857142857142855,4
F19,327,0.2857142857142857,1.549826045878202,1.1666666666666667,XMEAS7-XMEAS9,0.2857142857142857,5
F19,328,0.5714285714285714,1.1537419427010902,1.1666666666666667,XMEAS7-XMEAS9,0.5714285714285714,4
F19,329,0.5714285714285714,0.9556998911125343,1.4,XMEAS7-XMEAS9,0.5714285714285714,3
F19,330,0.5714285714285714,0.9556998911125343,1.4,XMEAS8-XMEAS9,0.5714285714285714,3
F19,331,0.42857142857142855,1.277034259466139,1.4,XMEAS8-XMEAS9,0.42857142857142855,4
F19,332,0.42857142857142855,1.4750763110546947,1.4,XMEAS9-XMEAS10,0.42857142857142855,5
F19,333,0.42857142857142855,1.277034259466139,1.0,XMEAS7-XMEAS9,0.42857142857142855,4
F19,334,0.42857142857142855,1.277034259466139,1.0,XMEAS8-XMEAS9,0.42857142857142855,4
F19,335,0.42857142857142855,1.2770342594661392,1.1666666666666667,XMEAS7-XMEAS8,0.42857142857142855,4
F19,336,0.42857142857142855,1.2770342594661392,1.1666666666666667,XMEAS7-XMEAS9,0.42857142857142855,4
F19,337,0.2857142857142857,1.7478680974667573,1.0,XMEAS7-XMEAS8,0.2857142857142857,6
F19,338,0.2857142857142857,1.5498260458782018,1.1666666666666667,XMEAS7-XMEAS9,0.2857142857142857,5
F19,339,0.2857142857142857,1.549826045878202,1.0,XMEAS8-XMEAS10,0.2857142857142857,5
F19,340,0.2857142857142857,1.7478680974667573,1.0,XMEAS7-XMEAS9,0.2857142857142857,6
F19,341,0.42857142857142855,1.277034259466139,1.0,XMEAS7-XMEAS9,0.42857142857142855,4
F19,342,0.2857142857142857,1.549826045878202,1.0,XMEAS7-XMEAS9,0.2857142857142857,5
F19,343,0.2857142857142857,1.549826045878202,1.0,XMEAS7-XMEAS9,0.2857142857142857,5
F19,344,0.42857142857142855,1.4750763110546947,1.1666666666666667,XMEAS8-XMEAS11,0.42857142857142855,5
F19,345,0.2857142857142857,1.7478680974667578,1.0,XMEAS8-XMEAS9,0.2857142857142857,6
F19,346,0.42857142857142855,1.277034259466139,1.4,XMEAS7-XMEAS9,0.42857142857142855,4
F19,347,0.2857142857142857,1.549826045878202,1.1666666666666667,XMEAS7-XMEAS9,0.2857142857142857,5
F19,348,0.42857142857142855,1.2770342594661392,1.75,XMEAS7-XMEAS9,0.42857142857142855,4
F19,349,0.2857142857142857,1.351783994289646,1.1666666666666667,XMEAS7-XMEAS9,0.2857142857142857,4
F19,350,0.2857142857142857,1.549826045878202,1.1666666666666667,XMEAS8-XMEAS9,0.2857142857142857,5
F19,351,0.2857142857142857,1.351783994289646,1.4,XMEAS7-XMEAS9,0.2857142857142857,4
F19,352,0.2857142857142857,1.549826045878202,1.0,XMEAS7-XMEAS9,0.2857142857142857,5
F19,353,0.2857142857142857,1.7478680974667573,1.0,XMEAS7-XMEAS9,0.2857142857142857,6
F19,354,0.2857142857142857,1.7478680974667578,1.0,XMEAS7-XMEAS11,0.2857142857142857,6
F19,355,0.2857142857142857,1.549826045878202,1.0,XMEAS7-XMEAS10,0.2857142857142857,5
F19,356,0.2857142857142857,1.549826045878202,1.0,XMEAS7-XMEAS9,0.2857142857142857,5
F19,357,0.2857142857142857,1.549826045878202,1.0,XMEAS7-XMEAS9,0.2857142857142857,5
F19,358,0.7142857142857143,0.7963116401738131,1.75,XMEAS7-XMEAS9,0.7142857142857143,3
F19,359,0.42857142857142855,1.0789922078775833,1.75,XMEAS8-XMEAS9,0.42857142857142855,3
F19,360,0.5714285714285714,1.1537419427010902,1.1666666666666667,XMEAS7-XMEAS9,0.5714285714285714,4
F19,361,0.42857142857142855,1.2770342594661392,1.1666666666666667,XMEAS7-XMEAS9,0.42857142857142855,4
F19,362,0.7142857142857143,0.7963116401738131,1.4,XMEAS7-XMEAS9,0.7142857142857143,3
F19,363,0.5714285714285714,1.1537419427010902,1.1666666666666667,XMEAS7-XMEAS9,0.5714285714285714,4
F19,364,0.42857142857142855,1.475076311054695,1.0,XMEAS8-XMEAS11,0.42857142857142855,5
F19,365,0.42857142857142855,1.475076311054695,1.1666666666666667,XMEAS7-XMEAS9,0.42857142857142855,5
F19,366,0.42857142857142855,1.277034259466139,1.1666666666666667,XMEAS7-XMEAS9,0.42857142857142855,4
F19,367,0.42857142857142855,1.2770342594661392,1.4,XMEAS7-XMEAS9,0.42857142857142855,4
F19,368,0.42857142857142855,1.475076311054695,1.4,XMEAS7-XMEAS9,0.42857142857142855,5
F19,369,0.2857142857142857,1.7478680974667578,1.0,XMEAS8-XMEAS10,0.2857142857142857,6
F19,370,0.2857142857142857,1.5498260458782016,1.1666666666666667,XMEAS8-XMEAS9,0.2857142857142857,5
F19,371,0.7142857142857143,0.7963116401738131,1.75,XMEAS7-XMEAS9,0.7142857142857143,3
F19,372,0.2857142857142857,1.549826045878202,1.0,XMEAS10-XMEAS11,0.2857142857142857,5
F19,373,0.42857142857142855,1.475076311054695,1.1666666666666667,XMEAS7-XMEAS9,0.42857142857142855,5
F19,374,0.42857142857142855,1.4750763110546947,1.4,XMEAS7-XMEAS9,0.42857142857142855,5
F19,375,0.42857142857142855,1.2770342594661392,1.4,XMEAS7-XMEAS9,0.42857142857142855,4
F19,376,0.42857142857142855,1.475076311054695,1.1666666666666667,XMEAS7-XMEAS9,0.42857142857142855,5
F19,377,0.2857142857142857,1.7478680974667578,1.1666666666666667,XMEAS10-XMEAS11,0.2857142857142857,6
F19,378,0.42857142857142855,1.475076311054695,1.0,XMEAS7-XMEAS9,0.42857142857142855,5
F19,379,0.7142857142857143,0.7963116401738131,1.75,XMEAS7-XMEAS9,0.7142857142857143,3
F19,380,0.8571428571428571,0.410116318288409,3.5,XMEAS7-XMEAS9,0.8571428571428571,2
F19,381,0.2857142857142857,1.7478680974667578,1.0,XMEAS7-XMEAS10,0.2857142857142857,6
F19,382,0.2857142857142857,1.7478680974667578,1.0,XMEAS8-XMEAS9,0.2857142857142857,6
F19,383,0.42857142857142855,1.475076311054695,1.4,XMEAS7-XMEAS9,0.42857142857142855,5
F19,384,0.42857142857142855,1.277034259466139,1.4,XMEAS7-XMEAS10,0.42857142857142855,4
F19,385,0.42857142857142855,1.2770342594661392,1.4,XMEAS7-XMEAS9,0.42857142857142855,4
F19,386,0.5714285714285714,1.1537419427010902,1.0,XMEAS7-XMEAS9,0.5714285714285714,4
F19,387,0.42857142857142855,1.475076311054695,1.1666666666666667,XMEAS7-XMEAS9,0.42857142857142855,5
F19,388,0.42857142857142855,1.277034259466139,1.1666666666666667,XMEAS7-XMEAS9,0.42857142857142855,4
F19,389,0.42857142857142855,1.2770342594661392,1.4,XMEAS7-XMEAS9,0.42857142857142855,4
F19,390,0.2857142857142857,1.351783994289646,1.0,XMEAS10-XMEAS11,0.2857142857142857,4
F19,391,0.42857142857142855,1.277034259466139,1.0,XMEAS7-XMEAS10,0.42857142857142855,4
F19,392,0.2857142857142857,1.7478680974667578,1.0,XMEAS7-XMEAS9,0.2857142857142857,6
F19,393,0.5714285714285714,0.9556998911125343,1.1666666666666667,XMEAS7-XMEAS9,0.5714285714285714,3
F19,394,0.2857142857142857,1.5498260458782016,1.0,XMEAS7-XMEAS10,0.2857142857142857,5
F19,395,0.42857142857142855,1.2770342594661392,1.4,XMEAS8-XMEAS9,0.42857142857142855,4
F19,396,0.42857142857142855,1.277034259466139,1.1666666666666667,XMEAS7-XMEAS9,0.42857142857142855,4
F19,397,0.5714285714285714,1.1537419427010902,1.4,XMEAS7-XMEAS9,0.5714285714285714,4
F19,398,0.5714285714285714,1.15374194270109,1.4,XMEAS7-XMEAS9,0.5714285714285714,4
F19,399,0.2857142857142857,1.7478680974667578,1.1666666666666667,XMEAS8-XMEAS11,0.2857142857142857,6
F19,400,0.7142857142857143,0.5982695885852573,1.75,XMEAS7-XMEAS9,0.7142857142857143,2
F19,401,0.2857142857142857,1.7478680974667578,1.1666666666666667,XMEAS8-XMEAS9,0.2857142857142857,6
F19,402,0.42857142857142855,1.277034259466139,1.0,XMEAS7-XMEAS9,0.42857142857142855,4
F19,403,0.42857142857142855,1.2770342594661392,1.0,XMEAS8-XMEAS9,0.42857142857142855,4
F19,404,0.42857142857142855,1.475076311054695,1.1666666666666667,XMEAS7-XMEAS9,0.42857142857142855,5
F19,405,0.42857142857142855,1.277034259466139,1.1666666666666667,XMEAS7-XMEAS9,0.42857142857142855,4
F19,406,0.42857142857142855,1.475076311054695,1.0,XMEAS7-XMEAS9,0.42857142857142855,5
F19,407,0.7142857142857143,0.7963116401738131,1.75,XMEAS7-XMEAS9,0.7142857142857143,3
F19,408,0.2857142857142857,1.549826045878202,1.0,XMEAS7-XMEAS9,0.2857142857142857,5
F19,409,0.7142857142857143,0.5982695885852573,2.3333333333333335,XMEAS7-XMEAS9,0.7142857142857143,2
F19,410,0.2857142857142857,1.549826045878202,1.0,XMEAS7-XMEAS9,0.2857142857142857,5
F19,411,0.2857142857142857,1.7478680974667573,1.1666666666666667,XMEAS7-XMEAS9,0.2857142857142857,6
F19,412,0.2857142857142857,1.7478680974667578,1.0,XMEAS7-XMEAS9,0.2857142857142857,6
F19,413,0.5714285714285714,0.9556998911125343,1.1666666666666667,XMEAS7-XMEAS9,0.5714285714285714,3
F19,414,0.42857142857142855,1.277034259466139,1.1666666666666667,XMEAS10-XMEAS11,0.42857142857142855,4
F19,415,0.42857142857142855,1.0789922078775833,1.0,XMEAS8-XMEAS9,0.42857142857142855,3
F19,416,0.2857142857142857,1.7478680974667578,1.1666666666666667,XMEAS7-XMEAS9,0.2857142857142857,6
F19,417,0.42857142857142855,1.475076311054695,1.1666666666666667,XMEAS7-XMEAS9,0.42857142857142855,5
F19,418,0.2857142857142857,1.7478680974667573,1.1666666666666667,XMEAS7-XMEAS8,0.2857142857142857,6
F19,419,0.2857142857142857,1.549826045878202,1.1666666666666667,XMEAS7-XMEAS10,0.2857142857142857,5
F19,420,0.2857142857142857,1.7478680974667578,1.1666666666666667,XMEAS8-XMEAS9,0.2857142857142857,6
F19,421,0.2857142857142857,1.7478680974667578,1.1666666666666667,XMEAS9-XMEAS10,0.2857142857142857,6
F19,422,0.5714285714285714,0.9556998911125343,1.75,XMEAS7-XMEAS9,0.5714285714285714,3
F19,423,0.2857142857142857,1.549826045878202,1.0,XMEAS8-XMEAS9,0.2857142857142857,5
F19,424,0.5714285714285714,0.9556998911125343,1.75,XMEAS7-XMEAS9,0.5714285714285714,3
F19,425,0.42857142857142855,1.2770342594661392,1.0,XMEAS7-XMEAS9,0.42857142857142855,4
F19,426,0.5714285714285714,1.15374194270109,1.4,XMEAS7-XMEAS9,0.5714285714285714,4
F19,427,0.2857142857142857,1.549826045878202,1.1666666666666667,XMEAS7-XMEAS9,0.2857142857142857,5
F19,428,0.42857142857142855,1.277034259466139,1.0,XMEAS7-XMEAS9,0.42857142857142855,4
F19,429,0.42857142857142855,1.475076311054695,1.4,XMEAS7-XMEAS9,0.42857142857142855,5
F19,430,0.2857142857142857,1.549826045878202,1.4,XMEAS8-XMEAS10,0.2857142857142857,5
F19,431,0.2857142857142857,1.7478680974667578,1.1666666666666667,XMEAS7-XMEAS10,0.2857142857142857,6
F19,432,0.2857142857142857,1.5498260458782016,1.0,XMEAS9-XMEAS11,0.2857142857142857,5
F19,433,0.2857142857142857,1.7478680974667578,1.0,XMEAS8-XMEAS11,0.2857142857142857,6
F19,434,0.42857142857142855,1.2770342594661392,1.75,XMEAS7-XMEAS9,0.42857142857142855,4
F19,435,0.5714285714285714,1.1537419427010902,1.4,XMEAS8-XMEAS9,0.5714285714285714,4
F19,436,0.8571428571428571,0.410116318288409,2.3333333333333335,XMEAS7-XMEAS9,0.8571428571428571,2
F19,437,0.2857142857142857,1.549826045878202,1.0,XMEAS8-XMEAS9,0.2857142857142857,5
F19,438,0.42857142857142855,1.2770342594661392,1.4,XMEAS7-XMEAS9,0.42857142857142855,4
F19,439,0.2857142857142857,1.5498260458782016,1.1666666666666667,XMEAS7-XMEAS10,0.2857142857142857,5
F19,440,0.42857142857142855,1.475076311054695,1.0,XMEAS8-XMEAS10,0.42857142857142855,5
F19,441,0.2857142857142857,1.351783994289646,1.0,XMEAS7-XMEAS9,0.2857142857142857,4
F19,442,0.5714285714285714,1.1537419427010902,1.75,XMEAS7-XMEAS9,0.5714285714285714,4
F19,443,0.7142857142857143,0.7963116401738131,1.75,XMEAS7-XMEAS9,0.7142857142857143,3
F19,444,0.2857142857142857,1.549826045878202,1.0,XMEAS8-XMEAS10,0.2857142857142857,5
F19,445,0.2857142857142857,1.351783994289646,1.1666666666666667,XMEAS8-XMEAS11,0.2857142857142857,4
F19,446,0.2857142857142857,1.5498260458782016,1.1666666666666667,XMEAS7-XMEAS10,0.2857142857142857,5
F19,447,0.42857142857142855,1.0789922078775833,1.75,XMEAS7-XMEAS9,0.42857142857142855,3
F19,448,0.5714285714285714,1.1537419427010902,1.4,XMEAS7-XMEAS9,0.5714285714285714,4
F19,449,0.42857142857142855,1.475076311054695,1.1666666666666667,XMEAS7-XMEAS9,0.42857142857142855,5
F19,450,0.7142857142857143,0.5982695885852573,1.4,XMEAS7-XMEAS9,0.7142857142857143,2
F19,451,0.42857142857142855,1.475076311054695,1.1666666666666667,XMEAS7-XMEAS9,0.42857142857142855,5
F19,452,0.42857142857142855,1.277034259466139,1.0,XMEAS7-XMEAS9,0.42857142857142855,4
F19,453,0.42857142857142855,1.4750763110546947,1.4,XMEAS7-XMEAS9,0.42857142857142855,5
F19,454,0.42857142857142855,1.475076311054695,1.1666666666666667,XMEAS7-XMEAS9,0.42857142857142855,5
F19,455,0.2857142857142857,1.549826045878202,1.1666666666666667,XMEAS7-XMEAS8,0.2857142857142857,5
F19,456,0.5714285714285714,0.9556998911125343,1.4,XMEAS7-XMEAS9,0.5714285714285714,3
F19,457,0.5714285714285714,1.15374194270109,1.4,XMEAS8-XMEAS9,0.5714285714285714,4
F19,458,0.2857142857142857,1.549826045878202,1.0,XMEAS8-XMEAS9,0.2857142857142857,5
F19,459,0.5714285714285714,0.9556998911125343,1.1666666666666667,XMEAS7-XMEAS9,0.5714285714285714,3
F19,460,0.2857142857142857,1.5498260458782018,1.0,XMEAS8-XMEAS9,0.2857142857142857,5
F19,461,0.2857142857142857,1.351783994289646,1.1666666666666667,XMEAS8-XMEAS9,0.2857142857142857,4
F19,462,0.2857142857142857,1.7478680974667578,1.0,XMEAS7-XMEAS9,0.2857142857142857,6
F19,463,0.5714285714285714,1.1537419427010902,1.4,XMEAS7-XMEAS9,0.5714285714285714,4
F19,464,0.42857142857142855,1.475076311054695,1.4,XMEAS7-XMEAS9,0.42857142857142855,5
F19,465,0.5714285714285714,0.6829081047004717,1.75,XMEAS7-XMEAS9,0.5714285714285714,2
F19,466,0.42857142857142855,1.475076311054695,1.1666666666666667,XMEAS7-XMEAS9,0.42857142857142855,5
F19,467,0.5714285714285714,1.1537419427010902,1.4,XMEAS7-XMEAS9,0.5714285714285714,4
F19,468,0.42857142857142855,1.475076311054695,1.1666666666666667,XMEAS10-XMEAS11,0.42857142857142855,5
F19,469,0.5714285714285714,1.1537419427010902,1.1666666666666667,XMEAS7-XMEAS9,0.5714285714285714,4
F19,470,0.5714285714285714,0.9556998911125343,1.75,XMEAS7-XMEAS9,0.5714285714285714,3
F19,471,0.42857142857142855,1.277034259466139,1.0,XMEAS7-XMEAS9,0.42857142857142855,4
F19,472,0.5714285714285714,0.9556998911125343,1.4,XMEAS7-XMEAS9,0.5714285714285714,3
F19,473,0.42857142857142855,1.277034259466139,1.1666666666666667,XMEAS7-XMEAS9,0.42857142857142855,4
F19,474,0.2857142857142857,1.5498260458782016,1.4,XMEAS7-XMEAS9,0.2857142857142857,5
F19,475,0.2857142857142857,1.351783994289646,1.0,XMEAS7-XMEAS8,0.2857142857142857,4
F19,476,0.7142857142857143,0.7963116401738131,1.4,XMEAS7-XMEAS9,0.7142857142857143,3
F19,477,0.2857142857142857,1.549826045878202,1.0,XMEAS7-XMEAS9,0.2857142857142857,5
F19,478,0.2857142857142857,1.351783994289646,1.0,XMEAS7-XMEAS9,0.2857142857142857,4
F19,479,0.2857142857142857,1.7478680974667578,1.0,XMEAS7-XMEAS10,0.2857142857142857,6
F19,480,0.2857142857142857,1.351783994289646,1.1666666666666667,XMEAS8-XMEAS10,0.2857142857142857,4
F19,481,0.5714285714285714,1.1537419427010902,1.1666666666666667,XMEAS7-XMEAS9,0.5714285714285714,4
F19,482,0.2857142857142857,1.5498260458782016,1.4,XMEAS8-XMEAS11,0.2857142857142857,5
F19,483,0.7142857142857143,0.7963116401738131,1.4,XMEAS7-XMEAS9,0.7142857142857143,3
F19,484,0.5714285714285714,1.1537419427010902,1.4,XMEAS7-XMEAS9,0.5714285714285714,4
F19,485,0.5714285714285714,0.9556998911125343,1.4,XMEAS7-XMEAS9,0.5714285714285714,3
F19,486,0.2857142857142857,1.5498260458782016,1.0,XMEAS9-XMEAS10,0.2857142857142857,5
F19,487,0.42857142857142855,1.475076311054695,1.1666666666666667,XMEAS7-XMEAS9,0.42857142857142855,5
F19,488,0.2857142857142857,1.7478680974667578,1.0,XMEAS9-XMEAS10,0.2857142857142857,6
F19,489,0.42857142857142855,1.0042424730540764,1.4,XMEAS7-XMEAS9,0.42857142857142855,3
F19,490,0.2857142857142857,1.549826045878202,1.0,XMEAS7-XMEAS9,0.2857142857142857,5
F19,491,0.5714285714285714,1.1537419427010902,1.75,XMEAS7-XMEAS9,0.5714285714285714,4
F19,492,0.2857142857142857,1.351783994289646,1.0,XMEAS8-XMEAS11,0.2857142857142857,4
F19,493,0.5714285714285714,1.15374194270109,1.4,XMEAS7-XMEAS9,0.5714285714285714,4
F19,494,0.7142857142857143,0.7963116401738131,1.4,XMEAS7-XMEAS9,0.7142857142857143,3
F19,495,0.5714285714285714,0.9556998911125343,1.4,XMEAS7-XMEAS9,0.5714285714285714,3
F19,496,0.2857142857142857,1.351783994289646,1.1666666666666667,XMEAS8-XMEAS10,0.2857142857142857,4
F19,497,0.42857142857142855,1.475076311054695,1.0,XMEAS7-XMEAS9,0.42857142857142855,5
F19,498,0.2857142857142857,1.351783994289646,1.75,XMEAS7-XMEAS8,0.2857142857142857,4
F19,499,0.2857142857142857,1.549826045878202,1.1666666666666667,XMEAS7-XMEAS9,0.2857142857142857,5
F19,500,0.2857142857142857,1.549826045878202,1.1666666666666667,XMEAS8-XMEAS10,0.2857142857142857,5
F20,1,0.2857142857142857,1.351783994289646,1.4,XMEAS8-XMEAS10,0.2857142857142857,4
F20,2,0.42857142857142855,1.475076311054695,1.0,XMEAS7-XMEAS11,0.42857142857142855,5
F20,3,0.42857142857142855,1.2770342594661392,1.1666666666666667,XMEAS8-XMEAS9,0.42857142857142855,4
F20,4,0.7142857142857143,0.7963116401738131,1.75,XMEAS7-XMEAS11,0.7142857142857143,3
F20,5,0.42857142857142855,1.277034259466139,1.75,XMEAS7-XMEAS11,0.42857142857142855,4
F20,6,0.2857142857142857,1.5498260458782016,1.0,XMEAS7-XMEAS9,0.2857142857142857,5
F20,7,0.42857142857142855,1.277034259466139,1.4,XMEAS7-XMEAS11,0.42857142857142855,4
F20,8,0.42857142857142855,1.277034259466139,1.1666666666666667,XMEAS7-XMEAS8,0.42857142857142855,4
F20,9,0.5714285714285714,1.1537419427010902,1.4,XMEAS7-XMEAS11,0.5714285714285714,4
F20,10,0.5714285714285714,0.9556998911125343,1.1666666666666667,XMEAS7-XMEAS11,0.5714285714285714,3
F20,11,0.42857142857142855,1.0042424730540764,1.4,XMEAS9-XMEAS11,0.42857142857142855,3
F20,12,0.42857142857142855,1.4750763110546947,1.4,XMEAS7-XMEAS11,0.42857142857142855,5
F20,13,0.2857142857142857,1.5498260458782016,1.1666666666666667,XMEAS9-XMEAS11,0.2857142857142857,5
F20,14,0.42857142857142855,1.475076311054695,1.1666666666666667,XMEAS7-XMEAS11,0.42857142857142855,5
F20,15,0.5714285714285714,1.1537419427010902,1.1666666666666667,XMEAS7-XMEAS11,0.5714285714285714,4
F20,16,0.2857142857142857,1.549826045878202,1.0,XMEAS7-XMEAS11,0.2857142857142857,5
F20,17,0.2857142857142857,1.5498260458782016,1.1666666666666667,XMEAS9-XMEAS10,0.2857142857142857,5
F20,18,0.42857142857142855,1.475076311054695,1.1666666666666667,XMEAS7-XMEAS11,0.42857142857142855,5
F20,19,0.7142857142857143,0.7963116401738131,1.4,XMEAS7-XMEAS11,0.7142857142857143,3
F20,20,0.5714285714285714,1.1537419427010902,1.4,XMEAS7-XMEAS11,0.5714285714285714,4
F20,21,0.42857142857142855,1.4750763110546947,1.1666666666666667,XMEAS7-XMEAS11,0.42857142857142855,5
F20,22,0.2857142857142857,1.549826045878202,1.0,XMEAS8-XMEAS9,0.2857142857142857,5
F20,23,0.8571428571428571,0.410116318288409,2.3333333333333335,XMEAS7-XMEAS11,0.8571428571428571,2
F20,24,0.2857142857142857,1.351783994289646,1.4,XMEAS8-XMEAS9,0.2857142857142857,4
F20,25,0.7142857142857143,0.7963116401738131,1.4,XMEAS7-XMEAS11,0.7142857142857143,3
F20,26,0.42857142857142855,1.475076311054695,1.4,XMEAS7-XMEAS11,0.42857142857142855,5
F20,27,0.42857142857142855,1.475076311054695,1.1666666666666667,XMEAS7-XMEAS11,0.42857142857142855,5
F20,28,0.42857142857142855,1.475076311054695,1.1666666666666667,XMEAS7-XMEAS10,0.42857142857142855,5
F20,29,0.42857142857142855,1.2770342594661392,1.1666666666666667,XMEAS7-XMEAS11,0.42857142857142855,4
F20,30,0.2857142857142857,1.549826045878202,1.1666666666666667,XMEAS7-XMEAS11,0.2857142857142857,5
F20,31,0.5714285714285714,0.9556998911125343,1.1666666666666667,XMEAS7-XMEAS11,0.5714285714285714,3
F20,32,0.2857142857142857,1.351783994289646,1.0,XMEAS7-XMEAS11,0.2857142857142857,4
F20,33,0.42857142857142855,1.277034259466139,1.75,XMEAS7-XMEAS11,0.42857142857142855,4
F20,34,0.8571428571428571,0.410116318288409,2.3333333333333335,XMEAS7-XMEAS11,0.8571428571428571,2
F20,35,0.42857142857142855,1.277034259466139,1.4,XMEAS7-XMEAS11,0.42857142857142855,4
F20,36,0.2857142857142857,1.351783994289646,1.0,XMEAS7-XMEAS11,0.2857142857142857,4
F20,37,0.42857142857142855,1.0789922078775833,1.1666666666666667,XMEAS7-XMEAS11,0.42857142857142855,3
F20,38,0.2857142857142857,1.7478680974667578,1.0,XMEAS7-XMEAS11,0.2857142857142857,6
F20,39,0.8571428571428571,0.410116318288409,2.3333333333333335,XMEAS7-XMEAS11,0.8571428571428571,2
F20,40,0.2857142857142857,1.5498260458782016,1.0,XMEAS7-XMEAS11,0.2857142857142857,5
F20,41,0.42857142857142855,1.475076311054695,1.1666666666666667,XMEAS7-XMEAS11,0.42857142857142855,5
F20,42,0.7142857142857143,0.796311640173813,2.3333333333333335,XMEAS7-XMEAS11,0.7142857142857143,3
F20,43,0.42857142857142855,1.475076311054695,1.0,XMEAS8-XMEAS9,0.42857142857142855,5
F20,44,0.2857142857142857,1.5498260458782016,1.1666666666666667,XMEAS7-XMEAS11,0.2857142857142857,5
F20,45,0.2857142857142857,1.7478680974667578,1.1666666666666667,XMEAS7-XMEAS8,0.2857142857142857,6
F20,46,0.42857142857142855,1.475076311054695,1.0,XMEAS7-XMEAS11,0.42857142857142855,5
F20,47,0.5714285714285714,1.1537419427010902,1.75,XMEAS7-XMEAS11,0.5714285714285714,4
F20,48,0.5714285714285714,1.1537419427010902,1.4,XMEAS7-XMEAS11,0.5714285714285714,4
F20,49,0.5714285714285714,1.1537419427010902,1.4,XMEAS7-XMEAS11,0.5714285714285714,4
F20,50,0.5714285714285714,0.9556998911125343,1.1666666666666667,XMEAS7-XMEAS11,0.5714285714285714,3
F20,51,0.5714285714285714,1.1537419427010902,1.75,XMEAS7-XMEAS11,0.5714285714285714,4
F20,52,0.42857142857142855,1.2770342594661392,1.0,XMEAS7-XMEAS11,0.42857142857142855,4
F20,53,0.42857142857142855,1.277034259466139,1.75,XMEAS7-XMEAS11,0.42857142857142855,4
F20,54,0.42857142857142855,1.2770342594661392,1.4,XMEAS7-XMEAS11,0.42857142857142855,4
F20,55,0.5714285714285714,1.1537419427010902,1.1666666666666667,XMEAS7-XMEAS11,0.5714285714285714,4
F20,56,0.42857142857142855,1.475076311054695,1.1666666666666667,XMEAS7-XMEAS11,0.42857142857142855,5
F20,57,0.42857142857142855,1.475076311054695,1.4,XMEAS7-XMEAS11,0.42857142857142855,5
F20,58,0.8571428571428571,0.410116318288409,2.3333333333333335,XMEAS7-XMEAS11,0.8571428571428571,2
F20,59,0.42857142857142855,1.475076311054695,1.1666666666666667,XMEAS7-XMEAS11,0.42857142857142855,5
F20,60,0.5714285714285714,1.1537419427010902,1.4,XMEAS7-XMEAS10,0.5714285714285714,4
F20,61,0.5714285714285714,0.9556998911125343,1.1666666666666667,XMEAS7-XMEAS11,0.5714285714285714,3
F20,62,0.2857142857142857,1.7478680974667578,1.0,XMEAS7-XMEAS11,0.2857142857142857,6
F20,63,0.2857142857142857,1.351783994289646,1.0,XMEAS8-XMEAS9,0.2857142857142857,4
F20,64,0.2857142857142857,1.5498260458782016,1.4,XMEAS7-XMEAS11,0.2857142857142857,5
F20,65,0.42857142857142855,1.277034259466139,1.1666666666666667,XMEAS7-XMEAS11,0.42857142857142855,4
F20,66,0.42857142857142855,1.2770342594661392,1.1666666666666667,XMEAS7-XMEAS11,0.42857142857142855,4
F20,67,0.5714285714285714,0.9556998911125343,1.75,XMEAS7-XMEAS11,0.5714285714285714,3
F20,68,0.5714285714285714,1.1537419427010902,1.75,XMEAS7-XMEAS11,0.5714285714285714,4
F20,69,0.2857142857142857,1.5498260458782018,1.0,XMEAS9-XMEAS11,0.2857142857142857,5
F20,70,0.2857142857142857,1.351783994289646,1.1666666666666667,XMEAS10-XMEAS11,0.2857142857142857,4
F20,71,0.14285714285714285,1.945910149055314,1.0,XMEAS8-XMEAS10,0.14285714285714285,7
F20,72,0.2857142857142857,1.351783994289646,1.0,XMEAS7-XMEAS10,0.2857142857142857,4
F20,73,0.42857142857142855,1.277034259466139,1.0,XMEAS7-XMEAS11,0.42857142857142855,4
F20,74,0.5714285714285714,0.9556998911125343,1.1666666666666667,XMEAS7-XMEAS11,0.5714285714285714,3
F20,75,0.5714285714285714,1.1537419427010902,1.4,XMEAS7-XMEAS11,0.5714285714285714,4
F20,76,0.42857142857142855,1.475076311054695,1.0,XMEAS7-XMEAS11,0.42857142857142855,5
F20,77,0.2857142857142857,1.549826045878202,1.0,XMEAS7-XMEAS8,0.2857142857142857,5
F20,78,0.5714285714285714,1.1537419427010902,1.1666666666666667,XMEAS7-XMEAS11,0.5714285714285714,4
F20,79,0.2857142857142857,1.7478680974667578,1.0,XMEAS7-XMEAS11,0.2857142857142857,6
F20,80,0.5714285714285714,1.1537419427010902,1.75,XMEAS7-XMEAS11,0.5714285714285714,4
F20,81,0.5714285714285714,1.1537419427010902,1.75,XMEAS7-XMEAS11,0.5714285714285714,4
F20,82,0.2857142857142857,1.549826045878202,1.0,XMEAS9-XMEAS11,0.2857142857142857,5
F20,83,0.42857142857142855,1.277034259466139,1.4,XMEAS7-XMEAS11,0.42857142857142855,4
F20,84,0.2857142857142857,1.7478680974667573,1.0,XMEAS7-XMEAS11,0.2857142857142857,6
F20,85,0.2857142857142857,1.351783994289646,1.0,XMEAS8-XMEAS9,0.2857142857142857,4
F20,86,0.42857142857142855,1.475076311054695,1.1666666666666667,XMEAS7-XMEAS11,0.42857142857142855,5
F20,87,0.42857142857142855,1.2770342594661392,1.1666666666666667,XMEAS9-XMEAS11,0.42857142857142855,4
F20,88,0.5714285714285714,0.9556998911125343,1.1666666666666667,XMEAS7-XMEAS11,0.5714285714285714,3
F20,89,0.7142857142857143,0.5982695885852573,1.75,XMEAS7-XMEAS11,0.7142857142857143,2
F20,90,0.42857142857142855,1.0789922078775833,1.1666666666666667,XMEAS9-XMEAS11,0.42857142857142855,3
F20,91,0.2857142857142857,1.7478680974667578,1.0,XMEAS8-XMEAS10,0.2857142857142857,6
F20,92,0.2857142857142857,1.549826045878202,1.0,XMEAS7-XMEAS11,0.2857142857142857,5
F20,93,0.42857142857142855,1.277034259466139,1.1666666666666667,XMEAS7-XMEAS8,0.42857142857142855,4
F20,94,0.5714285714285714,1.1537419427010902,1.1666666666666667,XMEAS7-XMEAS10,0.5714285714285714,4
F20,95,0.42857142857142855,1.475076311054695,1.1666666666666667,XMEAS7-XMEAS11,0.42857142857142855,5
F20,96,0.5714285714285714,0.9556998911125343,1.1666666666666667,XMEAS7-XMEAS11,0.5714285714285714,3
F20,97,0.42857142857142855,1.277034259466139,1.1666666666666667,XMEAS7-XMEAS11,0.42857142857142855,4
F20,98,0.2857142857142857,1.351783994289646,1.0,XMEAS9-XMEAS11,0.2857142857142857,4
F20,99,0.42857142857142855,1.2770342594661392,1.0,XMEAS7-XMEAS11,0.42857142857142855,4
F20,100,0.2857142857142857,1.549826045878202,1.0,XMEAS7-XMEAS10,0.2857142857142857,5
F20,101,0.2857142857142857,1.549826045878202,1.1666666666666667,XMEAS7-XMEAS11,0.2857142857142857,5
F20,102,0.5714285714285714,1.15374194270109,1.4,XMEAS7-XMEAS11,0.5714285714285714,4
F20,103,0.7142857142857143,0.7963116401738131,1.75,XMEAS7-XMEAS11,0.7142857142857143,3
F20,104,0.5714285714285714,1.1537419427010902,1.1666666666666667,XMEAS7-XMEAS11,0.5714285714285714,4
F20,105,0.5714285714285714,1.15374194270109,1.4,XMEAS9-XMEAS11,0.5714285714285714,4
F20,106,0.42857142857142855,1.475076311054695,1.0,XMEAS7-XMEAS11,0.42857142857142855,5
F20,107,0.42857142857142855,1.475076311054695,1.1666666666666667,XMEAS7-XMEAS11,0.42857142857142855,5
F20,108,0.42857142857142855,1.2770342594661392,1.1666666666666667,XMEAS9-XMEAS11,0.42857142857142855,4
F20,109,0.5714285714285714,1.1537419427010902,1.75,XMEAS7-XMEAS11,0.5714285714285714,4
F20,110,0.5714285714285714,0.9556998911125343,1.1666666666666667,XMEAS7-XMEAS11,0.5714285714285714,3
F20,111,0.2857142857142857,1.7478680974667578,1.0,XMEAS7-XMEAS11,0.2857142857142857,6
F20,112,0.7142857142857143,0.7963116401738131,1.75,XMEAS7-XMEAS11,0.7142857142857143,3
F20,113,0.5714285714285714,0.9556998911125343,1.4,XMEAS7-XMEAS11,0.5714285714285714,3
F20,114,0.2857142857142857,1.351783994289646,1.4,XMEAS7-XMEAS10,0.2857142857142857,4
F20,115,0.42857142857142855,1.277034259466139,1.75,XMEAS9-XMEAS10,0.42857142857142855,4
F20,116,0.2857142857142857,1.7478680974667578,1.0,XMEAS7-XMEAS11,0.2857142857142857,6
F20,117,0.7142857142857143,0.7963116401738131,2.3333333333333335,XMEAS7-XMEAS11,0.7142857142857143,3
F20,118,0.42857142857142855,1.0042424730540764,1.1666666666666667,XMEAS9-XMEAS11,0.42857142857142855,3
F20,119,0.42857142857142855,1.2770342594661392,1.0,XMEAS7-XMEAS9,0.42857142857142855,4
F20,120,0.2857142857142857,1.5498260458782016,1.0,XMEAS7-XMEAS11,0.2857142857142857,5
F20,121,0.42857142857142855,1.277034259466139,1.1666666666666667,XMEAS7-XMEAS11,0.42857142857142855,4
F20,122,0.2857142857142857,1.351783994289646,1.75,XMEAS7-XMEAS10,0.2857142857142857,4
F20,123,0.2857142857142857,1.351783994289646,1.1666666666666667,XMEAS9-XMEAS11,0.2857142857142857,4
F20,124,0.2857142857142857,1.549826045878202,1.1666666666666667,XMEAS7-XMEAS10,0.2857142857142857,5
F20,125,0.42857142857142855,1.475076311054695,1.1666666666666667,XMEAS8-XMEAS9,0.42857142857142855,5
F20,126,0.2857142857142857,1.5498260458782018,1.1666666666666667,XMEAS7-XMEAS11,0.2857142857142857,5
F20,127,0.5714285714285714,0.9556998911125343,1.1666666666666667,XMEAS7-XMEAS10,0.5714285714285714,3
F20,128,0.42857142857142855,1.475076311054695,1.1666666666666667,XMEAS7-XMEAS11,0.42857142857142855,5
F20,129,0.42857142857142855,1.475076311054695,1.1666666666666667,XMEAS7-XMEAS11,0.42857142857142855,5
F20,130,0.7142857142857143,0.7963116401738131,1.75,XMEAS7-XMEAS11,0.7142857142857143,3
F20,131,0.2857142857142857,1.549826045878202,1.0,XMEAS7-XMEAS10,0.2857142857142857,5
F20,132,0.5714285714285714,1.1537419427010902,1.4,XMEAS7-XMEAS11,0.5714285714285714,4
F20,133,0.5714285714285714,1.1537419427010902,1.1666666666666667,XMEAS7-XMEAS11,0.5714285714285714,4
F20,134,0.42857142857142855,1.475076311054695,1.1666666666666667,XMEAS7-XMEAS11,0.42857142857142855,5
F20,135,0.7142857142857143,0.7963116401738131,2.3333333333333335,XMEAS7-XMEAS11,0.7142857142857143,3
F20,136,0.2857142857142857,1.549826045878202,1.0,XMEAS7-XMEAS11,0.2857142857142857,5
F20,137,0.7142857142857143,0.7963116401738131,1.75,XMEAS7-XMEAS11,0.7142857142857143,3
F20,138,0.2857142857142857,1.5498260458782018,1.0,XMEAS9-XMEAS11,0.2857142857142857,5
F20,139,0.2857142857142857,1.351783994289646,1.1666666666666667,XMEAS7-XMEAS11,0.2857142857142857,4
F20,140,0.2857142857142857,1.5498260458782018,1.1666666666666667,XMEAS7-XMEAS11,0.2857142857142857,5
F20,141,0.42857142857142855,1.2770342594661392,1.4,XMEAS7-XMEAS11,0.42857142857142855,4
F20,142,0.5714285714285714,1.1537419427010902,1.75,XMEAS7-XMEAS11,0.5714285714285714,4
F20,143,0.2857142857142857,1.5498260458782016,1.1666666666666667,XMEAS9-XMEAS11,0.2857142857142857,5
F20,144,0.42857142857142855,1.277034259466139,1.1666666666666667,XMEAS7-XMEAS11,0.42857142857142855,4
F20,145,0.7142857142857143,0.7963116401738131,2.3333333333333335,XMEAS7-XMEAS11,0.7142857142857143,3
F20,146,0.42857142857142855,1.277034259466139,1.4,XMEAS9-XMEAS11,0.42857142857142855,4
F20,147,0.2857142857142857,1.5498260458782016,1.0,XMEAS7-XMEAS10,0.2857142857142857,5
F20,148,0.42857142857142855,1.277034259466139,1.1666666666666667,XMEAS8-XMEAS9,0.42857142857142855,4
F20,149,0.5714285714285714,0.9556998911125343,1.75,XMEAS7-XMEAS11,0.5714285714285714,3
F20,150,0.2857142857142857,1.7478680974667573,1.1666666666666667,XMEAS9-XMEAS11,0.2857142857142857,6
F20,151,0.42857142857142855,1.277034259466139,1.1666666666666667,XMEAS9-XMEAS11,0.42857142857142855,4
F20,152,0.5714285714285714,0.9556998911125343,1.4,XMEAS7-XMEAS11,0.5714285714285714,3
F20,153,0.5714285714285714,1.1537419427010902,1.1666666666666667,XMEAS7-XMEAS11,0.5714285714285714,4
F20,154,0.2857142857142857,1.7478680974667578,1.0,XMEAS7-XMEAS10,0.2857142857142857,6
F20,155,0.8571428571428571,0.410116318288409,2.3333333333333335,XMEAS7-XMEAS11,0.8571428571428571,2
F20,156,0.5714285714285714,0.9556998911125343,1.4,XMEAS7-XMEAS11,0.5714285714285714,3
F20,157,0.5714285714285714,0.9556998911125343,1.1666666666666667,XMEAS7-XMEAS10,0.5714285714285714,3
F20,158,0.5714285714285714,1.1537419427010902,1.4,XMEAS7-XMEAS11,0.5714285714285714,4
F20,159,0.42857142857142855,1.2770342594661392,1.4,XMEAS9-XMEAS11,0.42857142857142855,4
F20,160,0.2857142857142857,1.549826045878202,1.0,XMEAS7-XMEAS11,0.2857142857142857,5
F20,161,0.42857142857142855,1.2770342594661392,1.1666666666666667,XMEAS7-XMEAS11,0.42857142857142855,4
F20,162,0.2857142857142857,1.549826045878202,1.0,XMEAS9-XMEAS11,0.2857142857142857,5
F20,163,0.7142857142857143,0.7963116401738131,1.75,XMEAS7-XMEAS11,0.7142857142857143,3
F20,164,0.42857142857142855,1.475076311054695,1.1666666666666667,XMEAS7-XMEAS11,0.42857142857142855,5
F20,165,0.7142857142857143,0.7963116401738131,1.4,XMEAS7-XMEAS11,0.7142857142857143,3
F20,166,0.2857142857142857,1.351783994289646,1.1666666666666667,XMEAS9-XMEAS10,0.2857142857142857,4
F20,167,0.5714285714285714,1.1537419427010902,1.4,XMEAS7-XMEAS11,0.5714285714285714,4
F20,168,0.2857142857142857,1.549826045878202,1.0,XMEAS7-XMEAS11,0.2857142857142857,5
F20,169,0.5714285714285714,0.9556998911125343,1.4,XMEAS7-XMEAS11,0.5714285714285714,3
F20,170,0.42857142857142855,1.2770342594661392,1.4,XMEAS7-XMEAS11,0.42857142857142855,4
F20,171,0.8571428571428571,0.410116318288409,2.3333333333333335,XMEAS7-XMEAS11,0.8571428571428571,2
F20,172,0.42857142857142855,1.277034259466139,1.1666666666666667,XMEAS9-XMEAS11,0.42857142857142855,4
F20,173,0.42857142857142855,1.2770342594661392,1.0,XMEAS7-XMEAS11,0.42857142857142855,4
F20,174,0.2857142857142857,1.5498260458782016,1.1666666666666667,XMEAS8-XMEAS10,0.2857142857142857,5
F20,175,0.42857142857142855,1.4750763110546947,1.1666666666666667,XMEAS7-XMEAS11,0.42857142857142855,5
F20,176,0.42857142857142855,1.2770342594661392,1.0,XMEAS7-XMEAS11,0.42857142857142855,4
F20,177,0.7142857142857143,0.5982695885852573,2.3333333333333335,XMEAS7-XMEAS11,0.7142857142857143,2
F20,178,0.5714285714285714,1.1537419427010902,1.4,XMEAS7-XMEAS11,0.5714285714285714,4
F20,179,0.7142857142857143,0.7963116401738131,1.4,XMEAS7-XMEAS11,0.7142857142857143,3
F20,180,0.2857142857142857,1.549826045878202,1.0,XMEAS9-XMEAS11,0.2857142857142857,5
F20,181,0.7142857142857143,0.5982695885852573,1.75,XMEAS7-XMEAS11,0.7142857142857143,2
F20,182,0.2857142857142857,1.7478680974667578,1.0,XMEAS8-XMEAS9,0.2857142857142857,6
F20,183,0.42857142857142855,1.2770342594661392,1.0,XMEAS7-XMEAS11,0.42857142857142855,4
F20,184,0.2857142857142857,1.5498260458782018,1.1666666666666667,XMEAS9-XMEAS11,0.2857142857142857,5
F20,185,0.42857142857142855,1.0789922078775833,1.75,XMEAS7-XMEAS11,0.42857142857142855,3
F20,186,0.42857142857142855,1.475076311054695,1.1666666666666667,XMEAS7-XMEAS11,0.42857142857142855,5
F20,187,0.7142857142857143,0.7963116401738131,1.75,XMEAS7-XMEAS11,0.7142857142857143,3
F20,188,0.42857142857142855,1.0789922078775833,1.0,XMEAS7-XMEAS11,0.42857142857142855,3
F20,189,0.42857142857142855,1.277034259466139,1.75,XMEAS9-XMEAS11,0.42857142857142855,4
F20,190,0.42857142857142855,1.2770342594661392,1.1666666666666667,XMEAS7-XMEAS11,0.42857142857142855,4
F20,191,0.2857142857142857,1.549826045878202,1.0,XMEAS9-XMEAS11,0.2857142857142857,5
F20,192,0.2857142857142857,1.5498260458782016,1.1666666666666667,XMEAS8-XMEAS9,0.2857142857142857,5
F20,193,0.2857142857142857,1.549826045878202,1.1666666666666667,XMEAS9-XMEAS11,0.2857142857142857,5
F20,194,0.2857142857142857,1.549826045878202,1.1666666666666667,XMEAS9-XMEAS11,0.2857142857142857,5
F20,195,0.5714285714285714,0.9556998911125343,1.4,XMEAS7-XMEAS11,0.5714285714285714,3
F20,196,0.2857142857142857,1.549826045878202,1.1666666666666667,XMEAS8-XMEAS10,0.2857142857142857,5
F20,197,0.2857142857142857,1.549826045878202,1.0,XMEAS7-XMEAS10,0.2857142857142857,5
F20,198,0.42857142857142855,1.475076311054695,1.1666666666666667,XMEAS7-XMEAS10,0.42857142857142855,5
F20,199,0.2857142857142857,1.7478680974667578,1.0,XMEAS7-XMEAS11,0.2857142857142857,6
F20,200,0.5714285714285714,1.1537419427010902,1.1666666666666667,XMEAS7-XMEAS11,0.5714285714285714,4
F20,201,0.42857142857142855,1.2770342594661392,1.4,XMEAS7-XMEAS11,0.42857142857142855,4
F20,202,0.2857142857142857,1.549826045878202,1.0,XMEAS9-XMEAS11,0.2857142857142857,5
F20,203,0.42857142857142855,1.475076311054695,1.0,XMEAS9-XMEAS11,0.42857142857142855,5
F20,204,0.7142857142857143,0.5982695885852573,1.4,XMEAS7-XMEAS11,0.7142857142857143,2
F20,205,0.42857142857142855,1.277034259466139,1.4,XMEAS8-XMEAS9,0.42857142857142855,4
F20,206,0.7142857142857143,0.5982695885852573,2.3333333333333335,XMEAS7-XMEAS11,0.7142857142857143,2
F20,207,0.42857142857142855,1.475076311054695,1.1666666666666667,XMEAS7-XMEAS11,0.42857142857142855,5
F20,208,0.42857142857142855,1.475076311054695,1.0,XMEAS7-XMEAS11,0.42857142857142855,5
F20,209,0.2857142857142857,1.7478680974667578,1.1666666666666667,XMEAS9-XMEAS11,0.2857142857142857,6
F20,210,0.5714285714285714,1.1537419427010902,1.4,XMEAS9-XMEAS11,0.5714285714285714,4
F20,211,0.2857142857142857,1.7478680974667573,1.1666666666666667,XMEAS7-XMEAS11,0.2857142857142857,6
F20,212,0.5714285714285714,1.1537419427010902,1.1666666666666667,XMEAS7-XMEAS11,0.5714285714285714,4
F20,213,0.42857142857142855,1.475076311054695,1.1666666666666667,XMEAS7-XMEAS11,0.42857142857142855,5
F20,214,0.2857142857142857,1.5498260458782016,1.0,XMEAS9-XMEAS11,0.2857142857142857,5
F20,215,0.42857142857142855,1.475076311054695,1.1666666666666667,XMEAS7-XMEAS11,0.42857142857142855,5
F20,216,0.8571428571428571,0.410116318288409,2.3333333333333335,XMEAS7-XMEAS11,0.8571428571428571,2
F20,217,0.7142857142857143,0.7963116401738131,1.4,XMEAS7-XMEAS11,0.7142857142857143,3
F20,218,0.5714285714285714,1.1537419427010902,1.1666666666666667,XMEAS7-XMEAS11,0.5714285714285714,4
F20,219,0.42857142857142855,1.475076311054695,1.1666666666666667,XMEAS9-XMEAS11,0.42857142857142855,5
F20,220,0.7142857142857143,0.7963116401738131,1.75,XMEAS7-XMEAS11,0.7142857142857143,3
F20,221,0.2857142857142857,1.351783994289646,1.1666666666666667,XMEAS8-XMEAS9,0.2857142857142857,4
F20,222,0.42857142857142855,1.2770342594661392,1.0,XMEAS9-XMEAS11,0.42857142857142855,4
F20,223,0.2857142857142857,1.5498260458782016,1.1666666666666667,XMEAS7-XMEAS11,0.2857142857142857,5
F20,224,0.42857142857142855,1.2770342594661392,1.1666666666666667,XMEAS7-XMEAS10,0.42857142857142855,4
F20,225,0.42857142857142855,1.2770342594661392,1.4,XMEAS7-XMEAS11,0.42857142857142855,4
F20,226,0.5714285714285714,1.1537419427010902,1.4,XMEAS9-XMEAS11,0.5714285714285714,4
F20,227,0.5714285714285714,0.9556998911125343,1.75,XMEAS9-XMEAS11,0.5714285714285714,3
F20,228,0.2857142857142857,1.549826045878202,1.1666666666666667,XMEAS9-XMEAS10,0.2857142857142857,5
F20,229,0.2857142857142857,1.549826045878202,1.1666666666666667,XMEAS7-XMEAS11,0.2857142857142857,5
F20,230,0.42857142857142855,1.277034259466139,1.1666666666666667,XMEAS7-XMEAS11,0.42857142857142855,4
F20,231,0.5714285714285714,1.1537419427010902,1.1666666666666667,XMEAS7-XMEAS11,0.5714285714285714,4
F20,232,0.2857142857142857,1.5498260458782018,1.1666666666666667,XMEAS7-XMEAS9,0.2857142857142857,5
F20,233,0.42857142857142855,1.2770342594661392,1.1666666666666667,XMEAS7-XMEAS11,0.42857142857142855,4
F20,234,0.42857142857142855,1.277034259466139,1.1666666666666667,XMEAS7-XMEAS11,0.42857142857142855,4
F20,235,0.42857142857142855,1.2770342594661392,1.4,XMEAS7-XMEAS11,0.42857142857142855,4
F20,236,0.2857142857142857,1.5498260458782018,1.4,XMEAS7-XMEAS10,0.2857142857142857,5
F20,237,0.5714285714285714,0.9556998911125343,1.1666666666666667,XMEAS7-XMEAS11,0.5714285714285714,3
F20,238,0.2857142857142857,1.351783994289646,1.0,XMEAS7-XMEAS10,0.2857142857142857,4
F20,239,0.5714285714285714,1.15374194270109,1.4,XMEAS7-XMEAS11,0.5714285714285714,4
F20,240,0.5714285714285714,0.9556998911125343,2.3333333333333335,XMEAS7-XMEAS11,0.5714285714285714,3
F20,241,0.2857142857142857,1.351783994289646,1.0,XMEAS10-XMEAS11,0.2857142857142857,4
F20,242,0.2857142857142857,1.7478680974667578,1.0,XMEAS7-XMEAS11,0.2857142857142857,6
F20,243,0.8571428571428571,0.410116318288409,2.3333333333333335,XMEAS7-XMEAS11,0.8571428571428571,2
F20,244,0.42857142857142855,1.475076311054695,1.1666666666666667,XMEAS7-XMEAS11,0.42857142857142855,5
F20,245,0.42857142857142855,1.2770342594661392,1.0,XMEAS7-XMEAS11,0.42857142857142855,4
F20,246,0.42857142857142855,1.2770342594661392,1.0,XMEAS7-XMEAS10,0.42857142857142855,4
F20,247,0.2857142857142857,1.5498260458782016,1.1666666666666667,XMEAS8-XMEAS10,0.2857142857142857,5
F20,248,0.5714285714285714,0.9556998911125343,1.4,XMEAS7-XMEAS11,0.5714285714285714,3
F20,249,0.5714285714285714,1.1537419427010902,1.4,XMEAS7-XMEAS11,0.5714285714285714,4
F20,250,0.7142857142857143,0.7963116401738131,1.4,XMEAS7-XMEAS11,0.7142857142857143,3
F20,251,0.7142857142857143,0.7963116401738131,1.75,XMEAS7-XMEAS11,0.7142857142857143,3
F20,252,0.42857142857142855,1.2770342594661392,1.1666666666666667,XMEAS7-XMEAS11,0.42857142857142855,4
F20,253,0.42857142857142855,1.0042424730540764,1.4,XMEAS7-XMEAS10,0.42857142857142855,3
F20,254,0.42857142857142855,1.277034259466139,1.4,XMEAS9-XMEAS11,0.42857142857142855,4
F20,255,0.5714285714285714,1.1537419427010902,1.4,XMEAS7-XMEAS11,0.5714285714285714,4
F20,256,0.2857142857142857,1.7478680974667578,1.0,XMEAS9-XMEAS10,0.2857142857142857,6
F20,257,0.42857142857142855,1.277034259466139,1.1666666666666667,XMEAS7-XMEAS11,0.42857142857142855,4
F20,258,0.2857142857142857,1.351783994289646,1.1666666666666667,XMEAS7-XMEAS11,0.2857142857142857,4
F20,259,0.42857142857142855,1.2770342594661392,1.4,XMEAS7-XMEAS11,0.42857142857142855,4
F20,260,0.42857142857142855,1.2770342594661392,1.75,XMEAS7-XMEAS11,0.42857142857142855,4
F20,261,0.42857142857142855,1.2770342594661392,1.0,XMEAS7-XMEAS10,0.42857142857142855,4
F20,262,0.2857142857142857,1.7478680974667578,1.1666666666666667,XMEAS7-XMEAS11,0.2857142857142857,6
F20,263,0.2857142857142857,1.5498260458782016,1.0,XMEAS7-XMEAS8,0.2857142857142857,5
F20,264,0.42857142857142855,1.475076311054695,1.1666666666666667,XMEAS7-XMEAS11,0.42857142857142855,5
F20,265,0.2857142857142857,1.549826045878202,1.1666666666666667,XMEAS7-XMEAS10,0.2857142857142857,5
F20,266,0.42857142857142855,1.2770342594661392,1.1666666666666667,XMEAS7-XMEAS11,0.42857142857142855,4
F20,267,0.2857142857142857,1.5498260458782016,1.1666666666666667,XMEAS7-XMEAS8,0.2857142857142857,5
F20,268,0.5714285714285714,1.1537419427010902,1.1666666666666667,XMEAS7-XMEAS11,0.5714285714285714,4
F20,269,0.42857142857142855,1.2770342594661392,1.0,XMEAS8-XMEAS9,0.42857142857142855,4
F20,270,0.5714285714285714,1.1537419427010902,1.4,XMEAS7-XMEAS11,0.5714285714285714,4
F20,271,0.8571428571428571,0.410116318288409,3.5,XMEAS7-XMEAS11,0.8571428571428571,2
F20,272,0.2857142857142857,1.7478680974667578,1.0,XMEAS7-XMEAS11,0.2857142857142857,6
F20,273,0.42857142857142855,1.2770342594661392,1.0,XMEAS7-XMEAS11,0.42857142857142855,4
F20,274,0.5714285714285714,0.9556998911125343,1.4,XMEAS7-XMEAS11,0.5714285714285714,3
F20,275,0.5714285714285714,0.9556998911125343,1.4,XMEAS7-XMEAS11,0.5714285714285714,3
F20,276,0.42857142857142855,1.2770342594661392,1.4,XMEAS7-XMEAS11,0.42857142857142855,4
F20,277,0.42857142857142855,1.475076311054695,1.1666666666666667,XMEAS7-XMEAS11,0.42857142857142855,5
F20,278,0.2857142857142857,1.5498260458782016,1.0,XMEAS8-XMEAS9,0.2857142857142857,5
F20,279,0.5714285714285714,0.9556998911125343,1.75,XMEAS7-XMEAS11,0.5714285714285714,3
F20,280,0.42857142857142855,1.475076311054695,1.1666666666666667,XMEAS7-XMEAS11,0.42857142857142855,5
F20,281,0.7142857142857143,0.7963116401738131,1.4,XMEAS7-XMEAS11,0.7142857142857143,3
F20,282,0.2857142857142857,1.7478680974667578,1.1666666666666667,XMEAS7-XMEAS11,0.2857142857142857,6
F20,283,0.5714285714285714,1.1537419427010902,1.4,XMEAS7-XMEAS11,0.5714285714285714,4
F20,284,0.2857142857142857,1.7478680974667578,1.0,XMEAS7-XMEAS11,0.2857142857142857,6
F20,285,0.7142857142857143,0.7963116401738131,1.4,XMEAS7-XMEAS11,0.7142857142857143,3
F20,286,0.7142857142857143,0.7963116401738131,1.75,XMEAS7-XMEAS11,0.7142857142857143,3
F20,287,0.42857142857142855,1.277034259466139,1.0,XMEAS7-XMEAS11,0.42857142857142855,4
F20,288,0.2857142857142857,1.351783994289646,1.0,XMEAS8-XMEAS10,0.2857142857142857,4
F20,289,0.42857142857142855,1.4750763110546947,1.4,XMEAS7-XMEAS11,0.42857142857142855,5
F20,290,0.42857142857142855,1.475076311054695,1.1666666666666667,XMEAS7-XMEAS11,0.42857142857142855,5
F20,291,0.42857142857142855,1.277034259466139,1.0,XMEAS7-XMEAS10,0.42857142857142855,4
F20,292,0.2857142857142857,1.549826045878202,1.0,XMEAS7-XMEAS10,0.2857142857142857,5
F20,293,0.8571428571428571,0.410116318288409,2.3333333333333335,XMEAS7-XMEAS11,0.8571428571428571,2
F20,294,0.7142857142857143,0.796311640173813,2.3333333333333335,XMEAS7-XMEAS11,0.7142857142857143,3
F20,295,0.42857142857142855,1.475076311054695,1.1666666666666667,XMEAS7-XMEAS11,0.42857142857142855,5
F20,296,0.2857142857142857,1.5498260458782016,1.1666666666666667,XMEAS9-XMEAS11,0.2857142857142857,5
F20,297,0.5714285714285714,0.9556998911125343,1.75,XMEAS7-XMEAS11,0.5714285714285714,3
F20,298,0.42857142857142855,1.277034259466139,1.1666666666666667,XMEAS9-XMEAS11,0.42857142857142855,4
F20,299,0.42857142857142855,1.475076311054695,1.0,XMEAS7-XMEAS11,0.42857142857142855,5
F20,300,0.2857142857142857,1.549826045878202,1.4,XMEAS10-XMEAS11,0.2857142857142857,5
F20,301,0.42857142857142855,1.2770342594661392,1.0,XMEAS7-XMEAS11,0.42857142857142855,4
F20,302,0.42857142857142855,1.277034259466139,1.1666666666666667,XMEAS7-XMEAS11,0.42857142857142855,4
F20,303,0.42857142857142855,1.0789922078775833,1.75,XMEAS9-XMEAS11,0.42857142857142855,3
F20,304,0.42857142857142855,1.2770342594661392,1.1666666666666667,XMEAS8-XMEAS9,0.42857142857142855,4
F20,305,0.42857142857142855,1.277034259466139,1.1666666666666667,XMEAS7-XMEAS11,0.42857142857142855,4
F20,306,0.2857142857142857,1.351783994289646,1.1666666666666667,XMEAS7-XMEAS11,0.2857142857142857,4
F20,307,0.2857142857142857,1.7478680974667578,1.1666666666666667,XMEAS7-XMEAS10,0.2857142857142857,6
F20,308,0.42857142857142855,1.2770342594661392,1.1666666666666667,XMEAS7-XMEAS11,0.42857142857142855,4
F20,309,0.7142857142857143,0.7963116401738131,1.75,XMEAS7-XMEAS11,0.7142857142857143,3
F20,310,0.5714285714285714,0.9556998911125343,1.1666666666666667,XMEAS7-XMEAS11,0.5714285714285714,3
F20,311,0.42857142857142855,1.475076311054695,1.4,XMEAS7-XMEAS11,0.42857142857142855,5
F20,312,0.2857142857142857,1.7478680974667578,1.0,XMEAS8-XMEAS9,0.2857142857142857,6
F20,313,0.5714285714285714,0.9556998911125343,1.75,XMEAS7-XMEAS11,0.5714285714285714,3
F20,314,0.5714285714285714,1.1537419427010902,1.4,XMEAS7-XMEAS11,0.5714285714285714,4
F20,315,0.42857142857142855,1.475076311054695,1.1666666666666667,XMEAS7-XMEAS8,0.42857142857142855,5
F20,316,0.2857142857142857,1.351783994289646,1.1666666666666667,XMEAS7-XMEAS10,0.2857142857142857,4
F20,317,0.42857142857142855,1.277034259466139,1.4,XMEAS7-XMEAS11,0.42857142857142855,4
F20,318,0.42857142857142855,1.2770342594661392,1.1666666666666667,XMEAS7-XMEAS11,0.42857142857142855,4
F20,319,0.42857142857142855,1.2770342594661392,1.0,XMEAS9-XMEAS11,0.42857142857142855,4
F20,320,0.42857142857142855,1.2770342594661392,1.4,XMEAS7-XMEAS10,0.42857142857142855,4
F20,321,0.42857142857142855,1.2770342594661392,1.0,XMEAS7-XMEAS10,0.42857142857142855,4
F20,322,0.2857142857142857,1.549826045878202,1.0,XMEAS7-XMEAS10,0.2857142857142857,5
F20,323,0.42857142857142855,1.277034259466139,1.1666666666666667,XMEAS7-XMEAS11,0.42857142857142855,4
F20,324,0.2857142857142857,1.549826045878202,1.1666666666666667,XMEAS8-XMEAS9,0.2857142857142857,5
F20,325,0.2857142857142857,1.5498260458782016,1.1666666666666667,XMEAS7-XMEAS10,0.2857142857142857,5
F20,326,0.42857142857142855,1.475076311054695,1.0,XMEAS7-XMEAS11,0.42857142857142855,5
F20,327,0.42857142857142855,1.2770342594661392,1.1666666666666667,XMEAS7-XMEAS11,0.42857142857142855,4
F20,328,0.2857142857142857,1.5498260458782016,1.1666666666666667,XMEAS8-XMEAS9,0.2857142857142857,5
F20,329,0.2857142857142857,1.7478680974667578,1.0,XMEAS7-XMEAS10,0.2857142857142857,6
F20,330,0.2857142857142857,1.549826045878202,1.0,XMEAS9-XMEAS11,0.2857142857142857,5
F20,331,0.2857142857142857,1.7478680974667578,1.0,XMEAS7-XMEAS11,0.2857142857142857,6
F20,332,0.7142857142857143,0.7963116401738131,1.75,XMEAS7-XMEAS11,0.7142857142857143,3
F20,333,0.2857142857142857,1.7478680974667578,1.0,XMEAS8-XMEAS10,0.2857142857142857,6
F20,334,0.2857142857142857,1.549826045878202,1.0,XMEAS8-XMEAS10,0.2857142857142857,5
F20,335,0.42857142857142855,1.2770342594661392,1.4,XMEAS9-XMEAS11,0.42857142857142855,4
F20,336,0.7142857142857143,0.7963116401738131,1.75,XMEAS7-XMEAS11,0.7142857142857143,3
F20,337,0.42857142857142855,1.2770342594661392,1.0,XMEAS7-XMEAS11,0.42857142857142855,4
F20,338,0.2857142857142857,1.7478680974667578,1.1666666666666667,XMEAS7-XMEAS11,0.2857142857142857,6
F20,339,0.2857142857142857,1.5498260458782018,1.1666666666666667,XMEAS8-XMEAS10,0.2857142857142857,5
F20,340,0.42857142857142855,1.0042424730540764,1.4,XMEAS7-XMEAS10,0.42857142857142855,3
F20,341,0.2857142857142857,1.549826045878202,1.0,XMEAS10-XMEAS11,0.2857142857142857,5
F20,342,0.2857142857142857,1.5498260458782016,1.0,XMEAS9-XMEAS11,0.2857142857142857,5
F20,343,0.2857142857142857,1.549826045878202,1.0,XMEAS7-XMEAS11,0.2857142857142857,5
F20,344,0.2857142857142857,1.351783994289646,1.1666666666666667,XMEAS9-XMEAS11,0.2857142857142857,4
F20,345,0.14285714285714285,1.945910149055314,1.0,XMEAS7-XMEAS10,0.14285714285714285,7
F20,346,0.8571428571428571,0.410116318288409,2.3333333333333335,XMEAS7-XMEAS11,0.8571428571428571,2
F20,347,0.5714285714285714,0.9556998911125343,1.75,XMEAS7-XMEAS11,0.5714285714285714,3
F20,348,0.42857142857142855,1.2770342594661392,1.1666666666666667,XMEAS7-XMEAS11,0.42857142857142855,4
F20,349,0.42857142857142855,1.277034259466139,1.75,XMEAS7-XMEAS11,0.42857142857142855,4
F20,350,0.42857142857142855,1.0789922078775833,1.75,XMEAS7-XMEAS11,0.42857142857142855,3
F20,351,0.5714285714285714,1.1537419427010902,1.4,XMEAS9-XMEAS11,0.5714285714285714,4
F20,352,0.42857142857142855,1.2770342594661392,1.0,XMEAS8-XMEAS9,0.42857142857142855,4
F20,353,0.42857142857142855,1.2770342594661392,1.0,XMEAS7-XMEAS10,0.42857142857142855,4
F20,354,0.42857142857142855,1.0042424730540764,1.1666666666666667,XMEAS7-XMEAS11,0.42857142857142855,3
F20,355,0.5714285714285714,0.6829081047004717,1.75,XMEAS7-XMEAS10,0.5714285714285714,2
F20,356,0.2857142857142857,1.5498260458782016,1.1666666666666667,XMEAS7-XMEAS8,0.2857142857142857,5
F20,357,0.5714285714285714,1.1537419427010902,1.1666666666666667,XMEAS7-XMEAS11,0.5714285714285714,4
F20,358,0.2857142857142857,1.351783994289646,1.1666666666666667,XMEAS8-XMEAS9,0.2857142857142857,4
F20,359,0.7142857142857143,0.7963116401738131,1.4,XMEAS7-XMEAS11,0.7142857142857143,3
F20,360,0.2857142857142857,1.7478680974667578,1.1666666666666667,XMEAS7-XMEAS11,0.2857142857142857,6
F20,361,0.5714285714285714,0.9556998911125343,1.4,XMEAS7-XMEAS11,0.5714285714285714,3
F20,362,0.5714285714285714,1.1537419427010902,1.75,XMEAS9-XMEAS11,0.5714285714285714,4
F20,363,0.7142857142857143,0.7963116401738131,1.4,XMEAS7-XMEAS11,0.7142857142857143,3
F20,364,0.2857142857142857,1.7478680974667578,1.0,XMEAS7-XMEAS11,0.2857142857142857,6
F20,365,0.2857142857142857,1.549826045878202,1.1666666666666667,XMEAS10-XMEAS11,0.2857142857142857,5
F20,366,0.42857142857142855,1.2770342594661392,1.1666666666666667,XMEAS7-XMEAS11,0.42857142857142855,4
F20,367,0.5714285714285714,1.1537419427010902,1.4,XMEAS7-XMEAS11,0.5714285714285714,4
F20,368,0.2857142857142857,1.549826045878202,1.1666666666666667,XMEAS8-XMEAS10,0.2857142857142857,5
F20,369,0.42857142857142855,1.0789922078775833,1.4,XMEAS7-XMEAS11,0.42857142857142855,3
F20,370,0.5714285714285714,1.1537419427010902,1.4,XMEAS7-XMEAS11,0.5714285714285714,4
F20,371,0.42857142857142855,1.475076311054695,1.1666666666666667,XMEAS7-XMEAS11,0.42857142857142855,5
F20,372,0.2857142857142857,1.549826045878202,1.0,XMEAS8-XMEAS10,0.2857142857142857,5
F20,373,0.2857142857142857,1.351783994289646,1.0,XMEAS7-XMEAS10,0.2857142857142857,4
F20,374,0.2857142857142857,1.351783994289646,1.0,XMEAS10-XMEAS11,0.2857142857142857,4
F20,375,0.5714285714285714,1.1537419427010902,1.1666666666666667,XMEAS7-XMEAS11,0.5714285714285714,4
F20,376,0.2857142857142857,1.549826045878202,1.1666666666666667,XMEAS9-XMEAS11,0.2857142857142857,5
F20,377,0.2857142857142857,1.351783994289646,1.1666666666666667,XMEAS7-XMEAS11,0.2857142857142857,4
F20,378,0.42857142857142855,1.475076311054695,1.0,XMEAS7-XMEAS11,0.42857142857142855,5
F20,379,0.5714285714285714,1.1537419427010902,1.4,XMEAS9-XMEAS11,0.5714285714285714,4
F20,380,0.2857142857142857,1.5498260458782016,1.0,XMEAS9-XMEAS11,0.2857142857142857,5
F20,381,0.5714285714285714,0.9556998911125343,1.4,XMEAS7-XMEAS11,0.5714285714285714,3
F20,382,0.7142857142857143,0.7963116401738131,1.4,XMEAS7-XMEAS11,0.7142857142857143,3
F20,383,0.2857142857142857,1.351783994289646,1.0,XMEAS8-XMEAS9,0.2857142857142857,4
F20,384,0.5714285714285714,1.1537419427010902,1.4,XMEAS7-XMEAS11,0.5714285714285714,4
F20,385,0.42857142857142855,1.2770342594661392,1.0,XMEAS7-XMEAS10,0.42857142857142855,4
F20,386,0.42857142857142855,1.277034259466139,1.0,XMEAS7-XMEAS11,0.42857142857142855,4
F20,387,0.2857142857142857,1.549826045878202,1.0,XMEAS7-XMEAS11,0.2857142857142857,5
F20,388,0.42857142857142855,1.277034259466139,1.1666666666666667,XMEAS7-XMEAS11,0.42857142857142855,4
F20,389,0.2857142857142857,1.351783994289646,1.1666666666666667,XMEAS7-XMEAS11,0.2857142857142857,4
F20,390,0.7142857142857143,0.7963116401738131,1.75,XMEAS7-XMEAS11,0.7142857142857143,3
F20,391,0.2857142857142857,1.351783994289646,1.0,XMEAS7-XMEAS11,0.2857142857142857,4
F20,392,0.2857142857142857,1.549826045878202,1.1666666666666667,XMEAS7-XMEAS11,0.2857142857142857,5
F20,393,0.42857142857142855,1.0042424730540764,1.4,XMEAS7-XMEAS11,0.42857142857142855,3
F20,394,0.7142857142857143,0.7963116401738131,1.75,XMEAS7-XMEAS11,0.7142857142857143,3
F20,395,0.42857142857142855,1.2770342594661392,1.1666666666666667,XMEAS7-XMEAS11,0.42857142857142855,4
F20,396,0.2857142857142857,1.549826045878202,1.0,XMEAS9-XMEAS11,0.2857142857142857,5
F20,397,0.2857142857142857,1.549826045878202,1.0,XMEAS8-XMEAS10,0.2857142857142857,5
F20,398,0.42857142857142855,1.2770342594661392,1.4,XMEAS9-XMEAS11,0.42857142857142855,4
F20,399,0.42857142857142855,1.475076311054695,1.1666666666666667,XMEAS7-XMEAS11,0.42857142857142855,5
F20,400,0.42857142857142855,1.475076311054695,1.0,XMEAS7-XMEAS11,0.42857142857142855,5
F20,401,0.2857142857142857,1.7478680974667578,1.0,XMEAS7-XMEAS11,0.2857142857142857,6
F20,402,0.42857142857142855,1.2770342594661392,1.4,XMEAS7-XMEAS11,0.42857142857142855,4
F20,403,0.2857142857142857,1.351783994289646,1.1666666666666667,XMEAS9-XMEAS11,0.2857142857142857,4
F20,404,0.2857142857142857,1.7478680974667578,1.0,XMEAS7-XMEAS10,0.2857142857142857,6
F20,405,0.7142857142857143,0.5982695885852573,1.4,XMEAS7-XMEAS11,0.7142857142857143,2
F20,406,0.2857142857142857,1.549826045878202,1.0,XMEAS9-XMEAS11,0.2857142857142857,5
F20,407,0.2857142857142857,1.549826045878202,1.0,XMEAS7-XMEAS11,0.2857142857142857,5
F20,408,0.5714285714285714,1.1537419427010902,1.1666666666666667,XMEAS9-XMEAS11,0.5714285714285714,4
F20,409,0.42857142857142855,1.2770342594661392,1.75,XMEAS8-XMEAS9,0.42857142857142855,4
F20,410,0.2857142857142857,1.7478680974667578,1.0,XMEAS7-XMEAS8,0.2857142857142857,6
F20,411,0.5714285714285714,0.9556998911125343,1.4,XMEAS7-XMEAS11,0.5714285714285714,3
F20,412,0.42857142857142855,1.475076311054695,1.1666666666666667,XMEAS7-XMEAS11,0.42857142857142855,5
F20,413,0.42857142857142855,1.2770342594661392,1.0,XMEAS8-XMEAS10,0.42857142857142855,4
F20,414,0.5714285714285714,1.1537419427010902,1.1666666666666667,XMEAS7-XMEAS11,0.5714285714285714,4
F20,415,0.5714285714285714,0.9556998911125343,1.1666666666666667,XMEAS7-XMEAS11,0.5714285714285714,3
F20,416,0.42857142857142855,1.277034259466139,1.1666666666666667,XMEAS7-XMEAS11,0.42857142857142855,4
F20,417,0.2857142857142857,1.351783994289646,1.0,XMEAS7-XMEAS11,0.2857142857142857,4
F20,418,0.2857142857142857,1.549826045878202,1.0,XMEAS9-XMEAS10,0.2857142857142857,5
F20,419,0.42857142857142855,1.0789922078775833,1.4,XMEAS7-XMEAS11,0.42857142857142855,3
F20,420,0.5714285714285714,1.1537419427010902,1.75,XMEAS7-XMEAS11,0.5714285714285714,4
F20,421,0.2857142857142857,1.549826045878202,1.0,XMEAS8-XMEAS9,0.2857142857142857,5
F20,422,0.2857142857142857,1.7478680974667578,1.0,XMEAS7-XMEAS11,0.2857142857142857,6
F20,423,0.42857142857142855,1.2770342594661392,1.75,XMEAS8-XMEAS9,0.42857142857142855,4
F20,424,0.7142857142857143,0.7963116401738131,2.3333333333333335,XMEAS7-XMEAS11,0.7142857142857143,3
F20,425,0.42857142857142855,1.277034259466139,1.0,XMEAS7-XMEAS11,0.42857142857142855,4
F20,426,0.5714285714285714,1.1537419427010902,1.1666666666666667,XMEAS9-XMEAS11,0.5714285714285714,4
F20,427,0.42857142857142855,1.475076311054695,1.0,XMEAS7-XMEAS11,0.42857142857142855,5
F20,428,0.42857142857142855,1.277034259466139,1.0,XMEAS7-XMEAS11,0.42857142857142855,4
F20,429,0.2857142857142857,1.7478680974667578,1.0,XMEAS7-XMEAS10,0.2857142857142857,6
F20,430,0.2857142857142857,1.7478680974667578,1.0,XMEAS8-XMEAS10,0.2857142857142857,6
F20,431,0.2857142857142857,1.351783994289646,1.1666666666666667,XMEAS7-XMEAS9,0.2857142857142857,4
F20,432,0.2857142857142857,1.549826045878202,1.1666666666666667,XMEAS7-XMEAS11,0.2857142857142857,5
F20,433,0.42857142857142855,1.277034259466139,1.1666666666666667,XMEAS7-XMEAS11,0.42857142857142855,4
F20,434,0.5714285714285714,0.6829081047004717,1.1666666666666667,XMEAS9-XMEAS11,0.5714285714285714,2
F20,435,0.2857142857142857,1.549826045878202,1.0,XMEAS7-XMEAS11,0.2857142857142857,5
F20,436,0.42857142857142855,1.475076311054695,1.1666666666666667,XMEAS9-XMEAS11,0.42857142857142855,5
F20,437,0.42857142857142855,1.2770342594661392,1.1666666666666667,XMEAS9-XMEAS11,0.42857142857142855,4
F20,438,0.42857142857142855,1.0042424730540764,1.1666666666666667,XMEAS7-XMEAS9,0.42857142857142855,3
F20,439,0.42857142857142855,1.2770342594661392,1.4,XMEAS7-XMEAS10,0.42857142857142855,4
F20,440,0.42857142857142855,1.2770342594661392,1.4,XMEAS9-XMEAS11,0.42857142857142855,4
F20,441,0.5714285714285714,1.1537419427010902,1.1666666666666667,XMEAS7-XMEAS11,0.5714285714285714,4
F20,442,0.2857142857142857,1.549826045878202,1.1666666666666667,XMEAS7-XMEAS9,0.2857142857142857,5
F20,443,0.2857142857142857,1.549826045878202,1.0,XMEAS8-XMEAS10,0.2857142857142857,5
F20,444,0.42857142857142855,1.2770342594661392,1.4,XMEAS10-XMEAS11,0.42857142857142855,4
F20,445,0.2857142857142857,1.549826045878202,1.1666666666666667,XMEAS7-XMEAS11,0.2857142857142857,5
F20,446,0.8571428571428571,0.410116318288409,2.3333333333333335,XMEAS7-XMEAS11,0.8571428571428571,2
F20,447,0.2857142857142857,1.549826045878202,1.1666666666666667,XMEAS9-XMEAS11,0.2857142857142857,5
F20,448,0.42857142857142855,1.2770342594661392,1.0,XMEAS7-XMEAS11,0.42857142857142855,4
F20,449,0.42857142857142855,1.277034259466139,1.1666666666666667,XMEAS7-XMEAS11,0.42857142857142855,4
F20,450,0.2857142857142857,1.5498260458782016,1.4,XMEAS9-XMEAS11,0.2857142857142857,5
F20,451,0.42857142857142855,1.277034259466139,1.4,XMEAS7-XMEAS11,0.42857142857142855,4
F20,452,0.2857142857142857,1.549826045878202,1.0,XMEAS10-XMEAS11,0.2857142857142857,5
F20,453,0.42857142857142855,1.2770342594661392,1.75,XMEAS7-XMEAS11,0.42857142857142855,4
F20,454,0.2857142857142857,1.351783994289646,1.0,XMEAS9-XMEAS11,0.2857142857142857,4
F20,455,0.5714285714285714,1.1537419427010902,1.4,XMEAS7-XMEAS11,0.5714285714285714,4
F20,456,0.42857142857142855,1.277034259466139,1.4,XMEAS7-XMEAS11,0.42857142857142855,4
F20,457,0.42857142857142855,1.0042424730540764,1.1666666666666667,XMEAS7-XMEAS11,0.42857142857142855,3
F20,458,0.42857142857142855,1.475076311054695,1.0,XMEAS7-XMEAS11,0.42857142857142855,5
F20,459,0.7142857142857143,0.5982695885852573,2.3333333333333335,XMEAS7-XMEAS11,0.7142857142857143,2
F20,460,0.5714285714285714,1.1537419427010902,1.1666666666666667,XMEAS7-XMEAS11,0.5714285714285714,4
F20,461,0.2857142857142857,1.549826045878202,1.4,XMEAS9-XMEAS11,0.2857142857142857,5
F20,462,0.42857142857142855,1.2770342594661392,1.0,XMEAS7-XMEAS11,0.42857142857142855,4
F20,463,0.2857142857142857,1.5498260458782016,1.1666666666666667,XMEAS9-XMEAS11,0.2857142857142857,5
F20,464,0.42857142857142855,1.277034259466139,1.4,XMEAS7-XMEAS11,0.42857142857142855,4
F20,465,0.2857142857142857,1.5498260458782016,1.1666666666666667,XMEAS8-XMEAS9,0.2857142857142857,5
F20,466,0.2857142857142857,1.549826045878202,1.1666666666666667,XMEAS8-XMEAS10,0.2857142857142857,5
F20,467,0.8571428571428571,0.410116318288409,2.3333333333333335,XMEAS7-XMEAS11,0.8571428571428571,2
F20,468,0.42857142857142855,1.475076311054695,1.1666666666666667,XMEAS7-XMEAS11,0.42857142857142855,5
F20,469,0.5714285714285714,1.1537419427010902,1.4,XMEAS7-XMEAS11,0.5714285714285714,4
F20,470,0.2857142857142857,1.7478680974667578,1.0,XMEAS7-XMEAS11,0.2857142857142857,6
F20,471,0.5714285714285714,1.1537419427010902,1.4,XMEAS7-XMEAS11,0.5714285714285714,4
F20,472,0.42857142857142855,1.2770342594661392,1.1666666666666667,XMEAS7-XMEAS11,0.42857142857142855,4
F20,473,0.7142857142857143,0.796311640173813,2.3333333333333335,XMEAS7-XMEAS11,0.7142857142857143,3
F20,474,0.5714285714285714,1.1537419427010902,1.1666666666666667,XMEAS7-XMEAS11,0.5714285714285714,4
F20,475,0.2857142857142857,1.351783994289646,1.0,XMEAS7-XMEAS11,0.2857142857142857,4
F20,476,0.42857142857142855,1.2770342594661392,1.0,XMEAS7-XMEAS11,0.42857142857142855,4
F20,477,0.2857142857142857,1.549826045878202,1.0,XMEAS7-XMEAS11,0.2857142857142857,5
F20,478,0.42857142857142855,1.0042424730540764,1.1666666666666667,XMEAS9-XMEAS11,0.42857142857142855,3
F20,479,0.2857142857142857,1.7478680974667578,1.0,XMEAS8-XMEAS10,0.2857142857142857,6
F20,480,0.2857142857142857,1.7478680974667578,1.1666666666666667,XMEAS7-XMEAS11,0.2857142857142857,6
F20,481,0.2857142857142857,1.7478680974667578,1.0,XMEAS7-XMEAS10,0.2857142857142857,6
F20,482,0.5714285714285714,1.1537419427010902,1.75,XMEAS7-XMEAS11,0.5714285714285714,4
F20,483,0.42857142857142855,1.0042424730540764,1.4,XMEAS7-XMEAS10,0.42857142857142855,3
F20,484,0.42857142857142855,1.277034259466139,1.1666666666666667,XMEAS7-XMEAS11,0.42857142857142855,4
F20,485,0.42857142857142855,1.475076311054695,1.0,XMEAS7-XMEAS11,0.42857142857142855,5
F20,486,0.8571428571428571,0.410116318288409,2.3333333333333335,XMEAS7-XMEAS11,0.8571428571428571,2
F20,487,0.5714285714285714,1.1537419427010902,1.1666666666666667,XMEAS7-XMEAS11,0.5714285714285714,4
F20,488,0.5714285714285714,1.15374194270109,1.75,XMEAS7-XMEAS11,0.5714285714285714,4
F20,489,0.5714285714285714,0.9556998911125343,1.0,XMEAS7-XMEAS11,0.5714285714285714,3
F20,490,0.7142857142857143,0.5982695885852573,1.4,XMEAS7-XMEAS11,0.7142857142857143,2
F20,491,0.42857142857142855,1.277034259466139,1.1666666666666667,XMEAS8-XMEAS9,0.42857142857142855,4
F20,492,0.7142857142857143,0.7963116401738131,1.75,XMEAS7-XMEAS11,0.7142857142857143,3
F20,493,0.2857142857142857,1.5498260458782016,1.0,XMEAS9-XMEAS11,0.2857142857142857,5
F20,494,0.42857142857142855,1.277034259466139,1.0,XMEAS7-XMEAS11,0.42857142857142855,4
F20,495,0.7142857142857143,0.7963116401738131,1.75,XMEAS7-XMEAS11,0.7142857142857143,3
F20,496,0.42857142857142855,1.2770342594661392,1.0,XMEAS7-XMEAS11,0.42857142857142855,4
F20,497,0.42857142857142855,1.2770342594661392,1.0,XMEAS7-XMEAS8,0.42857142857142855,4
F20,498,0.42857142857142855,1.475076311054695,1.0,XMEAS8-XMEAS9,0.42857142857142855,5
F20,499,0.2857142857142857,1.7478680974667578,1.1666666666666667,XMEAS9-XMEAS11,0.2857142857142857,6
F20,500,0.2857142857142857,1.7478680974667573,1.1666666666666667,XMEAS7-XMEAS9,0.2857142857142857,6
